temperature,vibration,current,status
35.62,0.2,4.25,NORMAL
46.05,0.27,4.45,WARNING
54.5,0.65,8.15,FAILURE RISK
44.0,0.16,4.32,NORMAL
43.18,0.25,5.13,WARNING
89.48,0.27,11.98,FAILURE RISK
43.26,0.13,4.03,NORMAL
45.46,0.27,5.21,WARNING
51.79,0.65,5.12,FAILURE RISK
37.47,0.17,4.69,NORMAL
44.91,0.26,4.26,WARNING
49.36,0.84,11.77,FAILURE RISK
43.27,0.06,3.56,NORMAL
43.77,0.23,4.47,WARNING
59.27,0.42,8.65,FAILURE RISK
35.28,0.15,3.89,NORMAL
47.85,0.25,5.54,WARNING
72.98,0.41,5.93,FAILURE RISK
35.53,0.12,4.6,NORMAL
44.16,0.23,5.4,WARNING
51.21,0.25,5.88,FAILURE RISK
41.09,0.12,4.26,NORMAL
44.79,0.23,4.34,WARNING
78.2,0.81,10.25,FAILURE RISK
40.52,0.12,3.89,NORMAL
43.07,0.22,5.26,WARNING
71.95,0.56,4.58,FAILURE RISK
38.23,0.06,4.5,NORMAL
42.92,0.19,5.66,WARNING
86.57,0.58,11.42,FAILURE RISK
39.57,0.13,3.24,NORMAL
43.0,0.22,4.71,WARNING
87.46,0.5,9.87,FAILURE RISK
41.05,0.18,3.97,NORMAL
47.17,0.24,4.01,WARNING
56.96,0.64,8.47,FAILURE RISK
40.18,0.11,4.27,NORMAL
45.68,0.22,5.13,WARNING
82.87,0.86,9.63,FAILURE RISK
38.08,0.1,4.25,NORMAL
42.88,0.25,4.88,WARNING
79.08,0.68,7.16,FAILURE RISK
37.1,0.2,5.12,NORMAL
46.0,0.26,5.44,WARNING
67.63,0.67,6.15,FAILURE RISK
37.48,0.11,4.61,NORMAL
40.24,0.25,5.24,WARNING
52.97,0.34,8.68,FAILURE RISK
43.19,0.11,3.64,NORMAL
43.41,0.23,5.09,WARNING
85.18,0.57,6.78,FAILURE RISK
35.44,0.13,4.91,NORMAL
47.08,0.27,4.29,WARNING
69.1,0.77,6.18,FAILURE RISK
43.92,0.12,4.94,NORMAL
40.94,0.17,5.53,WARNING
64.04,0.75,5.8,FAILURE RISK
44.7,0.11,4.19,NORMAL
43.08,0.22,4.64,WARNING
86.29,0.72,5.87,FAILURE RISK
35.58,0.16,4.36,NORMAL
46.01,0.26,5.47,WARNING
57.9,0.51,6.78,FAILURE RISK
41.82,0.1,4.9,NORMAL
46.84,0.24,4.79,WARNING
89.78,0.43,8.27,FAILURE RISK
38.07,0.09,3.97,NORMAL
45.41,0.17,5.11,WARNING
49.08,0.2,5.19,FAILURE RISK
35.45,0.1,4.94,NORMAL
46.67,0.16,5.48,WARNING
48.52,0.77,11.03,FAILURE RISK
42.46,0.16,4.94,NORMAL
47.57,0.2,4.38,WARNING
77.71,0.65,7.7,FAILURE RISK
35.39,0.15,4.45,NORMAL
42.02,0.27,4.44,WARNING
62.22,0.38,7.01,FAILURE RISK
43.89,0.17,3.23,NORMAL
47.61,0.24,4.24,WARNING
49.61,0.6,11.73,FAILURE RISK
40.96,0.12,3.78,NORMAL
41.43,0.24,4.39,WARNING
82.18,0.49,6.52,FAILURE RISK
35.61,0.19,5.17,NORMAL
42.0,0.27,4.52,WARNING
50.49,0.38,9.75,FAILURE RISK
44.87,0.18,4.87,NORMAL
40.18,0.15,5.32,WARNING
75.87,0.27,9.83,FAILURE RISK
38.07,0.08,4.11,NORMAL
41.86,0.18,5.53,WARNING
74.4,0.47,10.48,FAILURE RISK
42.75,0.14,3.63,NORMAL
41.02,0.16,5.4,WARNING
47.03,0.49,10.63,FAILURE RISK
42.35,0.14,3.42,NORMAL
47.32,0.21,4.04,WARNING
75.77,0.85,5.61,FAILURE RISK
36.04,0.07,3.02,NORMAL
40.19,0.26,5.01,WARNING
88.86,0.53,8.49,FAILURE RISK
42.11,0.11,4.38,NORMAL
47.69,0.26,4.63,WARNING
84.91,0.68,6.3,FAILURE RISK
40.26,0.16,3.91,NORMAL
43.77,0.22,4.9,WARNING
81.5,0.56,10.43,FAILURE RISK
40.4,0.09,3.18,NORMAL
42.6,0.23,4.76,WARNING
73.96,0.83,10.88,FAILURE RISK
43.64,0.15,4.97,NORMAL
43.02,0.22,4.8,WARNING
87.55,0.94,9.18,FAILURE RISK
43.08,0.11,3.78,NORMAL
44.16,0.19,5.5,WARNING
58.63,0.38,8.01,FAILURE RISK
39.99,0.19,4.99,NORMAL
45.61,0.26,4.67,WARNING
52.36,0.99,4.78,FAILURE RISK
41.48,0.15,4.44,NORMAL
40.53,0.24,4.53,WARNING
79.98,0.3,9.69,FAILURE RISK
40.66,0.07,3.14,NORMAL
45.18,0.24,5.55,WARNING
72.89,0.57,8.69,FAILURE RISK
43.91,0.18,4.22,NORMAL
42.55,0.18,5.22,WARNING
59.47,0.29,9.61,FAILURE RISK
40.87,0.09,3.78,NORMAL
44.84,0.21,5.3,WARNING
82.65,0.28,9.66,FAILURE RISK
41.46,0.08,5.06,NORMAL
45.32,0.16,5.2,WARNING
75.88,0.79,5.06,FAILURE RISK
40.74,0.08,4.47,NORMAL
43.07,0.25,5.6,WARNING
73.38,0.61,5.19,FAILURE RISK
42.81,0.19,5.14,NORMAL
47.54,0.24,4.29,WARNING
70.97,0.36,9.5,FAILURE RISK
43.49,0.19,3.28,NORMAL
41.83,0.24,5.63,WARNING
54.13,0.84,5.36,FAILURE RISK
41.18,0.05,3.14,NORMAL
40.19,0.24,4.67,WARNING
47.31,0.22,8.2,FAILURE RISK
44.49,0.12,3.5,NORMAL
46.97,0.17,4.35,WARNING
82.84,0.55,9.85,FAILURE RISK
39.18,0.07,3.84,NORMAL
41.2,0.2,5.68,WARNING
85.37,0.27,10.17,FAILURE RISK
41.81,0.06,4.76,NORMAL
46.77,0.2,5.24,WARNING
62.15,0.68,8.39,FAILURE RISK
39.65,0.06,3.41,NORMAL
44.3,0.25,5.29,WARNING
77.71,0.73,6.99,FAILURE RISK
38.95,0.13,3.29,NORMAL
45.1,0.24,5.59,WARNING
82.83,0.31,10.5,FAILURE RISK
35.49,0.07,4.72,NORMAL
44.46,0.26,4.77,WARNING
83.5,0.89,10.72,FAILURE RISK
35.48,0.07,4.49,NORMAL
44.96,0.26,4.37,WARNING
63.35,0.86,10.55,FAILURE RISK
38.75,0.2,5.08,NORMAL
42.16,0.25,4.49,WARNING
75.7,0.36,6.67,FAILURE RISK
39.87,0.16,4.69,NORMAL
47.25,0.2,4.77,WARNING
49.71,0.67,5.37,FAILURE RISK
42.39,0.06,4.02,NORMAL
47.09,0.16,4.47,WARNING
82.12,0.73,9.37,FAILURE RISK
39.85,0.05,4.46,NORMAL
46.08,0.18,4.19,WARNING
51.79,0.37,9.45,FAILURE RISK
42.47,0.06,3.23,NORMAL
44.68,0.15,5.39,WARNING
86.99,0.77,7.01,FAILURE RISK
36.68,0.1,3.36,NORMAL
47.89,0.17,4.77,WARNING
88.56,0.79,4.52,FAILURE RISK
37.95,0.06,4.07,NORMAL
45.03,0.18,5.41,WARNING
56.74,0.24,7.96,FAILURE RISK
44.89,0.09,4.85,NORMAL
46.14,0.24,5.07,WARNING
86.93,0.32,8.6,FAILURE RISK
40.5,0.05,3.21,NORMAL
46.87,0.15,4.45,WARNING
71.69,0.44,9.87,FAILURE RISK
35.06,0.21,3.77,NORMAL
43.68,0.22,5.29,WARNING
53.54,0.84,8.16,FAILURE RISK
39.55,0.09,5.03,NORMAL
44.29,0.23,4.59,WARNING
73.24,0.61,9.82,FAILURE RISK
39.07,0.1,4.65,NORMAL
43.59,0.25,4.51,WARNING
68.08,0.34,8.01,FAILURE RISK
40.33,0.18,4.91,NORMAL
46.25,0.22,4.02,WARNING
88.6,0.63,8.22,FAILURE RISK
44.76,0.16,3.6,NORMAL
42.61,0.21,5.28,WARNING
62.06,0.53,11.6,FAILURE RISK
36.68,0.14,4.48,NORMAL
45.39,0.17,4.28,WARNING
76.93,0.38,7.8,FAILURE RISK
38.61,0.14,4.43,NORMAL
46.23,0.18,4.51,WARNING
81.07,0.41,5.29,FAILURE RISK
44.17,0.21,3.5,NORMAL
45.27,0.25,4.39,WARNING
78.54,0.72,8.31,FAILURE RISK
36.82,0.11,5.19,NORMAL
47.6,0.23,5.12,WARNING
68.14,0.21,5.18,FAILURE RISK
38.61,0.15,3.03,NORMAL
47.63,0.16,4.91,WARNING
48.01,0.22,7.02,FAILURE RISK
44.14,0.19,4.8,NORMAL
41.91,0.26,5.24,WARNING
47.77,0.75,11.32,FAILURE RISK
40.72,0.12,3.0,NORMAL
43.98,0.27,4.33,WARNING
66.73,0.34,5.26,FAILURE RISK
44.75,0.14,3.93,NORMAL
47.85,0.23,5.28,WARNING
63.83,0.33,5.34,FAILURE RISK
42.85,0.07,5.1,NORMAL
46.31,0.16,4.33,WARNING
64.75,0.54,10.96,FAILURE RISK
42.72,0.2,4.03,NORMAL
40.48,0.19,5.62,WARNING
69.02,0.4,8.03,FAILURE RISK
36.62,0.18,3.73,NORMAL
46.5,0.24,4.75,WARNING
46.71,0.8,11.78,FAILURE RISK
38.08,0.18,4.86,NORMAL
40.26,0.27,5.13,WARNING
53.0,0.67,7.16,FAILURE RISK
39.67,0.15,4.61,NORMAL
42.13,0.25,4.7,WARNING
55.25,0.92,5.03,FAILURE RISK
42.28,0.1,4.89,NORMAL
47.53,0.27,4.24,WARNING
69.12,0.26,11.56,FAILURE RISK
43.39,0.1,3.2,NORMAL
44.49,0.16,5.58,WARNING
77.63,0.45,6.88,FAILURE RISK
41.86,0.21,3.16,NORMAL
44.16,0.18,5.68,WARNING
53.66,0.35,11.35,FAILURE RISK
35.83,0.16,4.58,NORMAL
46.1,0.18,5.35,WARNING
65.99,0.46,6.06,FAILURE RISK
36.58,0.09,4.49,NORMAL
43.27,0.17,5.24,WARNING
75.44,0.28,7.39,FAILURE RISK
38.59,0.16,4.52,NORMAL
40.13,0.24,4.56,WARNING
86.82,0.27,7.74,FAILURE RISK
35.88,0.07,4.96,NORMAL
43.1,0.27,5.41,WARNING
66.15,0.4,5.92,FAILURE RISK
44.78,0.11,3.87,NORMAL
45.34,0.24,5.47,WARNING
88.74,0.24,9.52,FAILURE RISK
38.92,0.15,5.0,NORMAL
45.53,0.23,4.7,WARNING
60.81,0.23,8.31,FAILURE RISK
43.53,0.21,4.63,NORMAL
44.92,0.25,4.83,WARNING
78.77,0.3,6.0,FAILURE RISK
43.89,0.16,5.08,NORMAL
41.34,0.22,4.47,WARNING
84.53,0.64,8.87,FAILURE RISK
40.62,0.15,3.62,NORMAL
47.76,0.19,4.71,WARNING
67.44,0.88,4.91,FAILURE RISK
43.24,0.19,3.87,NORMAL
45.85,0.22,4.94,WARNING
69.03,0.45,6.42,FAILURE RISK
41.09,0.11,4.36,NORMAL
47.67,0.22,4.01,WARNING
75.9,0.32,9.83,FAILURE RISK
41.44,0.13,3.58,NORMAL
41.69,0.27,4.19,WARNING
76.83,0.79,8.73,FAILURE RISK
42.15,0.21,4.69,NORMAL
42.13,0.25,5.14,WARNING
59.39,0.41,5.2,FAILURE RISK
35.06,0.06,3.27,NORMAL
44.97,0.15,5.23,WARNING
60.09,0.45,9.61,FAILURE RISK
35.12,0.17,4.24,NORMAL
47.68,0.2,4.06,WARNING
63.17,0.44,11.76,FAILURE RISK
44.48,0.1,3.71,NORMAL
46.02,0.21,5.39,WARNING
82.34,0.74,11.9,FAILURE RISK
42.43,0.16,4.64,NORMAL
40.79,0.22,4.17,WARNING
46.44,0.27,8.44,FAILURE RISK
43.92,0.11,4.38,NORMAL
47.86,0.18,4.58,WARNING
79.88,0.46,9.49,FAILURE RISK
41.98,0.19,3.25,NORMAL
45.78,0.27,5.3,WARNING
65.95,0.68,10.6,FAILURE RISK
39.84,0.11,4.63,NORMAL
47.98,0.27,4.95,WARNING
47.4,0.52,10.61,FAILURE RISK
40.62,0.09,4.17,NORMAL
40.29,0.19,5.48,WARNING
74.14,0.6,9.43,FAILURE RISK
36.07,0.19,3.1,NORMAL
47.0,0.16,5.3,WARNING
73.04,0.36,9.14,FAILURE RISK
36.05,0.2,4.54,NORMAL
46.34,0.2,4.46,WARNING
52.43,0.39,9.52,FAILURE RISK
41.69,0.15,4.97,NORMAL
41.32,0.19,5.58,WARNING
76.8,0.63,8.21,FAILURE RISK
44.66,0.1,3.96,NORMAL
40.32,0.18,5.69,WARNING
61.49,0.67,11.67,FAILURE RISK
40.75,0.11,3.24,NORMAL
45.28,0.25,5.61,WARNING
77.0,0.62,4.74,FAILURE RISK
39.58,0.1,4.09,NORMAL
44.41,0.16,5.43,WARNING
78.67,0.69,10.28,FAILURE RISK
43.18,0.11,5.19,NORMAL
43.74,0.24,5.42,WARNING
80.3,0.68,11.61,FAILURE RISK
38.0,0.13,3.38,NORMAL
43.28,0.25,4.25,WARNING
55.3,0.57,8.45,FAILURE RISK
40.68,0.12,4.95,NORMAL
47.7,0.2,5.13,WARNING
84.62,0.54,8.01,FAILURE RISK
43.46,0.14,5.01,NORMAL
45.22,0.24,4.67,WARNING
81.39,0.32,9.65,FAILURE RISK
42.05,0.13,4.18,NORMAL
47.4,0.21,4.58,WARNING
58.83,0.24,10.31,FAILURE RISK
36.69,0.05,5.18,NORMAL
42.79,0.23,4.81,WARNING
59.11,0.58,6.01,FAILURE RISK
38.68,0.21,3.26,NORMAL
41.38,0.25,4.22,WARNING
46.04,0.24,9.73,FAILURE RISK
42.26,0.19,4.75,NORMAL
46.53,0.24,4.06,WARNING
86.53,0.94,5.03,FAILURE RISK
44.43,0.08,3.89,NORMAL
45.84,0.27,4.09,WARNING
51.4,0.69,6.06,FAILURE RISK
39.94,0.16,3.73,NORMAL
41.94,0.22,4.76,WARNING
60.24,0.89,11.29,FAILURE RISK
43.48,0.18,4.37,NORMAL
45.8,0.18,4.86,WARNING
60.09,0.61,6.13,FAILURE RISK
42.87,0.12,4.22,NORMAL
46.42,0.21,4.25,WARNING
53.92,0.86,6.39,FAILURE RISK
36.11,0.17,3.7,NORMAL
45.32,0.15,5.68,WARNING
45.91,0.69,6.96,FAILURE RISK
43.57,0.08,4.78,NORMAL
44.67,0.21,5.42,WARNING
47.61,0.9,8.49,FAILURE RISK
44.39,0.07,5.09,NORMAL
41.48,0.22,4.01,WARNING
78.47,0.66,5.96,FAILURE RISK
39.32,0.1,4.08,NORMAL
47.92,0.23,5.11,WARNING
61.93,0.81,6.52,FAILURE RISK
38.01,0.19,4.43,NORMAL
47.51,0.23,5.13,WARNING
45.23,0.72,5.71,FAILURE RISK
35.89,0.08,3.15,NORMAL
45.06,0.23,5.64,WARNING
61.39,0.87,11.69,FAILURE RISK
36.81,0.06,3.41,NORMAL
42.56,0.24,4.55,WARNING
64.5,0.72,7.09,FAILURE RISK
41.55,0.11,5.06,NORMAL
46.01,0.25,5.62,WARNING
54.24,0.58,5.35,FAILURE RISK
43.41,0.14,3.56,NORMAL
46.52,0.27,4.3,WARNING
65.11,0.54,11.89,FAILURE RISK
39.17,0.16,4.53,NORMAL
40.82,0.2,5.21,WARNING
67.6,0.7,8.12,FAILURE RISK
39.33,0.13,3.82,NORMAL
43.15,0.26,5.0,WARNING
82.95,0.58,5.37,FAILURE RISK
44.31,0.1,4.21,NORMAL
47.13,0.25,4.71,WARNING
53.07,0.32,4.64,FAILURE RISK
42.22,0.21,4.82,NORMAL
41.23,0.15,5.42,WARNING
55.66,0.79,11.57,FAILURE RISK
39.63,0.11,3.93,NORMAL
46.37,0.2,4.11,WARNING
76.14,0.48,9.67,FAILURE RISK
37.77,0.08,3.84,NORMAL
46.99,0.26,5.24,WARNING
80.18,0.58,10.88,FAILURE RISK
37.65,0.19,4.07,NORMAL
43.06,0.27,4.23,WARNING
46.37,0.43,9.76,FAILURE RISK
42.76,0.17,4.9,NORMAL
47.65,0.26,4.1,WARNING
59.88,0.8,10.73,FAILURE RISK
41.32,0.13,3.56,NORMAL
47.44,0.15,5.38,WARNING
78.2,0.31,4.77,FAILURE RISK
41.34,0.06,3.95,NORMAL
44.84,0.27,4.98,WARNING
70.9,0.47,6.42,FAILURE RISK
36.87,0.16,3.89,NORMAL
44.41,0.2,5.36,WARNING
62.8,0.52,4.84,FAILURE RISK
36.52,0.14,4.78,NORMAL
47.34,0.23,5.56,WARNING
70.91,0.73,8.95,FAILURE RISK
40.51,0.19,4.33,NORMAL
40.18,0.22,4.29,WARNING
51.97,0.22,7.1,FAILURE RISK
42.97,0.06,5.1,NORMAL
43.26,0.19,5.66,WARNING
63.88,0.28,10.75,FAILURE RISK
36.01,0.05,4.58,NORMAL
44.1,0.25,5.22,WARNING
54.53,0.91,4.65,FAILURE RISK
41.33,0.13,4.25,NORMAL
44.01,0.26,4.15,WARNING
83.37,0.87,8.74,FAILURE RISK
35.05,0.09,3.98,NORMAL
47.48,0.21,4.26,WARNING
52.04,0.45,11.91,FAILURE RISK
42.19,0.09,3.05,NORMAL
43.67,0.23,4.41,WARNING
68.43,0.69,10.03,FAILURE RISK
40.5,0.2,4.84,NORMAL
45.33,0.15,5.25,WARNING
76.85,0.32,7.12,FAILURE RISK
41.49,0.06,4.28,NORMAL
46.93,0.25,4.16,WARNING
66.44,0.63,7.42,FAILURE RISK
42.06,0.15,4.4,NORMAL
47.64,0.26,5.48,WARNING
84.87,0.3,7.27,FAILURE RISK
38.6,0.12,3.11,NORMAL
47.69,0.22,4.95,WARNING
79.34,0.44,9.57,FAILURE RISK
42.6,0.16,4.64,NORMAL
47.73,0.25,4.8,WARNING
52.97,0.81,4.56,FAILURE RISK
36.81,0.21,3.27,NORMAL
42.27,0.19,5.63,WARNING
87.28,0.58,7.68,FAILURE RISK
38.43,0.16,5.07,NORMAL
47.1,0.17,4.2,WARNING
66.28,0.37,10.34,FAILURE RISK
43.8,0.11,3.93,NORMAL
40.99,0.27,5.57,WARNING
50.2,0.21,8.55,FAILURE RISK
41.07,0.14,4.37,NORMAL
42.65,0.23,4.39,WARNING
62.63,0.2,10.63,FAILURE RISK
42.38,0.15,5.04,NORMAL
44.27,0.25,4.27,WARNING
71.88,0.21,9.59,FAILURE RISK
36.12,0.15,4.08,NORMAL
45.32,0.16,5.15,WARNING
83.45,0.29,4.63,FAILURE RISK
38.5,0.11,3.78,NORMAL
46.39,0.17,4.51,WARNING
50.21,0.35,11.29,FAILURE RISK
44.37,0.07,3.65,NORMAL
45.64,0.17,5.54,WARNING
68.86,0.98,7.82,FAILURE RISK
41.6,0.21,4.71,NORMAL
46.92,0.18,4.9,WARNING
56.25,0.72,10.65,FAILURE RISK
37.92,0.08,4.89,NORMAL
47.47,0.25,4.35,WARNING
57.35,0.47,8.08,FAILURE RISK
38.64,0.09,3.05,NORMAL
47.04,0.19,5.55,WARNING
73.52,0.59,9.31,FAILURE RISK
39.89,0.12,4.45,NORMAL
45.08,0.19,5.51,WARNING
52.8,0.22,9.95,FAILURE RISK
35.11,0.19,5.1,NORMAL
44.2,0.24,5.58,WARNING
57.11,0.3,7.41,FAILURE RISK
38.12,0.06,4.25,NORMAL
45.31,0.23,4.57,WARNING
86.61,0.51,10.77,FAILURE RISK
42.92,0.06,3.39,NORMAL
46.02,0.18,4.39,WARNING
86.38,0.67,6.03,FAILURE RISK
41.64,0.12,3.12,NORMAL
47.42,0.23,5.62,WARNING
82.98,0.35,7.22,FAILURE RISK
44.28,0.12,3.17,NORMAL
43.16,0.25,5.38,WARNING
73.21,0.91,9.72,FAILURE RISK
42.35,0.11,3.07,NORMAL
41.03,0.19,5.42,WARNING
60.02,0.24,10.85,FAILURE RISK
44.68,0.15,3.94,NORMAL
44.29,0.23,4.49,WARNING
85.48,0.22,10.73,FAILURE RISK
41.34,0.11,3.63,NORMAL
41.49,0.26,5.14,WARNING
84.94,0.79,11.91,FAILURE RISK
44.88,0.18,3.53,NORMAL
40.99,0.17,5.6,WARNING
83.23,0.93,6.87,FAILURE RISK
35.64,0.21,4.66,NORMAL
43.15,0.16,5.65,WARNING
65.16,0.61,6.13,FAILURE RISK
41.74,0.06,3.08,NORMAL
43.99,0.22,4.37,WARNING
54.65,0.64,5.05,FAILURE RISK
43.77,0.19,5.06,NORMAL
44.95,0.22,5.04,WARNING
81.66,0.54,11.0,FAILURE RISK
41.09,0.18,4.34,NORMAL
46.51,0.22,4.84,WARNING
60.33,0.75,8.22,FAILURE RISK
40.12,0.17,3.92,NORMAL
47.82,0.2,4.97,WARNING
89.2,0.82,4.99,FAILURE RISK
37.43,0.2,3.72,NORMAL
42.68,0.25,5.18,WARNING
89.31,0.47,8.59,FAILURE RISK
44.22,0.18,3.89,NORMAL
45.25,0.21,5.66,WARNING
88.1,0.63,9.78,FAILURE RISK
36.07,0.08,3.8,NORMAL
46.5,0.19,4.17,WARNING
64.73,0.91,4.75,FAILURE RISK
44.96,0.14,4.14,NORMAL
47.86,0.18,4.97,WARNING
81.94,0.95,9.3,FAILURE RISK
35.76,0.21,4.35,NORMAL
46.17,0.2,4.82,WARNING
59.34,0.91,6.91,FAILURE RISK
35.35,0.13,4.82,NORMAL
44.17,0.25,5.54,WARNING
80.92,1.0,5.62,FAILURE RISK
39.81,0.2,4.88,NORMAL
47.13,0.23,4.54,WARNING
69.54,0.84,9.75,FAILURE RISK
36.21,0.15,3.06,NORMAL
44.03,0.17,5.53,WARNING
54.34,0.8,5.23,FAILURE RISK
37.85,0.2,4.62,NORMAL
41.54,0.24,4.67,WARNING
84.16,0.45,6.9,FAILURE RISK
42.95,0.17,4.47,NORMAL
45.86,0.23,5.58,WARNING
63.58,0.27,10.45,FAILURE RISK
44.69,0.2,4.56,NORMAL
43.43,0.25,4.21,WARNING
63.29,0.36,5.71,FAILURE RISK
40.78,0.2,5.04,NORMAL
41.41,0.15,5.35,WARNING
45.87,0.31,10.48,FAILURE RISK
35.22,0.06,3.96,NORMAL
46.59,0.27,4.55,WARNING
58.8,0.99,11.2,FAILURE RISK
37.49,0.13,4.8,NORMAL
45.26,0.23,4.03,WARNING
68.21,0.97,5.96,FAILURE RISK
41.39,0.09,5.17,NORMAL
43.61,0.25,5.09,WARNING
63.24,0.44,5.56,FAILURE RISK
39.6,0.12,4.71,NORMAL
44.96,0.24,4.95,WARNING
54.16,0.86,7.27,FAILURE RISK
36.61,0.2,3.07,NORMAL
40.16,0.17,5.59,WARNING
58.94,0.44,11.58,FAILURE RISK
39.16,0.1,3.6,NORMAL
42.99,0.27,5.69,WARNING
81.31,0.44,6.98,FAILURE RISK
36.26,0.12,4.71,NORMAL
47.18,0.27,4.07,WARNING
50.93,0.46,11.09,FAILURE RISK
41.95,0.19,3.89,NORMAL
43.88,0.26,4.1,WARNING
50.27,0.83,10.97,FAILURE RISK
39.39,0.07,4.01,NORMAL
43.55,0.15,5.61,WARNING
82.17,0.35,10.56,FAILURE RISK
42.41,0.07,3.7,NORMAL
43.07,0.24,4.7,WARNING
83.65,0.99,11.33,FAILURE RISK
43.22,0.13,4.17,NORMAL
47.1,0.26,4.86,WARNING
83.69,0.59,10.56,FAILURE RISK
39.13,0.12,3.3,NORMAL
46.57,0.19,5.15,WARNING
61.48,0.22,9.72,FAILURE RISK
35.79,0.2,4.19,NORMAL
40.49,0.2,5.43,WARNING
86.83,0.35,7.83,FAILURE RISK
43.15,0.13,3.9,NORMAL
46.61,0.23,5.56,WARNING
81.81,0.61,5.41,FAILURE RISK
39.29,0.08,4.34,NORMAL
44.83,0.17,5.61,WARNING
61.64,0.21,9.51,FAILURE RISK
40.83,0.14,3.44,NORMAL
42.19,0.21,5.21,WARNING
83.81,0.88,9.07,FAILURE RISK
44.0,0.11,5.07,NORMAL
42.9,0.24,4.5,WARNING
49.49,0.48,4.73,FAILURE RISK
35.92,0.06,3.67,NORMAL
43.18,0.23,5.02,WARNING
82.19,0.54,6.03,FAILURE RISK
36.49,0.21,3.73,NORMAL
47.62,0.2,5.35,WARNING
67.78,0.46,5.31,FAILURE RISK
38.98,0.06,4.29,NORMAL
47.92,0.18,4.89,WARNING
51.32,0.44,5.83,FAILURE RISK
42.82,0.15,3.57,NORMAL
41.5,0.26,4.97,WARNING
49.74,0.63,8.23,FAILURE RISK
39.46,0.11,3.42,NORMAL
46.96,0.17,5.06,WARNING
80.44,0.76,10.91,FAILURE RISK
40.57,0.12,4.79,NORMAL
42.48,0.23,4.09,WARNING
73.15,0.4,9.92,FAILURE RISK
35.97,0.2,4.51,NORMAL
43.49,0.18,5.54,WARNING
51.96,0.58,11.36,FAILURE RISK
36.62,0.19,3.82,NORMAL
47.43,0.18,5.43,WARNING
61.67,0.92,6.58,FAILURE RISK
42.77,0.18,4.76,NORMAL
42.94,0.22,4.69,WARNING
54.14,0.8,8.58,FAILURE RISK
42.92,0.14,4.6,NORMAL
44.75,0.16,5.32,WARNING
85.15,0.71,7.99,FAILURE RISK
37.44,0.09,5.13,NORMAL
43.72,0.25,4.44,WARNING
87.58,0.26,11.82,FAILURE RISK
39.25,0.11,3.21,NORMAL
46.46,0.18,4.36,WARNING
63.6,0.21,11.94,FAILURE RISK
43.64,0.14,4.75,NORMAL
47.99,0.17,5.58,WARNING
68.4,0.78,10.25,FAILURE RISK
44.22,0.16,4.27,NORMAL
47.49,0.2,5.62,WARNING
72.56,0.89,9.8,FAILURE RISK
42.38,0.13,4.8,NORMAL
45.71,0.17,4.29,WARNING
60.37,0.35,8.82,FAILURE RISK
35.65,0.2,4.38,NORMAL
47.16,0.22,4.24,WARNING
55.23,0.91,7.2,FAILURE RISK
37.79,0.15,4.18,NORMAL
47.81,0.19,4.26,WARNING
65.72,0.89,9.11,FAILURE RISK
37.67,0.08,4.95,NORMAL
46.94,0.18,4.63,WARNING
88.74,0.82,11.26,FAILURE RISK
40.59,0.13,4.7,NORMAL
40.09,0.24,4.11,WARNING
82.59,0.65,9.92,FAILURE RISK
35.36,0.11,3.22,NORMAL
47.22,0.15,4.98,WARNING
53.36,0.71,11.39,FAILURE RISK
40.57,0.2,3.52,NORMAL
44.15,0.25,4.08,WARNING
82.67,0.88,6.36,FAILURE RISK
42.34,0.18,3.73,NORMAL
42.03,0.22,4.53,WARNING
73.33,0.39,6.67,FAILURE RISK
38.65,0.18,4.12,NORMAL
47.57,0.26,5.42,WARNING
85.16,0.99,11.76,FAILURE RISK
41.16,0.18,4.7,NORMAL
45.31,0.27,4.99,WARNING
57.51,0.27,10.91,FAILURE RISK
36.18,0.09,3.23,NORMAL
41.26,0.18,5.34,WARNING
55.58,0.94,9.34,FAILURE RISK
42.5,0.14,3.74,NORMAL
46.46,0.24,4.41,WARNING
66.6,0.89,8.77,FAILURE RISK
43.33,0.16,5.01,NORMAL
43.4,0.18,5.31,WARNING
87.15,0.39,5.26,FAILURE RISK
41.92,0.18,3.3,NORMAL
46.94,0.21,4.22,WARNING
82.54,0.47,5.14,FAILURE RISK
40.04,0.16,4.62,NORMAL
40.06,0.2,5.52,WARNING
60.94,0.75,7.45,FAILURE RISK
42.26,0.18,3.47,NORMAL
45.64,0.18,4.7,WARNING
88.41,0.77,5.45,FAILURE RISK
38.83,0.08,3.84,NORMAL
42.6,0.26,4.72,WARNING
61.09,0.59,9.55,FAILURE RISK
44.85,0.18,3.75,NORMAL
46.79,0.17,5.29,WARNING
85.02,0.96,10.23,FAILURE RISK
38.14,0.18,4.29,NORMAL
40.44,0.18,5.43,WARNING
68.46,0.77,9.99,FAILURE RISK
41.34,0.07,5.09,NORMAL
43.61,0.24,5.61,WARNING
68.87,0.69,10.61,FAILURE RISK
44.36,0.13,3.08,NORMAL
42.56,0.27,5.52,WARNING
58.97,0.45,6.82,FAILURE RISK
36.09,0.1,3.55,NORMAL
46.14,0.15,4.33,WARNING
67.74,0.5,8.53,FAILURE RISK
40.67,0.11,4.91,NORMAL
40.14,0.24,4.07,WARNING
53.92,0.75,9.69,FAILURE RISK
42.48,0.12,3.49,NORMAL
43.52,0.26,5.51,WARNING
56.53,0.58,4.97,FAILURE RISK
42.0,0.13,3.46,NORMAL
42.38,0.17,5.28,WARNING
63.38,0.94,11.36,FAILURE RISK
39.59,0.18,4.96,NORMAL
40.68,0.16,5.68,WARNING
86.25,0.91,5.14,FAILURE RISK
38.54,0.21,4.53,NORMAL
45.66,0.22,4.6,WARNING
56.01,0.54,4.67,FAILURE RISK
44.08,0.13,3.9,NORMAL
46.45,0.22,5.15,WARNING
54.46,0.89,9.34,FAILURE RISK
35.26,0.15,4.02,NORMAL
44.95,0.27,4.2,WARNING
49.24,0.25,10.2,FAILURE RISK
39.26,0.21,3.87,NORMAL
45.04,0.19,5.67,WARNING
73.24,0.81,10.41,FAILURE RISK
38.9,0.1,4.65,NORMAL
46.85,0.24,4.04,WARNING
73.65,0.61,9.86,FAILURE RISK
38.38,0.1,3.23,NORMAL
41.18,0.25,4.43,WARNING
46.75,0.54,8.66,FAILURE RISK
44.08,0.18,4.11,NORMAL
42.47,0.27,5.05,WARNING
83.59,0.77,10.48,FAILURE RISK
40.02,0.16,4.18,NORMAL
44.35,0.21,5.29,WARNING
84.35,0.73,11.74,FAILURE RISK
35.27,0.05,3.97,NORMAL
40.24,0.23,5.25,WARNING
76.1,0.93,8.6,FAILURE RISK
41.27,0.06,3.03,NORMAL
46.87,0.25,5.69,WARNING
74.76,0.47,9.45,FAILURE RISK
43.0,0.16,3.53,NORMAL
47.87,0.17,4.97,WARNING
86.89,0.54,8.29,FAILURE RISK
42.98,0.09,4.84,NORMAL
41.03,0.24,5.65,WARNING
65.86,0.71,9.71,FAILURE RISK
43.21,0.07,3.6,NORMAL
41.96,0.26,5.14,WARNING
72.51,0.31,9.27,FAILURE RISK
44.56,0.13,4.98,NORMAL
45.86,0.16,4.36,WARNING
80.38,0.86,8.54,FAILURE RISK
43.91,0.15,5.03,NORMAL
46.86,0.17,4.01,WARNING
65.18,0.82,11.3,FAILURE RISK
44.02,0.07,3.36,NORMAL
45.26,0.23,4.89,WARNING
88.83,0.27,6.7,FAILURE RISK
44.21,0.11,3.68,NORMAL
42.28,0.25,4.98,WARNING
56.74,0.57,4.54,FAILURE RISK
39.46,0.17,3.77,NORMAL
45.04,0.23,4.75,WARNING
53.96,0.26,5.93,FAILURE RISK
44.99,0.2,4.85,NORMAL
47.04,0.18,5.6,WARNING
74.01,0.24,7.52,FAILURE RISK
35.79,0.17,3.76,NORMAL
44.36,0.24,4.28,WARNING
74.07,0.49,5.68,FAILURE RISK
36.37,0.17,4.23,NORMAL
44.25,0.27,5.38,WARNING
53.92,0.98,8.13,FAILURE RISK
39.06,0.09,3.99,NORMAL
43.46,0.18,5.2,WARNING
75.76,0.82,5.55,FAILURE RISK
35.56,0.08,3.07,NORMAL
42.96,0.19,5.34,WARNING
76.92,1.0,6.3,FAILURE RISK
41.33,0.21,4.14,NORMAL
42.11,0.24,5.17,WARNING
69.56,0.92,9.06,FAILURE RISK
40.5,0.11,4.44,NORMAL
47.26,0.26,4.33,WARNING
80.87,0.46,8.85,FAILURE RISK
42.47,0.19,4.02,NORMAL
43.9,0.24,5.15,WARNING
53.34,0.91,10.83,FAILURE RISK
36.45,0.13,4.97,NORMAL
45.1,0.25,4.8,WARNING
67.73,0.55,6.28,FAILURE RISK
43.88,0.11,3.68,NORMAL
45.63,0.21,4.35,WARNING
60.55,0.8,11.84,FAILURE RISK
38.58,0.2,4.47,NORMAL
43.49,0.22,5.36,WARNING
78.51,0.23,5.46,FAILURE RISK
42.76,0.12,3.89,NORMAL
47.48,0.17,4.13,WARNING
84.62,0.59,4.53,FAILURE RISK
35.88,0.2,3.77,NORMAL
47.09,0.26,5.07,WARNING
89.35,0.73,6.6,FAILURE RISK
41.39,0.06,4.89,NORMAL
46.36,0.15,4.49,WARNING
80.13,0.4,9.07,FAILURE RISK
37.37,0.18,4.84,NORMAL
41.66,0.23,4.17,WARNING
49.92,0.27,9.52,FAILURE RISK
43.42,0.1,3.86,NORMAL
41.57,0.25,4.16,WARNING
62.96,0.46,9.54,FAILURE RISK
40.47,0.13,3.91,NORMAL
47.84,0.16,4.73,WARNING
77.89,0.56,6.9,FAILURE RISK
39.89,0.12,3.36,NORMAL
46.49,0.26,5.29,WARNING
68.43,0.74,11.04,FAILURE RISK
38.89,0.2,4.09,NORMAL
42.73,0.23,5.54,WARNING
75.18,0.42,7.96,FAILURE RISK
38.93,0.15,4.28,NORMAL
43.69,0.26,5.13,WARNING
66.27,0.61,4.93,FAILURE RISK
44.84,0.19,4.32,NORMAL
47.34,0.23,4.31,WARNING
60.02,0.92,11.65,FAILURE RISK
43.58,0.08,4.74,NORMAL
44.13,0.27,5.34,WARNING
83.02,0.99,6.15,FAILURE RISK
38.29,0.06,4.56,NORMAL
46.06,0.21,5.63,WARNING
87.41,0.5,9.62,FAILURE RISK
37.71,0.16,3.72,NORMAL
40.39,0.17,5.66,WARNING
57.79,0.8,6.35,FAILURE RISK
38.72,0.19,5.18,NORMAL
43.28,0.24,5.37,WARNING
77.24,0.68,11.8,FAILURE RISK
44.84,0.2,3.55,NORMAL
47.07,0.26,5.69,WARNING
60.07,0.9,4.58,FAILURE RISK
37.08,0.06,4.23,NORMAL
47.29,0.25,4.19,WARNING
89.63,0.41,8.77,FAILURE RISK
41.51,0.05,4.73,NORMAL
45.13,0.25,4.99,WARNING
73.49,0.67,6.24,FAILURE RISK
39.36,0.17,4.59,NORMAL
47.29,0.17,4.76,WARNING
76.88,0.82,8.04,FAILURE RISK
37.78,0.09,3.07,NORMAL
47.02,0.2,5.65,WARNING
53.33,0.5,8.32,FAILURE RISK
35.78,0.19,4.84,NORMAL
47.89,0.18,4.22,WARNING
83.45,0.32,11.82,FAILURE RISK
38.82,0.2,4.6,NORMAL
47.07,0.26,4.76,WARNING
81.72,0.62,9.34,FAILURE RISK
36.48,0.14,3.71,NORMAL
47.7,0.2,5.02,WARNING
48.34,0.38,6.95,FAILURE RISK
41.91,0.07,5.13,NORMAL
42.62,0.22,5.57,WARNING
69.92,0.82,5.04,FAILURE RISK
41.79,0.08,3.82,NORMAL
45.17,0.19,4.4,WARNING
69.11,0.74,8.65,FAILURE RISK
36.08,0.15,3.81,NORMAL
42.96,0.27,4.95,WARNING
83.26,0.8,5.02,FAILURE RISK
38.15,0.08,3.4,NORMAL
46.16,0.23,4.27,WARNING
48.08,0.87,7.97,FAILURE RISK
36.07,0.08,3.63,NORMAL
45.62,0.18,5.4,WARNING
89.78,0.27,11.82,FAILURE RISK
37.59,0.1,3.93,NORMAL
47.73,0.23,4.38,WARNING
51.21,1.0,10.41,FAILURE RISK
44.85,0.12,3.74,NORMAL
40.12,0.24,4.22,WARNING
54.1,0.42,10.4,FAILURE RISK
41.48,0.19,3.65,NORMAL
42.97,0.25,5.66,WARNING
82.28,0.28,6.1,FAILURE RISK
37.33,0.18,3.93,NORMAL
46.87,0.21,4.71,WARNING
76.29,0.31,7.76,FAILURE RISK
35.19,0.09,4.65,NORMAL
45.98,0.16,4.56,WARNING
68.87,0.37,6.81,FAILURE RISK
39.3,0.12,4.86,NORMAL
41.36,0.25,5.47,WARNING
79.19,0.57,6.39,FAILURE RISK
42.56,0.19,4.02,NORMAL
40.8,0.25,5.67,WARNING
51.46,0.88,6.58,FAILURE RISK
35.08,0.08,4.42,NORMAL
45.49,0.22,5.54,WARNING
47.05,0.56,9.56,FAILURE RISK
43.93,0.07,4.88,NORMAL
46.96,0.21,4.74,WARNING
55.98,0.26,6.91,FAILURE RISK
40.93,0.15,4.31,NORMAL
47.07,0.22,4.11,WARNING
53.18,0.33,8.73,FAILURE RISK
42.61,0.09,4.88,NORMAL
41.7,0.23,5.11,WARNING
78.15,0.38,11.38,FAILURE RISK
37.28,0.18,4.96,NORMAL
45.25,0.26,5.53,WARNING
68.38,0.89,8.17,FAILURE RISK
41.98,0.08,3.07,NORMAL
41.65,0.26,5.29,WARNING
82.06,0.87,8.27,FAILURE RISK
40.55,0.08,3.33,NORMAL
47.23,0.21,5.64,WARNING
68.77,0.71,9.49,FAILURE RISK
36.36,0.16,4.72,NORMAL
41.61,0.27,5.53,WARNING
74.99,0.76,6.69,FAILURE RISK
44.72,0.16,4.85,NORMAL
46.01,0.26,4.41,WARNING
70.69,0.86,8.68,FAILURE RISK
39.59,0.05,4.49,NORMAL
43.77,0.23,5.28,WARNING
50.48,0.82,11.95,FAILURE RISK
43.44,0.17,3.61,NORMAL
40.59,0.25,5.22,WARNING
82.72,0.33,7.39,FAILURE RISK
44.45,0.2,4.89,NORMAL
45.08,0.26,5.26,WARNING
55.43,0.28,9.34,FAILURE RISK
37.13,0.11,4.85,NORMAL
41.03,0.18,5.67,WARNING
62.24,0.88,6.52,FAILURE RISK
43.39,0.07,4.62,NORMAL
45.02,0.18,5.49,WARNING
61.51,0.6,10.18,FAILURE RISK
39.54,0.1,4.77,NORMAL
46.54,0.18,4.31,WARNING
77.29,0.98,10.51,FAILURE RISK
38.45,0.17,4.06,NORMAL
45.85,0.16,4.5,WARNING
83.32,0.31,6.52,FAILURE RISK
41.2,0.14,3.64,NORMAL
41.84,0.17,5.58,WARNING
75.1,0.85,7.42,FAILURE RISK
37.36,0.08,3.57,NORMAL
45.73,0.18,4.64,WARNING
64.88,0.51,6.6,FAILURE RISK
37.78,0.08,3.21,NORMAL
43.74,0.25,4.12,WARNING
50.13,0.42,10.29,FAILURE RISK
44.95,0.2,3.31,NORMAL
47.32,0.19,4.67,WARNING
59.34,0.23,7.3,FAILURE RISK
37.4,0.11,4.78,NORMAL
45.04,0.26,4.08,WARNING
46.19,0.43,5.45,FAILURE RISK
40.66,0.07,4.41,NORMAL
47.44,0.27,5.55,WARNING
80.52,0.28,11.09,FAILURE RISK
41.77,0.13,3.13,NORMAL
47.08,0.26,4.57,WARNING
67.72,0.87,10.42,FAILURE RISK
40.39,0.08,3.27,NORMAL
47.46,0.22,4.93,WARNING
83.64,0.94,10.28,FAILURE RISK
42.28,0.21,4.29,NORMAL
45.08,0.21,4.41,WARNING
61.11,0.61,6.47,FAILURE RISK
41.87,0.11,3.72,NORMAL
40.41,0.23,4.75,WARNING
81.61,0.88,11.83,FAILURE RISK
36.63,0.06,4.93,NORMAL
43.64,0.17,5.24,WARNING
84.82,0.36,4.8,FAILURE RISK
36.49,0.06,4.34,NORMAL
47.14,0.23,5.42,WARNING
83.79,0.91,7.14,FAILURE RISK
40.02,0.21,4.32,NORMAL
42.16,0.24,4.55,WARNING
53.12,0.25,5.28,FAILURE RISK
35.98,0.18,3.11,NORMAL
41.76,0.22,5.68,WARNING
83.24,0.26,9.1,FAILURE RISK
37.22,0.15,3.07,NORMAL
42.64,0.25,4.33,WARNING
58.92,0.87,4.99,FAILURE RISK
36.85,0.1,5.17,NORMAL
43.91,0.17,5.47,WARNING
75.87,0.57,8.96,FAILURE RISK
41.58,0.21,3.3,NORMAL
46.29,0.24,4.15,WARNING
70.35,0.7,4.51,FAILURE RISK
42.49,0.19,3.6,NORMAL
44.53,0.22,5.4,WARNING
79.36,0.88,5.34,FAILURE RISK
44.32,0.14,4.04,NORMAL
42.37,0.26,4.36,WARNING
60.33,0.58,6.44,FAILURE RISK
44.35,0.19,3.41,NORMAL
43.32,0.27,4.12,WARNING
60.78,0.62,8.77,FAILURE RISK
35.04,0.19,4.8,NORMAL
45.98,0.19,4.67,WARNING
59.43,0.91,5.28,FAILURE RISK
42.91,0.2,4.44,NORMAL
41.21,0.23,5.27,WARNING
53.58,0.58,4.57,FAILURE RISK
41.68,0.08,3.11,NORMAL
45.44,0.19,4.81,WARNING
76.75,0.43,7.76,FAILURE RISK
37.89,0.19,4.12,NORMAL
43.27,0.26,4.79,WARNING
48.59,0.31,7.86,FAILURE RISK
42.95,0.15,4.99,NORMAL
45.46,0.19,5.19,WARNING
48.27,0.58,5.94,FAILURE RISK
38.91,0.16,4.44,NORMAL
46.43,0.21,4.63,WARNING
89.83,0.24,4.94,FAILURE RISK
40.27,0.11,4.91,NORMAL
42.76,0.25,4.15,WARNING
56.58,0.85,4.68,FAILURE RISK
36.75,0.15,4.11,NORMAL
41.23,0.2,5.42,WARNING
52.48,0.52,8.9,FAILURE RISK
35.07,0.08,4.43,NORMAL
41.45,0.22,4.7,WARNING
79.09,0.78,9.66,FAILURE RISK
43.96,0.07,4.71,NORMAL
46.4,0.26,4.26,WARNING
52.17,0.31,6.69,FAILURE RISK
37.57,0.21,3.7,NORMAL
45.12,0.24,5.46,WARNING
54.04,0.65,10.19,FAILURE RISK
43.97,0.16,4.66,NORMAL
44.93,0.23,4.91,WARNING
69.33,0.86,7.15,FAILURE RISK
38.92,0.09,3.24,NORMAL
47.02,0.26,5.41,WARNING
64.5,0.82,8.64,FAILURE RISK
44.58,0.1,5.04,NORMAL
45.85,0.21,4.32,WARNING
78.88,0.45,7.74,FAILURE RISK
44.67,0.13,4.39,NORMAL
47.89,0.21,4.6,WARNING
59.02,0.95,5.96,FAILURE RISK
35.02,0.11,3.34,NORMAL
44.07,0.16,5.43,WARNING
76.87,0.58,7.3,FAILURE RISK
38.56,0.07,4.35,NORMAL
45.1,0.27,5.57,WARNING
78.28,0.88,5.02,FAILURE RISK
42.39,0.09,4.82,NORMAL
40.05,0.18,5.33,WARNING
61.54,0.23,11.98,FAILURE RISK
44.69,0.07,4.84,NORMAL
43.12,0.25,4.33,WARNING
85.74,0.21,6.07,FAILURE RISK
43.12,0.1,3.87,NORMAL
44.71,0.23,5.28,WARNING
74.47,0.24,5.84,FAILURE RISK
43.76,0.12,3.99,NORMAL
47.46,0.27,4.01,WARNING
63.85,0.74,9.8,FAILURE RISK
43.95,0.18,4.9,NORMAL
46.19,0.26,4.33,WARNING
59.12,0.29,6.51,FAILURE RISK
35.11,0.18,4.55,NORMAL
47.9,0.16,4.23,WARNING
61.82,0.44,9.97,FAILURE RISK
42.09,0.09,4.58,NORMAL
45.2,0.24,5.07,WARNING
55.71,0.99,9.61,FAILURE RISK
37.18,0.11,3.54,NORMAL
44.33,0.22,4.56,WARNING
88.35,0.71,11.24,FAILURE RISK
39.58,0.09,3.66,NORMAL
41.4,0.18,5.57,WARNING
82.16,0.38,6.81,FAILURE RISK
42.04,0.21,3.48,NORMAL
45.86,0.2,4.13,WARNING
76.65,0.31,5.61,FAILURE RISK
38.3,0.08,4.64,NORMAL
47.23,0.22,4.11,WARNING
74.48,0.93,10.7,FAILURE RISK
40.93,0.07,3.51,NORMAL
46.66,0.19,5.26,WARNING
81.82,0.74,7.08,FAILURE RISK
44.17,0.1,4.47,NORMAL
45.63,0.26,4.56,WARNING
62.72,0.28,5.94,FAILURE RISK
39.82,0.17,4.57,NORMAL
43.7,0.24,5.6,WARNING
46.6,0.29,9.19,FAILURE RISK
44.63,0.12,3.47,NORMAL
46.03,0.27,5.47,WARNING
46.66,0.46,6.69,FAILURE RISK
36.08,0.17,3.96,NORMAL
45.99,0.17,4.46,WARNING
58.25,0.79,5.59,FAILURE RISK
37.92,0.12,4.34,NORMAL
43.76,0.25,5.58,WARNING
67.28,0.75,5.48,FAILURE RISK
40.97,0.16,4.03,NORMAL
40.47,0.21,5.66,WARNING
79.67,0.86,11.42,FAILURE RISK
42.18,0.07,5.06,NORMAL
43.16,0.25,4.23,WARNING
66.83,0.48,10.06,FAILURE RISK
42.3,0.17,4.82,NORMAL
44.89,0.24,4.01,WARNING
65.73,0.87,7.53,FAILURE RISK
43.16,0.11,4.62,NORMAL
44.9,0.26,5.68,WARNING
88.29,0.52,11.19,FAILURE RISK
37.26,0.05,5.16,NORMAL
41.01,0.23,5.3,WARNING
62.5,0.84,11.12,FAILURE RISK
37.15,0.19,4.45,NORMAL
44.39,0.25,4.14,WARNING
79.96,0.86,8.75,FAILURE RISK
40.17,0.14,5.06,NORMAL
46.99,0.26,4.79,WARNING
45.6,0.5,7.41,FAILURE RISK
42.79,0.19,4.97,NORMAL
47.18,0.22,4.38,WARNING
52.01,0.23,6.6,FAILURE RISK
42.56,0.2,4.02,NORMAL
45.88,0.23,4.96,WARNING
62.91,0.27,11.69,FAILURE RISK
44.2,0.1,5.01,NORMAL
45.88,0.16,4.45,WARNING
52.56,0.21,8.05,FAILURE RISK
41.23,0.12,4.2,NORMAL
45.45,0.25,4.09,WARNING
62.69,0.67,6.08,FAILURE RISK
43.77,0.14,5.12,NORMAL
45.49,0.18,5.67,WARNING
83.11,0.26,9.62,FAILURE RISK
40.74,0.2,4.37,NORMAL
44.1,0.22,5.06,WARNING
89.24,0.25,11.04,FAILURE RISK
36.97,0.2,3.67,NORMAL
46.35,0.22,5.61,WARNING
84.86,0.31,6.3,FAILURE RISK
42.52,0.16,4.56,NORMAL
42.4,0.23,5.21,WARNING
78.66,0.94,10.53,FAILURE RISK
44.41,0.05,3.97,NORMAL
43.57,0.22,5.54,WARNING
61.73,0.78,10.95,FAILURE RISK
39.18,0.16,4.38,NORMAL
47.12,0.2,4.44,WARNING
82.4,0.86,5.58,FAILURE RISK
42.2,0.06,4.12,NORMAL
45.13,0.21,5.09,WARNING
74.7,0.57,5.2,FAILURE RISK
40.87,0.08,3.4,NORMAL
43.13,0.26,5.52,WARNING
66.01,0.45,4.85,FAILURE RISK
36.98,0.16,4.34,NORMAL
47.35,0.23,4.5,WARNING
62.58,0.81,7.55,FAILURE RISK
36.94,0.07,4.7,NORMAL
40.65,0.24,4.22,WARNING
83.76,0.71,11.8,FAILURE RISK
39.69,0.12,4.75,NORMAL
45.04,0.16,4.86,WARNING
48.39,0.6,5.54,FAILURE RISK
36.58,0.16,3.87,NORMAL
47.74,0.26,4.54,WARNING
66.23,0.75,5.12,FAILURE RISK
37.08,0.06,4.25,NORMAL
44.89,0.27,4.65,WARNING
85.46,0.42,7.84,FAILURE RISK
36.53,0.17,4.68,NORMAL
45.33,0.15,4.98,WARNING
86.01,0.51,8.43,FAILURE RISK
36.77,0.06,5.18,NORMAL
46.84,0.2,5.43,WARNING
73.54,0.85,11.96,FAILURE RISK
42.23,0.06,4.23,NORMAL
47.55,0.26,4.65,WARNING
47.75,0.65,5.34,FAILURE RISK
43.07,0.08,3.15,NORMAL
42.18,0.22,4.76,WARNING
52.78,0.23,4.75,FAILURE RISK
38.11,0.19,3.24,NORMAL
47.59,0.25,5.04,WARNING
51.22,0.33,11.29,FAILURE RISK
44.22,0.21,3.93,NORMAL
47.71,0.26,4.04,WARNING
81.98,0.62,9.66,FAILURE RISK
35.0,0.06,4.38,NORMAL
41.02,0.19,5.21,WARNING
49.72,0.23,7.6,FAILURE RISK
44.92,0.18,4.57,NORMAL
40.07,0.25,4.4,WARNING
88.31,0.85,8.71,FAILURE RISK
37.79,0.05,4.78,NORMAL
43.05,0.25,4.5,WARNING
77.01,0.42,7.76,FAILURE RISK
36.65,0.2,3.89,NORMAL
40.25,0.27,5.47,WARNING
88.96,0.37,6.53,FAILURE RISK
42.79,0.2,5.03,NORMAL
45.2,0.24,4.97,WARNING
71.46,0.71,5.49,FAILURE RISK
44.03,0.1,4.0,NORMAL
43.81,0.25,4.17,WARNING
81.76,0.26,4.9,FAILURE RISK
38.81,0.08,4.47,NORMAL
40.25,0.24,4.53,WARNING
87.51,0.35,9.98,FAILURE RISK
38.11,0.19,3.61,NORMAL
45.01,0.25,5.67,WARNING
76.05,0.74,5.73,FAILURE RISK
39.56,0.12,3.05,NORMAL
40.85,0.22,5.04,WARNING
80.0,0.74,7.12,FAILURE RISK
42.3,0.12,4.92,NORMAL
44.16,0.27,4.24,WARNING
68.74,0.26,8.17,FAILURE RISK
36.37,0.16,3.05,NORMAL
47.53,0.25,5.63,WARNING
76.67,0.32,9.34,FAILURE RISK
35.63,0.11,3.39,NORMAL
42.98,0.26,4.5,WARNING
53.96,0.91,5.52,FAILURE RISK
43.57,0.21,5.0,NORMAL
43.93,0.23,4.86,WARNING
68.28,0.7,7.41,FAILURE RISK
38.02,0.13,3.77,NORMAL
45.42,0.21,5.32,WARNING
51.77,0.66,8.54,FAILURE RISK
38.62,0.1,3.57,NORMAL
46.29,0.23,4.62,WARNING
51.65,0.92,10.43,FAILURE RISK
38.98,0.07,4.48,NORMAL
45.07,0.23,4.91,WARNING
54.83,0.84,8.86,FAILURE RISK
44.23,0.05,3.44,NORMAL
41.47,0.15,5.35,WARNING
87.93,0.91,11.05,FAILURE RISK
43.46,0.13,4.03,NORMAL
46.09,0.15,5.62,WARNING
48.9,0.55,8.94,FAILURE RISK
41.59,0.21,4.81,NORMAL
43.84,0.24,4.92,WARNING
69.82,0.41,6.6,FAILURE RISK
37.7,0.19,4.57,NORMAL
41.94,0.24,5.47,WARNING
45.34,0.96,11.1,FAILURE RISK
44.2,0.14,3.76,NORMAL
41.43,0.25,4.33,WARNING
67.07,0.73,7.53,FAILURE RISK
42.67,0.11,3.23,NORMAL
44.08,0.27,5.36,WARNING
73.1,0.85,9.07,FAILURE RISK
40.62,0.12,4.95,NORMAL
43.36,0.23,4.7,WARNING
73.41,0.4,7.2,FAILURE RISK
35.24,0.19,3.12,NORMAL
45.06,0.27,4.05,WARNING
58.61,0.8,7.62,FAILURE RISK
40.97,0.11,5.08,NORMAL
40.26,0.23,4.06,WARNING
79.9,0.42,11.84,FAILURE RISK
44.16,0.12,3.58,NORMAL
45.2,0.16,4.85,WARNING
49.44,0.2,11.12,FAILURE RISK
36.34,0.11,5.16,NORMAL
41.31,0.26,5.08,WARNING
54.6,0.39,6.58,FAILURE RISK
40.42,0.15,3.61,NORMAL
47.89,0.23,5.52,WARNING
79.47,0.51,10.76,FAILURE RISK
38.36,0.2,3.16,NORMAL
45.29,0.17,5.32,WARNING
50.74,0.49,10.7,FAILURE RISK
42.16,0.18,5.16,NORMAL
46.14,0.16,5.38,WARNING
65.92,0.9,8.02,FAILURE RISK
40.63,0.11,3.01,NORMAL
44.68,0.23,4.8,WARNING
71.28,0.44,11.83,FAILURE RISK
42.46,0.1,3.81,NORMAL
46.51,0.24,5.6,WARNING
71.25,0.61,7.94,FAILURE RISK
40.57,0.15,3.66,NORMAL
46.88,0.27,4.42,WARNING
47.7,0.24,7.87,FAILURE RISK
35.63,0.07,4.43,NORMAL
44.55,0.25,4.39,WARNING
86.55,1.0,6.09,FAILURE RISK
38.81,0.13,4.28,NORMAL
41.02,0.22,5.03,WARNING
50.93,0.33,5.89,FAILURE RISK
42.92,0.14,3.09,NORMAL
41.71,0.24,4.52,WARNING
49.6,0.59,6.86,FAILURE RISK
42.71,0.12,3.47,NORMAL
42.44,0.23,4.43,WARNING
63.9,0.35,9.58,FAILURE RISK
41.09,0.05,4.93,NORMAL
40.99,0.24,4.91,WARNING
86.11,0.58,11.1,FAILURE RISK
38.62,0.1,4.95,NORMAL
45.62,0.23,4.37,WARNING
71.88,0.44,10.34,FAILURE RISK
44.52,0.13,3.32,NORMAL
40.83,0.15,5.4,WARNING
78.98,0.71,8.88,FAILURE RISK
35.1,0.12,3.45,NORMAL
47.65,0.2,5.69,WARNING
69.58,0.57,11.13,FAILURE RISK
39.48,0.17,4.06,NORMAL
45.98,0.23,4.76,WARNING
48.67,0.81,4.64,FAILURE RISK
35.68,0.08,4.68,NORMAL
44.78,0.25,4.74,WARNING
62.53,0.36,4.73,FAILURE RISK
38.08,0.2,5.01,NORMAL
42.2,0.26,4.73,WARNING
68.84,0.45,11.26,FAILURE RISK
43.46,0.21,3.79,NORMAL
44.45,0.23,4.12,WARNING
46.79,0.92,10.7,FAILURE RISK
37.21,0.12,4.0,NORMAL
45.2,0.16,4.54,WARNING
62.16,0.25,6.32,FAILURE RISK
43.13,0.18,4.93,NORMAL
47.21,0.22,4.49,WARNING
54.89,0.3,5.4,FAILURE RISK
44.28,0.19,3.31,NORMAL
42.61,0.23,4.17,WARNING
83.58,0.64,9.01,FAILURE RISK
42.21,0.17,4.28,NORMAL
43.27,0.27,5.06,WARNING
88.77,0.7,6.64,FAILURE RISK
37.01,0.21,4.04,NORMAL
47.01,0.18,4.09,WARNING
66.83,0.67,10.08,FAILURE RISK
44.67,0.13,4.11,NORMAL
40.72,0.27,4.55,WARNING
78.2,0.64,9.18,FAILURE RISK
41.4,0.15,3.37,NORMAL
43.71,0.15,5.66,WARNING
60.02,0.8,6.82,FAILURE RISK
40.65,0.16,3.99,NORMAL
40.15,0.27,4.67,WARNING
67.91,0.56,9.72,FAILURE RISK
38.23,0.16,4.88,NORMAL
43.95,0.27,5.43,WARNING
59.2,0.53,10.05,FAILURE RISK
40.13,0.14,4.63,NORMAL
45.05,0.21,4.04,WARNING
74.06,0.62,11.81,FAILURE RISK
40.52,0.19,3.04,NORMAL
47.82,0.17,4.24,WARNING
67.98,0.41,9.36,FAILURE RISK
36.37,0.16,4.85,NORMAL
46.16,0.19,4.65,WARNING
81.76,0.83,7.85,FAILURE RISK
41.6,0.06,4.14,NORMAL
40.55,0.22,4.91,WARNING
85.3,0.28,6.02,FAILURE RISK
35.38,0.19,3.34,NORMAL
43.9,0.24,4.49,WARNING
48.67,0.75,9.17,FAILURE RISK
39.6,0.15,3.94,NORMAL
45.36,0.27,5.03,WARNING
67.27,0.99,11.27,FAILURE RISK
37.4,0.21,4.93,NORMAL
46.73,0.24,4.79,WARNING
52.49,0.29,8.46,FAILURE RISK
43.32,0.17,3.39,NORMAL
47.94,0.27,5.2,WARNING
69.31,0.39,11.6,FAILURE RISK
42.49,0.13,3.95,NORMAL
43.98,0.24,5.12,WARNING
73.58,0.89,11.89,FAILURE RISK
35.03,0.17,4.94,NORMAL
41.69,0.22,4.04,WARNING
80.42,0.5,11.53,FAILURE RISK
42.8,0.11,3.05,NORMAL
44.66,0.22,5.4,WARNING
79.92,0.77,9.88,FAILURE RISK
39.48,0.1,3.05,NORMAL
45.69,0.23,4.67,WARNING
80.29,0.47,11.96,FAILURE RISK
36.83,0.21,4.07,NORMAL
44.2,0.22,4.01,WARNING
77.61,0.34,11.75,FAILURE RISK
39.61,0.08,3.07,NORMAL
42.75,0.27,5.33,WARNING
84.12,0.74,5.88,FAILURE RISK
36.72,0.05,4.4,NORMAL
44.46,0.25,5.07,WARNING
55.99,0.78,5.18,FAILURE RISK
39.68,0.08,4.51,NORMAL
42.63,0.23,4.73,WARNING
53.31,0.35,5.59,FAILURE RISK
42.91,0.17,3.42,NORMAL
45.26,0.23,4.25,WARNING
76.81,0.79,7.86,FAILURE RISK
37.25,0.09,3.48,NORMAL
41.48,0.25,4.57,WARNING
57.42,0.57,11.75,FAILURE RISK
36.92,0.16,4.27,NORMAL
42.01,0.26,5.49,WARNING
66.83,0.72,10.77,FAILURE RISK
39.51,0.14,4.76,NORMAL
45.18,0.25,4.36,WARNING
78.92,0.52,6.43,FAILURE RISK
36.64,0.13,4.44,NORMAL
47.08,0.24,5.34,WARNING
45.47,0.24,9.68,FAILURE RISK
37.12,0.18,3.21,NORMAL
46.66,0.18,4.72,WARNING
63.38,0.57,10.3,FAILURE RISK
43.1,0.11,4.24,NORMAL
41.29,0.26,4.55,WARNING
83.87,0.37,4.96,FAILURE RISK
41.39,0.05,4.52,NORMAL
43.65,0.24,4.23,WARNING
57.32,0.62,6.54,FAILURE RISK
36.85,0.12,4.2,NORMAL
47.04,0.25,5.2,WARNING
85.87,0.9,11.6,FAILURE RISK
43.84,0.12,4.87,NORMAL
41.69,0.22,4.95,WARNING
66.29,0.58,11.76,FAILURE RISK
36.53,0.21,3.34,NORMAL
45.28,0.23,4.13,WARNING
71.88,0.55,8.1,FAILURE RISK
36.7,0.15,3.29,NORMAL
46.37,0.27,4.78,WARNING
69.7,0.94,11.94,FAILURE RISK
43.04,0.17,3.01,NORMAL
43.92,0.16,5.52,WARNING
61.19,0.66,5.5,FAILURE RISK
35.12,0.17,3.92,NORMAL
46.78,0.25,4.5,WARNING
60.44,0.35,4.55,FAILURE RISK
40.75,0.13,4.02,NORMAL
43.21,0.2,5.53,WARNING
65.75,0.88,10.0,FAILURE RISK
43.48,0.1,4.45,NORMAL
45.96,0.24,5.32,WARNING
83.42,0.29,5.36,FAILURE RISK
43.19,0.21,3.11,NORMAL
44.05,0.21,5.65,WARNING
64.1,0.73,10.48,FAILURE RISK
39.38,0.07,4.0,NORMAL
43.45,0.25,4.36,WARNING
61.84,0.72,7.37,FAILURE RISK
35.13,0.17,4.53,NORMAL
45.0,0.24,4.38,WARNING
78.88,0.75,10.75,FAILURE RISK
36.75,0.08,3.03,NORMAL
47.69,0.23,4.95,WARNING
73.87,0.82,9.31,FAILURE RISK
37.34,0.06,4.47,NORMAL
46.35,0.25,4.49,WARNING
88.38,0.6,10.57,FAILURE RISK
43.3,0.19,3.01,NORMAL
47.59,0.19,4.52,WARNING
64.33,0.54,4.91,FAILURE RISK
44.86,0.05,4.05,NORMAL
47.18,0.16,4.21,WARNING
54.04,0.75,6.42,FAILURE RISK
42.44,0.1,3.97,NORMAL
47.92,0.22,4.89,WARNING
49.34,0.63,11.43,FAILURE RISK
41.38,0.18,3.77,NORMAL
45.99,0.23,4.17,WARNING
48.19,0.33,8.66,FAILURE RISK
41.38,0.18,4.69,NORMAL
45.79,0.19,5.28,WARNING
87.54,0.95,11.3,FAILURE RISK
35.94,0.14,4.88,NORMAL
45.3,0.21,4.35,WARNING
66.12,0.26,7.34,FAILURE RISK
41.13,0.11,3.25,NORMAL
40.5,0.19,5.43,WARNING
49.96,0.42,6.32,FAILURE RISK
37.13,0.15,4.85,NORMAL
47.29,0.17,4.67,WARNING
72.27,0.21,5.91,FAILURE RISK
41.84,0.09,5.1,NORMAL
43.61,0.27,4.24,WARNING
73.13,0.74,10.93,FAILURE RISK
37.53,0.2,5.06,NORMAL
42.91,0.22,4.28,WARNING
54.05,0.98,6.86,FAILURE RISK
43.87,0.19,5.05,NORMAL
44.15,0.27,4.55,WARNING
70.58,0.55,7.88,FAILURE RISK
37.08,0.15,4.32,NORMAL
47.58,0.21,4.84,WARNING
72.75,0.63,7.95,FAILURE RISK
44.07,0.06,3.57,NORMAL
40.64,0.27,4.02,WARNING
82.99,0.95,9.83,FAILURE RISK
41.0,0.09,3.83,NORMAL
42.78,0.18,5.47,WARNING
85.69,0.3,6.81,FAILURE RISK
43.16,0.18,4.02,NORMAL
45.25,0.16,4.23,WARNING
81.05,0.87,6.44,FAILURE RISK
38.09,0.08,3.61,NORMAL
42.36,0.27,5.47,WARNING
69.01,0.45,5.94,FAILURE RISK
41.99,0.21,4.45,NORMAL
43.92,0.23,4.07,WARNING
88.87,0.68,11.3,FAILURE RISK
38.36,0.17,4.56,NORMAL
40.4,0.24,4.19,WARNING
69.61,0.39,11.59,FAILURE RISK
37.56,0.21,4.04,NORMAL
43.2,0.16,5.43,WARNING
56.5,0.36,8.79,FAILURE RISK
43.77,0.08,4.05,NORMAL
40.43,0.26,4.11,WARNING
46.92,0.72,6.67,FAILURE RISK
35.5,0.17,3.25,NORMAL
45.12,0.19,4.21,WARNING
55.26,0.98,10.19,FAILURE RISK
41.74,0.14,3.0,NORMAL
42.62,0.22,5.08,WARNING
58.0,0.92,10.72,FAILURE RISK
42.96,0.12,4.27,NORMAL
40.72,0.15,5.6,WARNING
89.09,0.33,10.21,FAILURE RISK
42.77,0.06,3.49,NORMAL
46.18,0.21,5.1,WARNING
49.99,0.58,11.89,FAILURE RISK
43.4,0.13,3.71,NORMAL
45.93,0.24,4.31,WARNING
72.27,0.88,7.79,FAILURE RISK
43.66,0.17,3.03,NORMAL
45.9,0.19,4.59,WARNING
84.65,0.95,4.53,FAILURE RISK
38.14,0.15,3.99,NORMAL
43.79,0.26,4.1,WARNING
62.73,0.48,11.3,FAILURE RISK
39.37,0.06,3.25,NORMAL
46.17,0.15,5.27,WARNING
76.84,0.5,7.03,FAILURE RISK
42.72,0.09,3.53,NORMAL
43.79,0.22,5.5,WARNING
72.61,0.81,5.66,FAILURE RISK
38.49,0.2,5.19,NORMAL
42.51,0.26,4.08,WARNING
64.89,0.82,9.5,FAILURE RISK
39.75,0.17,3.3,NORMAL
46.53,0.26,5.44,WARNING
70.03,0.43,5.35,FAILURE RISK
42.46,0.08,4.54,NORMAL
41.85,0.27,5.57,WARNING
84.98,0.25,6.49,FAILURE RISK
43.28,0.15,3.36,NORMAL
44.55,0.27,5.55,WARNING
83.67,0.88,6.06,FAILURE RISK
40.7,0.17,3.11,NORMAL
45.6,0.16,5.43,WARNING
49.69,0.46,11.95,FAILURE RISK
35.19,0.18,4.94,NORMAL
41.48,0.15,5.66,WARNING
48.62,0.25,8.64,FAILURE RISK
38.52,0.1,4.79,NORMAL
46.05,0.25,5.05,WARNING
89.34,0.95,11.01,FAILURE RISK
36.66,0.14,4.46,NORMAL
41.57,0.25,5.37,WARNING
85.9,0.82,5.5,FAILURE RISK
35.85,0.08,4.41,NORMAL
40.4,0.24,4.9,WARNING
54.59,0.54,9.24,FAILURE RISK
36.81,0.1,3.19,NORMAL
42.31,0.22,4.11,WARNING
47.48,0.6,8.47,FAILURE RISK
40.15,0.11,3.42,NORMAL
42.48,0.23,4.89,WARNING
45.88,0.93,10.49,FAILURE RISK
44.51,0.1,4.09,NORMAL
41.28,0.24,4.77,WARNING
55.78,0.99,9.11,FAILURE RISK
42.3,0.14,3.78,NORMAL
47.36,0.18,5.13,WARNING
55.28,0.58,10.6,FAILURE RISK
39.03,0.07,3.72,NORMAL
45.48,0.2,4.05,WARNING
83.64,0.53,8.57,FAILURE RISK
35.19,0.2,4.57,NORMAL
45.64,0.23,4.8,WARNING
53.72,0.21,6.56,FAILURE RISK
40.84,0.17,3.37,NORMAL
43.69,0.17,5.29,WARNING
65.69,0.69,11.5,FAILURE RISK
42.05,0.21,5.08,NORMAL
45.99,0.26,4.73,WARNING
86.73,0.84,9.85,FAILURE RISK
38.77,0.2,3.51,NORMAL
42.06,0.25,5.11,WARNING
77.42,0.28,5.34,FAILURE RISK
43.44,0.11,3.84,NORMAL
41.88,0.26,4.06,WARNING
74.87,0.44,4.84,FAILURE RISK
39.98,0.05,4.84,NORMAL
44.55,0.27,5.52,WARNING
51.4,0.66,6.75,FAILURE RISK
44.06,0.12,3.99,NORMAL
46.88,0.16,5.49,WARNING
50.11,0.4,11.19,FAILURE RISK
44.09,0.13,3.17,NORMAL
45.19,0.16,5.61,WARNING
89.77,0.44,7.84,FAILURE RISK
39.93,0.13,4.48,NORMAL
47.92,0.22,5.38,WARNING
69.07,0.45,6.87,FAILURE RISK
43.25,0.1,3.24,NORMAL
41.57,0.24,5.26,WARNING
76.89,0.81,6.46,FAILURE RISK
41.94,0.19,5.01,NORMAL
46.2,0.19,5.12,WARNING
63.61,0.71,10.17,FAILURE RISK
39.93,0.13,4.95,NORMAL
45.67,0.18,4.89,WARNING
82.48,0.98,11.79,FAILURE RISK
37.5,0.17,3.9,NORMAL
40.16,0.26,4.67,WARNING
77.59,0.94,11.97,FAILURE RISK
35.76,0.21,4.26,NORMAL
45.36,0.25,4.61,WARNING
83.0,0.78,10.68,FAILURE RISK
44.99,0.19,4.53,NORMAL
46.27,0.24,4.91,WARNING
89.36,0.68,11.48,FAILURE RISK
37.86,0.08,3.8,NORMAL
40.61,0.16,5.66,WARNING
74.71,0.62,4.73,FAILURE RISK
42.33,0.09,4.0,NORMAL
43.25,0.27,5.3,WARNING
63.44,0.28,6.63,FAILURE RISK
36.39,0.2,3.86,NORMAL
42.04,0.18,5.27,WARNING
80.3,0.72,11.53,FAILURE RISK
43.89,0.09,5.09,NORMAL
47.54,0.22,5.33,WARNING
74.99,0.79,10.45,FAILURE RISK
41.62,0.14,3.83,NORMAL
42.96,0.27,4.64,WARNING
64.2,0.77,4.68,FAILURE RISK
42.06,0.12,3.75,NORMAL
47.32,0.19,4.87,WARNING
89.95,0.55,8.67,FAILURE RISK
43.51,0.1,4.63,NORMAL
44.51,0.23,5.25,WARNING
81.95,0.99,9.86,FAILURE RISK
35.54,0.17,4.64,NORMAL
44.64,0.23,4.02,WARNING
53.48,0.6,6.79,FAILURE RISK
35.61,0.11,4.62,NORMAL
41.35,0.22,5.21,WARNING
48.75,0.8,8.88,FAILURE RISK
44.09,0.2,4.75,NORMAL
41.91,0.22,5.56,WARNING
88.49,0.48,5.87,FAILURE RISK
37.85,0.16,3.25,NORMAL
43.8,0.19,5.4,WARNING
72.1,0.5,5.28,FAILURE RISK
38.49,0.1,3.56,NORMAL
43.34,0.26,5.13,WARNING
65.88,0.75,10.07,FAILURE RISK
37.76,0.07,4.19,NORMAL
41.3,0.27,5.68,WARNING
60.05,0.92,11.63,FAILURE RISK
35.11,0.11,4.53,NORMAL
45.86,0.2,5.09,WARNING
51.28,0.92,11.95,FAILURE RISK
38.14,0.14,3.5,NORMAL
41.03,0.23,4.87,WARNING
53.98,0.24,11.22,FAILURE RISK
43.23,0.19,3.09,NORMAL
42.28,0.22,4.45,WARNING
54.74,0.82,6.77,FAILURE RISK
40.37,0.15,4.36,NORMAL
45.05,0.25,4.94,WARNING
62.92,0.95,4.91,FAILURE RISK
39.3,0.15,3.99,NORMAL
41.58,0.27,4.03,WARNING
46.11,0.8,5.52,FAILURE RISK
40.56,0.2,4.96,NORMAL
43.04,0.24,4.83,WARNING
57.44,0.48,8.23,FAILURE RISK
41.3,0.09,4.02,NORMAL
46.83,0.23,4.11,WARNING
70.05,0.83,6.18,FAILURE RISK
38.27,0.2,4.06,NORMAL
45.19,0.19,5.37,WARNING
59.53,0.67,8.0,FAILURE RISK
38.68,0.15,5.19,NORMAL
45.29,0.21,5.37,WARNING
65.09,0.93,5.86,FAILURE RISK
40.24,0.17,4.12,NORMAL
45.38,0.22,4.38,WARNING
80.75,0.53,8.58,FAILURE RISK
36.89,0.1,4.58,NORMAL
46.08,0.19,4.53,WARNING
45.67,0.78,9.13,FAILURE RISK
42.12,0.21,3.57,NORMAL
45.98,0.27,5.1,WARNING
79.74,0.96,5.18,FAILURE RISK
42.41,0.06,3.89,NORMAL
47.83,0.25,5.64,WARNING
67.03,0.9,7.04,FAILURE RISK
44.27,0.15,3.43,NORMAL
41.21,0.25,4.22,WARNING
81.34,0.43,5.68,FAILURE RISK
36.55,0.12,3.11,NORMAL
44.79,0.23,5.26,WARNING
49.73,0.26,10.81,FAILURE RISK
36.87,0.21,3.15,NORMAL
44.23,0.22,4.48,WARNING
51.51,0.88,11.58,FAILURE RISK
41.01,0.13,3.05,NORMAL
42.21,0.24,5.19,WARNING
49.51,0.35,11.08,FAILURE RISK
44.0,0.19,3.13,NORMAL
40.09,0.25,4.36,WARNING
55.8,0.62,4.72,FAILURE RISK
43.15,0.05,3.38,NORMAL
47.35,0.25,4.21,WARNING
74.82,0.26,11.32,FAILURE RISK
39.34,0.16,4.32,NORMAL
40.32,0.27,5.53,WARNING
83.57,0.76,8.22,FAILURE RISK
43.23,0.2,3.24,NORMAL
46.2,0.23,5.42,WARNING
87.36,0.58,7.75,FAILURE RISK
43.1,0.09,4.71,NORMAL
47.83,0.21,5.36,WARNING
75.0,0.2,5.08,FAILURE RISK
43.42,0.19,3.78,NORMAL
41.3,0.27,5.44,WARNING
80.75,0.31,4.78,FAILURE RISK
36.82,0.16,3.42,NORMAL
47.39,0.21,5.65,WARNING
76.96,0.39,5.09,FAILURE RISK
35.52,0.12,4.13,NORMAL
41.87,0.23,5.15,WARNING
55.02,0.55,7.09,FAILURE RISK
36.42,0.19,3.57,NORMAL
47.51,0.16,4.27,WARNING
85.56,0.94,9.02,FAILURE RISK
39.28,0.21,3.67,NORMAL
44.38,0.19,5.61,WARNING
47.3,0.99,7.65,FAILURE RISK
36.1,0.06,4.5,NORMAL
40.41,0.26,5.07,WARNING
66.56,0.47,7.68,FAILURE RISK
43.08,0.21,4.73,NORMAL
47.69,0.16,5.67,WARNING
55.46,0.83,6.32,FAILURE RISK
40.55,0.2,5.04,NORMAL
46.34,0.16,4.14,WARNING
60.94,0.61,9.71,FAILURE RISK
35.96,0.05,4.88,NORMAL
42.67,0.16,5.38,WARNING
67.0,0.54,9.4,FAILURE RISK
40.87,0.13,3.14,NORMAL
44.81,0.27,4.58,WARNING
79.18,0.75,4.57,FAILURE RISK
35.23,0.18,4.21,NORMAL
45.68,0.22,4.97,WARNING
77.12,0.65,10.11,FAILURE RISK
37.35,0.06,4.44,NORMAL
45.59,0.23,4.4,WARNING
83.11,0.79,6.43,FAILURE RISK
35.26,0.08,4.37,NORMAL
47.54,0.18,5.44,WARNING
65.01,0.6,11.69,FAILURE RISK
36.35,0.11,5.12,NORMAL
44.78,0.2,5.55,WARNING
77.79,0.41,9.05,FAILURE RISK
40.28,0.16,3.96,NORMAL
41.78,0.23,4.99,WARNING
89.74,0.56,10.05,FAILURE RISK
39.08,0.2,3.27,NORMAL
46.73,0.19,4.06,WARNING
51.28,0.94,11.38,FAILURE RISK
36.82,0.2,5.18,NORMAL
40.31,0.26,4.46,WARNING
45.53,0.36,6.83,FAILURE RISK
41.36,0.15,4.86,NORMAL
47.72,0.16,5.14,WARNING
68.07,0.81,7.04,FAILURE RISK
43.46,0.05,4.17,NORMAL
46.3,0.16,5.34,WARNING
65.07,0.75,4.53,FAILURE RISK
40.15,0.18,4.58,NORMAL
45.7,0.15,5.3,WARNING
76.34,0.56,4.93,FAILURE RISK
40.39,0.16,4.91,NORMAL
42.91,0.25,5.48,WARNING
49.34,0.62,10.26,FAILURE RISK
42.92,0.21,5.0,NORMAL
46.6,0.23,5.56,WARNING
73.35,0.68,11.54,FAILURE RISK
38.6,0.15,4.9,NORMAL
47.12,0.21,4.02,WARNING
73.29,0.57,9.71,FAILURE RISK
43.33,0.21,3.44,NORMAL
47.18,0.26,4.05,WARNING
82.21,0.4,5.24,FAILURE RISK
40.52,0.11,3.68,NORMAL
46.9,0.26,5.53,WARNING
70.45,0.33,4.7,FAILURE RISK
37.91,0.13,3.4,NORMAL
44.71,0.27,5.59,WARNING
78.98,0.61,6.47,FAILURE RISK
35.68,0.07,3.79,NORMAL
45.29,0.16,4.47,WARNING
65.85,0.86,10.86,FAILURE RISK
37.26,0.1,4.79,NORMAL
45.65,0.16,4.21,WARNING
75.93,0.71,6.26,FAILURE RISK
38.52,0.14,4.64,NORMAL
45.68,0.2,4.23,WARNING
78.26,0.96,11.07,FAILURE RISK
41.48,0.08,5.07,NORMAL
42.93,0.22,4.21,WARNING
51.89,0.3,5.36,FAILURE RISK
37.58,0.1,3.99,NORMAL
45.75,0.27,5.51,WARNING
48.18,0.75,5.3,FAILURE RISK
41.93,0.19,4.59,NORMAL
45.94,0.21,4.74,WARNING
68.19,0.68,7.2,FAILURE RISK
38.34,0.09,3.14,NORMAL
45.95,0.27,4.81,WARNING
74.81,0.24,4.98,FAILURE RISK
35.92,0.14,4.85,NORMAL
43.5,0.27,5.15,WARNING
48.76,0.39,11.29,FAILURE RISK
41.38,0.13,3.22,NORMAL
43.52,0.24,4.4,WARNING
74.67,0.96,6.72,FAILURE RISK
41.92,0.07,4.77,NORMAL
46.52,0.22,5.67,WARNING
55.34,0.57,9.38,FAILURE RISK
35.39,0.17,4.05,NORMAL
43.4,0.24,4.2,WARNING
57.78,0.75,10.78,FAILURE RISK
40.57,0.21,3.0,NORMAL
45.56,0.15,4.85,WARNING
89.54,0.88,7.03,FAILURE RISK
44.94,0.18,3.62,NORMAL
41.93,0.26,4.44,WARNING
85.82,0.67,10.93,FAILURE RISK
40.55,0.09,3.46,NORMAL
43.34,0.22,5.51,WARNING
62.01,0.91,7.3,FAILURE RISK
41.04,0.08,4.85,NORMAL
45.4,0.26,5.47,WARNING
46.8,0.66,4.82,FAILURE RISK
35.09,0.08,3.29,NORMAL
44.78,0.25,5.52,WARNING
74.77,0.85,6.32,FAILURE RISK
37.1,0.12,3.04,NORMAL
44.27,0.18,5.37,WARNING
62.88,0.91,6.14,FAILURE RISK
38.49,0.19,5.05,NORMAL
45.59,0.27,4.33,WARNING
74.72,0.88,9.69,FAILURE RISK
35.11,0.19,4.17,NORMAL
44.96,0.22,5.58,WARNING
76.02,0.33,9.38,FAILURE RISK
44.24,0.1,5.1,NORMAL
42.19,0.22,5.51,WARNING
84.24,0.64,5.02,FAILURE RISK
44.38,0.11,4.29,NORMAL
44.05,0.25,4.11,WARNING
78.34,0.48,6.64,FAILURE RISK
42.82,0.14,4.05,NORMAL
43.53,0.27,4.17,WARNING
73.54,0.45,5.9,FAILURE RISK
35.97,0.08,3.78,NORMAL
44.69,0.27,5.1,WARNING
75.14,0.52,6.71,FAILURE RISK
35.53,0.15,4.84,NORMAL
41.71,0.27,4.67,WARNING
46.69,0.45,7.7,FAILURE RISK
44.79,0.2,3.01,NORMAL
40.46,0.2,5.52,WARNING
67.3,0.41,7.17,FAILURE RISK
36.77,0.18,4.38,NORMAL
41.48,0.19,5.28,WARNING
46.18,0.87,5.65,FAILURE RISK
37.02,0.16,3.61,NORMAL
42.57,0.19,5.34,WARNING
52.77,0.48,11.72,FAILURE RISK
35.92,0.14,3.08,NORMAL
45.02,0.2,4.48,WARNING
89.98,0.75,10.11,FAILURE RISK
41.75,0.16,3.89,NORMAL
41.31,0.25,5.31,WARNING
81.85,0.41,8.29,FAILURE RISK
38.22,0.06,4.83,NORMAL
43.65,0.23,5.63,WARNING
82.2,0.24,9.63,FAILURE RISK
43.62,0.12,3.93,NORMAL
45.4,0.27,5.68,WARNING
70.78,0.63,8.09,FAILURE RISK
39.1,0.14,3.94,NORMAL
45.32,0.16,5.51,WARNING
50.77,0.68,5.65,FAILURE RISK
40.07,0.14,3.66,NORMAL
47.76,0.19,4.77,WARNING
60.71,0.8,10.74,FAILURE RISK
43.07,0.17,4.08,NORMAL
40.26,0.26,4.21,WARNING
70.52,0.43,9.83,FAILURE RISK
42.54,0.18,3.01,NORMAL
44.81,0.25,5.21,WARNING
53.68,0.98,7.0,FAILURE RISK
38.31,0.13,3.13,NORMAL
40.8,0.24,5.49,WARNING
77.51,0.62,11.09,FAILURE RISK
39.74,0.11,3.8,NORMAL
40.92,0.22,4.4,WARNING
55.03,0.79,9.27,FAILURE RISK
36.56,0.18,3.2,NORMAL
42.48,0.25,4.6,WARNING
82.43,0.47,6.42,FAILURE RISK
36.88,0.18,5.04,NORMAL
47.52,0.22,5.23,WARNING
89.9,0.9,10.11,FAILURE RISK
41.7,0.1,4.63,NORMAL
46.07,0.22,4.41,WARNING
68.53,0.53,6.99,FAILURE RISK
37.52,0.18,3.71,NORMAL
40.41,0.19,5.55,WARNING
51.11,0.61,7.34,FAILURE RISK
43.86,0.21,4.37,NORMAL
47.39,0.21,4.42,WARNING
72.09,0.71,4.6,FAILURE RISK
40.61,0.21,4.0,NORMAL
41.29,0.21,5.34,WARNING
78.39,0.21,6.39,FAILURE RISK
39.1,0.17,4.84,NORMAL
40.43,0.22,5.04,WARNING
73.03,0.68,4.73,FAILURE RISK
37.28,0.16,3.57,NORMAL
41.77,0.24,4.89,WARNING
69.41,0.22,5.97,FAILURE RISK
41.77,0.17,3.57,NORMAL
43.38,0.19,5.34,WARNING
74.0,0.56,7.07,FAILURE RISK
38.1,0.09,4.34,NORMAL
47.51,0.16,4.12,WARNING
80.05,0.73,9.88,FAILURE RISK
42.95,0.17,3.28,NORMAL
41.85,0.19,5.61,WARNING
74.81,0.9,5.59,FAILURE RISK
42.75,0.06,4.57,NORMAL
42.51,0.26,4.92,WARNING
60.03,0.4,8.3,FAILURE RISK
39.83,0.13,5.14,NORMAL
47.91,0.17,4.03,WARNING
87.6,0.3,5.77,FAILURE RISK
44.72,0.21,4.69,NORMAL
45.41,0.22,5.36,WARNING
76.83,0.72,7.43,FAILURE RISK
44.62,0.14,3.66,NORMAL
45.31,0.2,4.97,WARNING
66.33,0.41,5.91,FAILURE RISK
39.96,0.2,3.24,NORMAL
44.73,0.26,4.72,WARNING
45.18,0.77,5.07,FAILURE RISK
37.6,0.21,4.28,NORMAL
45.08,0.26,4.46,WARNING
66.84,0.79,4.79,FAILURE RISK
38.79,0.19,4.13,NORMAL
45.34,0.22,4.86,WARNING
68.4,0.31,10.78,FAILURE RISK
39.44,0.09,4.49,NORMAL
42.6,0.23,4.9,WARNING
79.59,0.25,10.16,FAILURE RISK
35.06,0.15,4.23,NORMAL
43.69,0.23,4.92,WARNING
63.78,0.84,5.17,FAILURE RISK
39.55,0.06,4.54,NORMAL
47.18,0.16,4.8,WARNING
61.84,0.96,5.15,FAILURE RISK
40.11,0.06,3.68,NORMAL
46.3,0.25,5.37,WARNING
66.23,0.92,11.07,FAILURE RISK
37.03,0.08,4.65,NORMAL
40.78,0.23,4.63,WARNING
79.87,0.45,9.49,FAILURE RISK
44.32,0.13,3.95,NORMAL
45.53,0.17,5.44,WARNING
85.63,0.94,5.57,FAILURE RISK
37.95,0.13,5.16,NORMAL
47.71,0.26,5.32,WARNING
65.59,0.71,4.86,FAILURE RISK
41.14,0.15,4.32,NORMAL
42.02,0.21,5.45,WARNING
87.97,0.29,8.86,FAILURE RISK
37.04,0.12,4.62,NORMAL
46.91,0.22,4.25,WARNING
53.57,0.61,8.01,FAILURE RISK
42.25,0.17,3.16,NORMAL
47.37,0.16,5.5,WARNING
69.87,0.67,6.28,FAILURE RISK
43.7,0.21,3.27,NORMAL
47.85,0.21,5.51,WARNING
55.83,0.52,8.05,FAILURE RISK
36.57,0.11,3.01,NORMAL
41.79,0.25,4.95,WARNING
61.19,0.73,5.62,FAILURE RISK
42.62,0.1,3.01,NORMAL
46.53,0.24,4.38,WARNING
51.32,0.93,7.72,FAILURE RISK
40.53,0.05,3.45,NORMAL
45.72,0.27,4.01,WARNING
87.04,0.49,9.43,FAILURE RISK
43.08,0.06,5.03,NORMAL
44.88,0.23,5.26,WARNING
78.4,0.67,9.58,FAILURE RISK
41.59,0.1,4.23,NORMAL
46.09,0.16,5.42,WARNING
85.18,0.94,6.29,FAILURE RISK
42.03,0.13,4.92,NORMAL
47.56,0.2,4.06,WARNING
49.87,0.7,7.39,FAILURE RISK
41.99,0.12,4.66,NORMAL
42.62,0.19,5.43,WARNING
87.05,0.61,8.28,FAILURE RISK
40.15,0.13,3.55,NORMAL
47.5,0.17,4.2,WARNING
78.33,0.66,6.83,FAILURE RISK
39.89,0.09,3.2,NORMAL
41.97,0.24,4.82,WARNING
78.85,0.45,11.01,FAILURE RISK
44.12,0.06,4.95,NORMAL
44.66,0.2,5.64,WARNING
87.96,0.32,8.06,FAILURE RISK
38.74,0.2,3.83,NORMAL
47.63,0.26,4.38,WARNING
76.98,0.58,9.13,FAILURE RISK
44.12,0.12,4.27,NORMAL
41.0,0.24,5.19,WARNING
84.15,0.61,9.41,FAILURE RISK
38.02,0.11,3.53,NORMAL
46.04,0.27,5.21,WARNING
58.03,0.89,6.63,FAILURE RISK
44.03,0.18,5.12,NORMAL
42.82,0.26,4.25,WARNING
48.34,0.35,9.83,FAILURE RISK
38.51,0.1,4.46,NORMAL
42.71,0.26,4.59,WARNING
87.55,0.83,7.83,FAILURE RISK
37.41,0.07,3.8,NORMAL
45.08,0.19,4.78,WARNING
85.89,0.42,4.57,FAILURE RISK
41.62,0.1,4.58,NORMAL
42.84,0.24,5.47,WARNING
66.58,0.8,11.08,FAILURE RISK
42.67,0.13,3.47,NORMAL
40.93,0.22,5.18,WARNING
82.72,0.56,10.83,FAILURE RISK
36.4,0.14,3.53,NORMAL
45.08,0.24,5.57,WARNING
70.54,0.42,7.71,FAILURE RISK
38.65,0.11,3.86,NORMAL
45.08,0.16,4.62,WARNING
72.26,0.78,6.01,FAILURE RISK
38.28,0.17,3.67,NORMAL
46.5,0.24,5.34,WARNING
88.42,0.41,9.43,FAILURE RISK
39.37,0.06,3.92,NORMAL
41.05,0.25,4.64,WARNING
72.47,0.22,8.46,FAILURE RISK
39.04,0.13,3.43,NORMAL
46.54,0.19,4.16,WARNING
88.02,0.32,9.39,FAILURE RISK
37.36,0.1,3.08,NORMAL
47.85,0.16,4.97,WARNING
89.64,0.93,5.99,FAILURE RISK
42.56,0.15,3.38,NORMAL
45.94,0.22,4.28,WARNING
57.82,0.87,7.2,FAILURE RISK
43.82,0.08,4.82,NORMAL
46.05,0.17,4.98,WARNING
79.79,0.46,8.72,FAILURE RISK
36.52,0.16,4.04,NORMAL
44.11,0.24,4.67,WARNING
45.42,0.38,5.28,FAILURE RISK
44.63,0.2,5.11,NORMAL
45.56,0.17,4.48,WARNING
88.51,0.22,6.7,FAILURE RISK
44.15,0.12,4.74,NORMAL
43.54,0.19,5.23,WARNING
75.91,0.38,7.12,FAILURE RISK
37.17,0.13,4.6,NORMAL
43.91,0.25,4.75,WARNING
48.61,0.83,9.29,FAILURE RISK
37.6,0.06,5.19,NORMAL
47.79,0.18,4.86,WARNING
75.62,0.63,11.38,FAILURE RISK
35.29,0.21,3.39,NORMAL
46.76,0.25,4.4,WARNING
89.42,0.81,7.84,FAILURE RISK
38.66,0.09,3.1,NORMAL
41.24,0.27,5.27,WARNING
72.4,0.76,9.53,FAILURE RISK
36.32,0.07,4.45,NORMAL
42.51,0.24,4.56,WARNING
87.72,0.68,9.71,FAILURE RISK
43.96,0.2,3.04,NORMAL
41.07,0.25,5.35,WARNING
46.51,0.88,10.69,FAILURE RISK
36.26,0.08,4.71,NORMAL
47.25,0.17,4.25,WARNING
72.1,0.82,7.6,FAILURE RISK
39.91,0.2,3.09,NORMAL
44.15,0.26,5.34,WARNING
73.39,0.67,11.21,FAILURE RISK
38.09,0.18,4.42,NORMAL
45.69,0.17,5.34,WARNING
52.59,0.33,5.85,FAILURE RISK
41.61,0.06,4.13,NORMAL
46.94,0.22,5.24,WARNING
60.09,0.73,5.76,FAILURE RISK
36.11,0.14,4.16,NORMAL
40.01,0.23,5.47,WARNING
51.93,0.97,9.26,FAILURE RISK
37.23,0.08,4.86,NORMAL
41.84,0.18,5.24,WARNING
47.44,0.46,6.17,FAILURE RISK
36.77,0.17,3.18,NORMAL
44.79,0.24,5.02,WARNING
87.48,0.93,9.89,FAILURE RISK
44.32,0.21,3.36,NORMAL
44.54,0.22,5.08,WARNING
49.88,0.53,5.42,FAILURE RISK
43.59,0.21,3.66,NORMAL
46.86,0.27,5.56,WARNING
55.16,0.31,4.99,FAILURE RISK
37.8,0.07,3.34,NORMAL
46.8,0.16,4.05,WARNING
58.89,0.31,7.72,FAILURE RISK
42.07,0.13,3.5,NORMAL
44.88,0.27,4.93,WARNING
88.77,0.36,4.87,FAILURE RISK
43.05,0.18,4.52,NORMAL
45.38,0.26,5.0,WARNING
50.97,0.41,10.37,FAILURE RISK
41.1,0.09,3.36,NORMAL
45.87,0.25,5.45,WARNING
62.08,0.85,4.93,FAILURE RISK
41.95,0.17,4.3,NORMAL
47.31,0.25,4.04,WARNING
85.82,0.92,11.51,FAILURE RISK
44.19,0.21,3.5,NORMAL
42.89,0.27,4.49,WARNING
71.76,0.53,5.94,FAILURE RISK
43.88,0.07,3.9,NORMAL
46.93,0.24,4.77,WARNING
73.69,0.45,10.1,FAILURE RISK
41.02,0.12,3.41,NORMAL
43.94,0.19,5.57,WARNING
82.1,0.36,6.02,FAILURE RISK
42.25,0.1,3.8,NORMAL
46.26,0.26,4.22,WARNING
75.74,0.24,10.26,FAILURE RISK
44.4,0.17,4.15,NORMAL
44.71,0.21,5.41,WARNING
47.21,0.79,11.74,FAILURE RISK
36.5,0.09,4.24,NORMAL
43.8,0.27,5.54,WARNING
65.4,0.26,10.4,FAILURE RISK
42.09,0.11,4.61,NORMAL
40.94,0.27,5.32,WARNING
65.3,0.97,8.35,FAILURE RISK
41.26,0.19,3.57,NORMAL
47.5,0.23,5.37,WARNING
59.24,0.37,4.74,FAILURE RISK
41.59,0.12,3.08,NORMAL
47.97,0.22,4.23,WARNING
48.55,0.41,9.93,FAILURE RISK
38.63,0.2,4.2,NORMAL
43.86,0.25,4.35,WARNING
47.65,0.63,10.25,FAILURE RISK
39.77,0.15,4.43,NORMAL
43.94,0.25,5.38,WARNING
52.73,0.5,6.7,FAILURE RISK
43.33,0.09,3.38,NORMAL
47.96,0.18,4.15,WARNING
58.39,0.61,6.37,FAILURE RISK
38.47,0.21,3.94,NORMAL
43.47,0.25,5.42,WARNING
63.63,0.8,5.58,FAILURE RISK
38.28,0.06,4.8,NORMAL
43.85,0.2,5.55,WARNING
58.69,0.35,4.53,FAILURE RISK
43.76,0.18,4.55,NORMAL
46.52,0.24,5.58,WARNING
55.83,0.91,4.82,FAILURE RISK
43.71,0.08,3.24,NORMAL
47.44,0.22,5.2,WARNING
51.51,0.93,6.71,FAILURE RISK
44.88,0.09,5.05,NORMAL
47.23,0.21,5.34,WARNING
49.61,0.67,8.98,FAILURE RISK
35.19,0.11,4.71,NORMAL
45.63,0.23,4.37,WARNING
65.37,0.47,6.28,FAILURE RISK
35.14,0.2,3.17,NORMAL
45.84,0.21,4.27,WARNING
50.23,0.4,6.19,FAILURE RISK
43.83,0.2,5.06,NORMAL
42.03,0.23,4.08,WARNING
68.03,0.76,11.96,FAILURE RISK
38.33,0.14,3.62,NORMAL
41.44,0.24,4.68,WARNING
81.68,0.66,9.81,FAILURE RISK
39.76,0.06,4.29,NORMAL
44.03,0.27,5.4,WARNING
78.69,0.79,10.4,FAILURE RISK
44.95,0.2,4.4,NORMAL
47.67,0.24,5.03,WARNING
79.6,0.32,9.67,FAILURE RISK
40.3,0.16,5.19,NORMAL
47.56,0.17,4.05,WARNING
87.68,0.61,10.97,FAILURE RISK
37.45,0.06,5.09,NORMAL
43.37,0.16,5.24,WARNING
73.93,0.42,11.91,FAILURE RISK
37.22,0.06,4.36,NORMAL
40.7,0.25,5.27,WARNING
51.53,0.83,4.93,FAILURE RISK
41.67,0.09,4.8,NORMAL
43.07,0.27,4.46,WARNING
70.44,0.6,9.52,FAILURE RISK
41.88,0.19,4.86,NORMAL
44.05,0.27,4.93,WARNING
62.72,0.47,6.52,FAILURE RISK
38.52,0.1,3.03,NORMAL
46.58,0.26,4.32,WARNING
58.61,0.73,7.05,FAILURE RISK
41.93,0.18,5.07,NORMAL
45.56,0.25,5.17,WARNING
81.81,0.42,6.1,FAILURE RISK
35.99,0.17,3.84,NORMAL
44.17,0.24,5.14,WARNING
65.72,0.35,5.51,FAILURE RISK
43.96,0.17,4.09,NORMAL
45.69,0.26,4.38,WARNING
53.83,0.29,7.53,FAILURE RISK
44.91,0.11,4.76,NORMAL
43.17,0.17,5.34,WARNING
58.58,0.6,11.49,FAILURE RISK
44.6,0.11,3.13,NORMAL
45.05,0.22,5.05,WARNING
58.55,0.29,11.64,FAILURE RISK
42.28,0.14,4.36,NORMAL
44.81,0.22,5.4,WARNING
56.02,0.6,5.43,FAILURE RISK
36.31,0.19,3.32,NORMAL
47.84,0.2,4.95,WARNING
54.8,0.61,5.07,FAILURE RISK
44.89,0.17,3.21,NORMAL
40.86,0.2,5.28,WARNING
76.39,0.51,6.65,FAILURE RISK
36.79,0.09,4.17,NORMAL
46.26,0.15,4.42,WARNING
69.0,0.23,10.43,FAILURE RISK
44.34,0.07,4.32,NORMAL
45.48,0.23,5.45,WARNING
89.72,0.25,10.31,FAILURE RISK
40.59,0.19,5.09,NORMAL
47.53,0.17,5.34,WARNING
85.93,0.47,11.79,FAILURE RISK
41.79,0.2,3.51,NORMAL
45.43,0.27,4.78,WARNING
74.83,0.63,6.29,FAILURE RISK
43.91,0.13,3.32,NORMAL
40.13,0.27,4.16,WARNING
48.89,0.94,10.18,FAILURE RISK
40.33,0.05,3.46,NORMAL
45.26,0.2,4.37,WARNING
87.61,0.92,8.97,FAILURE RISK
44.22,0.17,4.38,NORMAL
42.17,0.19,5.38,WARNING
62.62,0.31,9.78,FAILURE RISK
43.64,0.11,4.96,NORMAL
47.91,0.27,5.55,WARNING
56.83,0.69,5.18,FAILURE RISK
40.42,0.15,4.19,NORMAL
41.25,0.25,4.56,WARNING
53.31,0.69,11.61,FAILURE RISK
36.31,0.14,4.79,NORMAL
45.52,0.21,5.38,WARNING
70.2,0.5,6.89,FAILURE RISK
36.23,0.15,3.72,NORMAL
45.08,0.25,4.23,WARNING
72.31,0.56,6.82,FAILURE RISK
39.56,0.16,3.99,NORMAL
42.84,0.26,5.17,WARNING
81.74,0.47,4.65,FAILURE RISK
39.82,0.13,4.58,NORMAL
47.3,0.22,4.96,WARNING
75.09,0.28,9.4,FAILURE RISK
44.37,0.12,3.57,NORMAL
47.38,0.16,4.39,WARNING
65.41,0.67,8.55,FAILURE RISK
43.79,0.17,3.5,NORMAL
40.28,0.15,5.56,WARNING
86.05,0.9,9.04,FAILURE RISK
36.42,0.1,3.44,NORMAL
40.99,0.24,5.28,WARNING
50.1,0.89,10.94,FAILURE RISK
43.79,0.06,4.42,NORMAL
43.66,0.19,5.43,WARNING
73.25,0.86,5.85,FAILURE RISK
36.75,0.05,3.41,NORMAL
43.83,0.23,4.4,WARNING
56.76,0.65,9.46,FAILURE RISK
35.36,0.15,4.46,NORMAL
43.61,0.17,5.32,WARNING
61.42,0.29,7.69,FAILURE RISK
44.88,0.09,4.12,NORMAL
46.59,0.19,5.47,WARNING
52.75,0.66,9.26,FAILURE RISK
35.39,0.21,4.28,NORMAL
47.03,0.2,5.04,WARNING
88.52,0.59,6.14,FAILURE RISK
38.81,0.09,4.67,NORMAL
45.95,0.21,4.14,WARNING
78.28,0.26,10.96,FAILURE RISK
39.35,0.21,4.94,NORMAL
47.67,0.17,5.34,WARNING
54.36,0.53,11.54,FAILURE RISK
40.45,0.06,3.41,NORMAL
45.6,0.18,4.58,WARNING
78.57,0.26,9.17,FAILURE RISK
43.64,0.21,3.05,NORMAL
45.91,0.23,4.98,WARNING
51.82,0.29,9.9,FAILURE RISK
39.53,0.05,4.56,NORMAL
46.94,0.2,4.2,WARNING
53.74,0.71,5.29,FAILURE RISK
38.47,0.08,4.98,NORMAL
45.64,0.18,5.13,WARNING
47.01,0.38,7.3,FAILURE RISK
39.3,0.12,4.02,NORMAL
46.43,0.15,5.08,WARNING
52.66,0.59,5.64,FAILURE RISK
40.35,0.07,3.87,NORMAL
46.49,0.16,4.21,WARNING
53.63,0.65,8.44,FAILURE RISK
44.51,0.18,3.04,NORMAL
45.05,0.22,4.07,WARNING
48.69,0.45,5.65,FAILURE RISK
40.49,0.08,4.29,NORMAL
41.96,0.26,5.09,WARNING
73.88,0.32,5.58,FAILURE RISK
38.69,0.05,4.6,NORMAL
46.18,0.22,4.16,WARNING
49.93,0.6,8.27,FAILURE RISK
41.98,0.11,5.15,NORMAL
41.55,0.26,5.22,WARNING
47.52,0.71,11.48,FAILURE RISK
41.49,0.21,4.96,NORMAL
45.67,0.22,4.94,WARNING
79.75,0.24,11.34,FAILURE RISK
43.1,0.1,3.01,NORMAL
42.03,0.16,5.35,WARNING
89.51,0.87,8.55,FAILURE RISK
39.67,0.16,4.54,NORMAL
41.26,0.19,5.28,WARNING
59.64,0.74,10.96,FAILURE RISK
38.62,0.14,3.72,NORMAL
42.0,0.27,5.57,WARNING
81.31,0.94,11.88,FAILURE RISK
38.0,0.08,4.51,NORMAL
41.43,0.26,4.15,WARNING
70.99,0.71,4.97,FAILURE RISK
42.37,0.08,4.4,NORMAL
46.72,0.19,5.66,WARNING
88.54,0.69,11.63,FAILURE RISK
39.25,0.2,3.29,NORMAL
42.44,0.25,4.81,WARNING
63.93,0.48,6.51,FAILURE RISK
43.44,0.11,4.54,NORMAL
46.07,0.15,4.72,WARNING
64.23,0.51,6.81,FAILURE RISK
44.15,0.11,5.05,NORMAL
47.48,0.17,5.5,WARNING
57.74,0.26,11.01,FAILURE RISK
38.17,0.07,4.14,NORMAL
42.7,0.2,5.28,WARNING
62.99,0.5,4.79,FAILURE RISK
36.3,0.15,3.53,NORMAL
43.07,0.23,4.35,WARNING
55.39,0.24,11.67,FAILURE RISK
42.96,0.11,4.82,NORMAL
47.8,0.24,5.06,WARNING
74.96,0.85,6.31,FAILURE RISK
38.97,0.21,3.83,NORMAL
46.8,0.17,5.55,WARNING
57.31,0.48,10.4,FAILURE RISK
36.99,0.11,3.49,NORMAL
44.58,0.26,4.04,WARNING
62.52,0.49,10.48,FAILURE RISK
41.6,0.15,4.72,NORMAL
45.36,0.19,5.49,WARNING
70.27,0.89,11.43,FAILURE RISK
39.09,0.07,3.73,NORMAL
47.61,0.22,4.89,WARNING
62.79,0.51,7.83,FAILURE RISK
42.47,0.16,4.33,NORMAL
43.83,0.19,5.56,WARNING
76.69,0.29,11.92,FAILURE RISK
35.63,0.15,3.8,NORMAL
47.77,0.27,5.47,WARNING
56.02,0.79,8.42,FAILURE RISK
44.58,0.21,3.64,NORMAL
45.25,0.24,4.43,WARNING
81.67,0.6,11.69,FAILURE RISK
39.61,0.11,3.73,NORMAL
42.19,0.26,4.06,WARNING
83.37,0.71,6.49,FAILURE RISK
35.68,0.2,4.74,NORMAL
46.05,0.15,4.19,WARNING
52.12,0.8,8.66,FAILURE RISK
37.46,0.2,4.59,NORMAL
44.59,0.24,4.61,WARNING
64.87,0.97,6.49,FAILURE RISK
42.17,0.17,4.34,NORMAL
43.5,0.16,5.32,WARNING
74.94,0.23,10.45,FAILURE RISK
43.6,0.06,4.89,NORMAL
46.53,0.27,5.01,WARNING
66.7,0.29,6.7,FAILURE RISK
44.49,0.07,4.2,NORMAL
46.28,0.22,4.15,WARNING
61.82,0.41,10.0,FAILURE RISK
39.66,0.12,3.55,NORMAL
40.61,0.23,5.18,WARNING
81.18,0.23,7.04,FAILURE RISK
39.62,0.18,3.59,NORMAL
47.07,0.24,5.16,WARNING
79.02,0.92,11.78,FAILURE RISK
42.44,0.08,3.28,NORMAL
46.55,0.24,4.29,WARNING
82.02,0.53,9.39,FAILURE RISK
36.2,0.06,4.12,NORMAL
46.03,0.18,5.28,WARNING
52.69,0.64,5.43,FAILURE RISK
41.49,0.06,4.27,NORMAL
45.57,0.26,4.02,WARNING
50.81,0.85,4.95,FAILURE RISK
40.77,0.21,3.2,NORMAL
41.78,0.26,4.99,WARNING
89.28,0.95,4.55,FAILURE RISK
35.34,0.11,3.38,NORMAL
45.97,0.2,5.59,WARNING
72.67,0.7,4.65,FAILURE RISK
35.72,0.12,4.48,NORMAL
42.09,0.22,5.1,WARNING
58.65,0.93,8.84,FAILURE RISK
40.88,0.08,4.39,NORMAL
41.29,0.21,5.54,WARNING
88.48,0.97,6.94,FAILURE RISK
37.68,0.16,4.81,NORMAL
40.78,0.23,4.68,WARNING
60.86,0.88,7.49,FAILURE RISK
37.54,0.15,5.04,NORMAL
43.43,0.18,5.52,WARNING
45.81,0.68,6.32,FAILURE RISK
40.29,0.06,4.72,NORMAL
41.29,0.27,4.79,WARNING
52.51,0.74,10.93,FAILURE RISK
36.43,0.08,3.56,NORMAL
47.51,0.27,5.66,WARNING
55.61,0.49,7.09,FAILURE RISK
36.2,0.19,3.69,NORMAL
45.64,0.26,4.86,WARNING
73.96,0.47,10.69,FAILURE RISK
37.56,0.05,4.1,NORMAL
40.9,0.25,5.3,WARNING
69.16,0.24,11.4,FAILURE RISK
36.8,0.1,3.09,NORMAL
42.97,0.2,5.39,WARNING
50.21,0.7,8.81,FAILURE RISK
44.14,0.21,3.01,NORMAL
41.64,0.22,4.55,WARNING
83.01,0.91,4.57,FAILURE RISK
38.65,0.14,4.11,NORMAL
46.98,0.21,5.24,WARNING
58.99,0.56,9.86,FAILURE RISK
41.63,0.18,4.4,NORMAL
47.35,0.23,4.01,WARNING
72.46,0.66,10.46,FAILURE RISK
35.12,0.1,4.54,NORMAL
46.46,0.19,4.4,WARNING
76.7,0.47,5.45,FAILURE RISK
39.11,0.1,4.8,NORMAL
45.13,0.27,5.04,WARNING
59.49,0.25,9.52,FAILURE RISK
39.44,0.08,4.67,NORMAL
40.26,0.27,4.84,WARNING
66.09,0.62,11.97,FAILURE RISK
43.77,0.16,3.68,NORMAL
46.92,0.16,4.18,WARNING
65.61,0.64,5.08,FAILURE RISK
41.14,0.09,3.34,NORMAL
42.72,0.22,5.57,WARNING
61.0,0.85,6.79,FAILURE RISK
36.61,0.12,3.25,NORMAL
45.84,0.25,4.64,WARNING
54.01,0.85,11.71,FAILURE RISK
38.0,0.21,4.55,NORMAL
46.76,0.19,5.67,WARNING
87.4,0.49,7.36,FAILURE RISK
44.42,0.13,4.24,NORMAL
41.09,0.26,4.62,WARNING
89.05,0.54,5.25,FAILURE RISK
35.29,0.2,4.73,NORMAL
46.18,0.18,4.41,WARNING
77.39,0.66,7.37,FAILURE RISK
40.62,0.17,4.85,NORMAL
45.4,0.26,4.84,WARNING
65.59,0.21,10.5,FAILURE RISK
38.14,0.17,3.68,NORMAL
41.95,0.17,5.69,WARNING
66.37,0.57,4.68,FAILURE RISK
37.91,0.1,3.62,NORMAL
45.54,0.17,5.36,WARNING
82.82,0.39,7.66,FAILURE RISK
44.11,0.19,3.36,NORMAL
44.66,0.19,5.58,WARNING
76.8,0.72,5.55,FAILURE RISK
37.39,0.13,4.19,NORMAL
46.71,0.23,4.35,WARNING
86.7,0.65,8.9,FAILURE RISK
36.54,0.14,4.89,NORMAL
43.2,0.2,5.62,WARNING
70.98,0.68,8.37,FAILURE RISK
40.05,0.16,3.18,NORMAL
46.36,0.18,5.25,WARNING
65.77,0.46,11.8,FAILURE RISK
39.74,0.14,4.44,NORMAL
41.79,0.24,4.56,WARNING
57.86,0.96,5.98,FAILURE RISK
35.63,0.05,3.5,NORMAL
40.65,0.22,4.18,WARNING
46.74,0.21,8.45,FAILURE RISK
41.48,0.2,4.87,NORMAL
45.08,0.19,5.2,WARNING
58.21,0.25,6.47,FAILURE RISK
40.1,0.19,3.1,NORMAL
46.44,0.16,4.49,WARNING
57.83,0.75,6.85,FAILURE RISK
35.34,0.16,3.07,NORMAL
43.93,0.19,5.41,WARNING
72.99,0.28,4.76,FAILURE RISK
38.73,0.19,3.13,NORMAL
42.6,0.27,5.27,WARNING
70.9,0.5,10.91,FAILURE RISK
41.69,0.2,4.53,NORMAL
47.04,0.19,4.02,WARNING
46.1,0.71,9.14,FAILURE RISK
37.73,0.06,3.67,NORMAL
47.67,0.27,4.43,WARNING
68.03,0.89,9.6,FAILURE RISK
40.48,0.2,4.99,NORMAL
45.82,0.19,5.54,WARNING
49.49,0.44,9.88,FAILURE RISK
35.36,0.18,4.75,NORMAL
44.08,0.24,4.43,WARNING
55.36,0.39,7.46,FAILURE RISK
35.72,0.14,3.28,NORMAL
47.9,0.23,4.26,WARNING
53.7,0.64,6.47,FAILURE RISK
37.28,0.18,4.68,NORMAL
46.29,0.21,4.52,WARNING
54.04,0.64,10.94,FAILURE RISK
41.9,0.11,3.73,NORMAL
47.31,0.22,5.41,WARNING
56.07,0.83,11.65,FAILURE RISK
42.77,0.06,4.96,NORMAL
45.63,0.27,5.03,WARNING
61.17,0.75,5.96,FAILURE RISK
38.04,0.2,3.47,NORMAL
41.3,0.26,5.6,WARNING
53.67,0.31,6.87,FAILURE RISK
42.14,0.21,3.54,NORMAL
41.04,0.17,5.43,WARNING
70.15,0.79,8.8,FAILURE RISK
44.07,0.15,5.03,NORMAL
43.36,0.26,4.01,WARNING
72.48,0.76,6.37,FAILURE RISK
35.09,0.08,5.19,NORMAL
45.43,0.22,5.42,WARNING
51.26,0.83,11.2,FAILURE RISK
43.78,0.16,5.12,NORMAL
46.87,0.25,4.91,WARNING
58.4,0.26,9.69,FAILURE RISK
44.35,0.15,3.64,NORMAL
45.44,0.18,4.77,WARNING
56.1,0.2,11.39,FAILURE RISK
42.37,0.15,3.64,NORMAL
46.85,0.24,5.02,WARNING
47.41,0.73,8.53,FAILURE RISK
39.23,0.16,3.2,NORMAL
47.19,0.16,5.14,WARNING
73.42,0.73,5.47,FAILURE RISK
44.76,0.13,5.11,NORMAL
42.66,0.16,5.69,WARNING
77.45,0.95,5.68,FAILURE RISK
39.87,0.18,4.78,NORMAL
42.71,0.22,4.04,WARNING
72.1,0.84,9.31,FAILURE RISK
36.65,0.21,3.05,NORMAL
44.38,0.22,4.84,WARNING
58.09,0.78,6.34,FAILURE RISK
36.72,0.11,4.64,NORMAL
47.95,0.26,4.14,WARNING
63.94,0.75,6.5,FAILURE RISK
35.53,0.17,3.51,NORMAL
42.94,0.15,5.22,WARNING
62.39,0.32,8.3,FAILURE RISK
43.1,0.12,4.88,NORMAL
47.32,0.2,5.31,WARNING
55.03,0.2,9.71,FAILURE RISK
36.94,0.19,3.24,NORMAL
40.14,0.23,4.25,WARNING
79.92,0.49,4.87,FAILURE RISK
42.69,0.2,4.58,NORMAL
45.51,0.24,4.84,WARNING
55.54,0.76,7.68,FAILURE RISK
42.55,0.06,4.59,NORMAL
43.88,0.23,4.15,WARNING
62.75,0.45,8.92,FAILURE RISK
42.92,0.19,3.78,NORMAL
42.2,0.21,5.54,WARNING
75.29,0.64,4.53,FAILURE RISK
42.72,0.1,4.03,NORMAL
43.26,0.23,4.08,WARNING
71.23,0.87,10.77,FAILURE RISK
37.06,0.06,3.78,NORMAL
47.32,0.17,4.53,WARNING
57.88,0.75,7.21,FAILURE RISK
35.56,0.08,3.6,NORMAL
42.83,0.25,4.84,WARNING
80.27,0.33,11.34,FAILURE RISK
35.85,0.15,5.14,NORMAL
45.95,0.17,4.65,WARNING
46.45,0.94,10.39,FAILURE RISK
36.11,0.12,4.1,NORMAL
47.24,0.2,4.77,WARNING
71.79,0.46,10.87,FAILURE RISK
44.42,0.18,4.43,NORMAL
46.62,0.22,4.36,WARNING
76.56,0.23,10.75,FAILURE RISK
43.96,0.08,4.61,NORMAL
43.48,0.27,4.76,WARNING
61.23,0.89,7.54,FAILURE RISK
38.08,0.11,3.57,NORMAL
45.27,0.24,5.13,WARNING
55.71,0.36,6.39,FAILURE RISK
36.75,0.06,3.14,NORMAL
44.32,0.24,4.27,WARNING
69.11,0.47,9.84,FAILURE RISK
36.43,0.15,4.54,NORMAL
45.87,0.19,4.29,WARNING
75.22,0.23,6.81,FAILURE RISK
39.55,0.07,4.87,NORMAL
46.58,0.16,4.55,WARNING
70.01,0.58,11.9,FAILURE RISK
41.19,0.15,3.85,NORMAL
42.54,0.2,5.44,WARNING
64.2,0.79,10.45,FAILURE RISK
38.13,0.1,3.09,NORMAL
47.43,0.19,4.47,WARNING
79.46,0.64,9.03,FAILURE RISK
39.23,0.21,4.03,NORMAL
41.63,0.24,4.66,WARNING
48.73,0.83,5.91,FAILURE RISK
41.36,0.12,5.11,NORMAL
42.89,0.25,4.67,WARNING
63.01,0.47,10.97,FAILURE RISK
44.75,0.05,3.24,NORMAL
44.26,0.26,4.27,WARNING
82.6,0.66,7.78,FAILURE RISK
41.7,0.08,4.36,NORMAL
45.06,0.27,4.53,WARNING
80.5,1.0,9.98,FAILURE RISK
35.6,0.07,3.03,NORMAL
47.69,0.22,5.35,WARNING
47.75,0.41,4.95,FAILURE RISK
43.81,0.14,4.29,NORMAL
44.43,0.21,5.28,WARNING
74.85,0.86,11.19,FAILURE RISK
39.65,0.15,4.5,NORMAL
47.48,0.21,4.78,WARNING
49.28,0.32,8.75,FAILURE RISK
43.96,0.17,5.16,NORMAL
45.79,0.2,5.03,WARNING
67.77,0.27,11.04,FAILURE RISK
36.43,0.16,4.51,NORMAL
41.51,0.22,5.68,WARNING
66.28,0.46,9.87,FAILURE RISK
38.01,0.13,4.77,NORMAL
46.1,0.2,4.9,WARNING
72.11,0.43,6.76,FAILURE RISK
42.66,0.06,4.3,NORMAL
40.55,0.27,4.78,WARNING
54.51,0.69,10.65,FAILURE RISK
41.54,0.08,3.68,NORMAL
47.29,0.18,5.49,WARNING
52.55,0.75,8.5,FAILURE RISK
35.67,0.18,3.4,NORMAL
47.44,0.26,4.18,WARNING
48.55,0.84,10.18,FAILURE RISK
36.9,0.06,3.28,NORMAL
40.21,0.27,4.8,WARNING
64.16,1.0,5.02,FAILURE RISK
39.72,0.05,4.55,NORMAL
47.24,0.22,5.62,WARNING
58.44,0.95,10.24,FAILURE RISK
35.82,0.09,3.82,NORMAL
47.47,0.21,5.31,WARNING
55.53,0.91,6.62,FAILURE RISK
43.76,0.15,4.12,NORMAL
42.79,0.26,4.62,WARNING
85.52,0.64,9.86,FAILURE RISK
44.5,0.14,4.35,NORMAL
47.57,0.26,4.9,WARNING
82.58,0.76,7.13,FAILURE RISK
39.91,0.1,4.73,NORMAL
46.41,0.17,5.35,WARNING
63.44,0.31,7.92,FAILURE RISK
35.38,0.16,3.78,NORMAL
47.43,0.16,5.62,WARNING
85.73,0.75,5.7,FAILURE RISK
35.62,0.1,3.06,NORMAL
44.0,0.19,5.39,WARNING
71.5,0.51,4.56,FAILURE RISK
43.62,0.11,4.85,NORMAL
43.38,0.23,5.34,WARNING
79.56,0.32,4.51,FAILURE RISK
38.02,0.14,3.24,NORMAL
47.37,0.27,4.69,WARNING
49.62,0.88,7.41,FAILURE RISK
39.8,0.12,3.44,NORMAL
43.51,0.25,4.14,WARNING
48.26,0.89,7.07,FAILURE RISK
43.65,0.09,4.36,NORMAL
45.18,0.16,4.34,WARNING
74.46,0.21,8.32,FAILURE RISK
41.16,0.11,3.34,NORMAL
42.29,0.22,4.95,WARNING
83.74,0.8,6.4,FAILURE RISK
44.04,0.19,4.28,NORMAL
43.18,0.26,5.33,WARNING
89.34,0.73,11.39,FAILURE RISK
43.36,0.1,4.44,NORMAL
42.82,0.27,4.26,WARNING
50.32,0.24,9.62,FAILURE RISK
42.47,0.11,5.19,NORMAL
46.13,0.16,4.54,WARNING
62.44,0.68,5.19,FAILURE RISK
35.84,0.18,5.02,NORMAL
43.52,0.27,4.92,WARNING
64.1,0.82,9.37,FAILURE RISK
36.3,0.17,4.31,NORMAL
47.7,0.18,4.08,WARNING
45.91,0.81,10.07,FAILURE RISK
39.09,0.2,4.26,NORMAL
44.11,0.18,5.41,WARNING
71.02,0.52,6.04,FAILURE RISK
42.51,0.16,3.43,NORMAL
40.35,0.17,5.24,WARNING
78.23,0.25,10.83,FAILURE RISK
36.29,0.16,3.47,NORMAL
46.4,0.18,5.42,WARNING
81.66,0.25,11.93,FAILURE RISK
37.69,0.05,4.73,NORMAL
47.38,0.26,4.62,WARNING
69.18,0.71,8.35,FAILURE RISK
44.16,0.1,5.13,NORMAL
47.64,0.19,4.99,WARNING
58.62,0.97,6.28,FAILURE RISK
42.61,0.1,4.69,NORMAL
44.46,0.24,4.74,WARNING
73.56,0.54,6.04,FAILURE RISK
36.04,0.2,4.28,NORMAL
40.16,0.27,5.37,WARNING
80.0,0.91,5.8,FAILURE RISK
43.73,0.11,4.59,NORMAL
47.22,0.24,4.02,WARNING
55.59,0.27,10.0,FAILURE RISK
39.5,0.12,3.31,NORMAL
45.67,0.22,5.38,WARNING
47.2,0.93,11.75,FAILURE RISK
40.12,0.12,4.22,NORMAL
40.58,0.22,4.12,WARNING
66.57,0.47,10.7,FAILURE RISK
37.91,0.2,4.73,NORMAL
47.44,0.26,5.35,WARNING
53.37,0.35,5.96,FAILURE RISK
43.01,0.08,4.02,NORMAL
46.13,0.18,5.55,WARNING
55.26,0.65,7.08,FAILURE RISK
40.75,0.2,3.14,NORMAL
40.06,0.26,4.53,WARNING
74.9,0.92,6.77,FAILURE RISK
43.56,0.12,4.34,NORMAL
47.57,0.19,4.22,WARNING
75.25,0.31,5.81,FAILURE RISK
41.59,0.1,4.28,NORMAL
44.21,0.26,4.44,WARNING
62.0,0.4,7.16,FAILURE RISK
35.21,0.1,3.33,NORMAL
45.9,0.24,4.16,WARNING
75.97,0.34,5.08,FAILURE RISK
38.44,0.07,3.19,NORMAL
46.16,0.27,4.74,WARNING
45.02,0.87,5.96,FAILURE RISK
43.71,0.07,5.01,NORMAL
47.55,0.18,4.94,WARNING
70.02,0.67,4.85,FAILURE RISK
40.92,0.11,4.56,NORMAL
44.24,0.27,5.39,WARNING
57.13,0.29,10.89,FAILURE RISK
40.24,0.13,3.81,NORMAL
44.52,0.22,4.83,WARNING
64.28,0.44,11.19,FAILURE RISK
43.55,0.18,3.28,NORMAL
44.6,0.24,4.86,WARNING
80.81,0.99,10.3,FAILURE RISK
41.27,0.12,5.13,NORMAL
46.74,0.16,4.35,WARNING
49.74,0.99,11.26,FAILURE RISK
44.46,0.06,3.34,NORMAL
47.87,0.25,5.06,WARNING
47.03,0.32,8.8,FAILURE RISK
40.05,0.18,3.21,NORMAL
46.94,0.23,5.56,WARNING
49.71,0.84,7.62,FAILURE RISK
39.34,0.21,4.62,NORMAL
47.91,0.22,5.33,WARNING
87.61,0.97,7.49,FAILURE RISK
41.97,0.14,3.58,NORMAL
43.7,0.16,5.44,WARNING
86.96,0.33,7.69,FAILURE RISK
42.99,0.05,4.17,NORMAL
43.49,0.27,4.93,WARNING
63.16,0.32,8.74,FAILURE RISK
43.32,0.11,3.83,NORMAL
45.65,0.19,5.41,WARNING
67.67,0.86,6.89,FAILURE RISK
39.19,0.11,3.66,NORMAL
45.39,0.22,5.54,WARNING
74.37,0.54,10.53,FAILURE RISK
38.63,0.11,4.63,NORMAL
40.29,0.24,4.88,WARNING
72.28,0.38,5.34,FAILURE RISK
42.81,0.06,5.09,NORMAL
44.5,0.18,5.44,WARNING
75.37,0.35,8.23,FAILURE RISK
40.99,0.11,4.83,NORMAL
42.47,0.22,4.88,WARNING
85.53,0.27,10.06,FAILURE RISK
35.23,0.21,4.62,NORMAL
42.95,0.21,5.25,WARNING
68.2,0.65,6.65,FAILURE RISK
44.99,0.14,4.71,NORMAL
43.5,0.27,4.06,WARNING
51.57,0.33,8.3,FAILURE RISK
37.99,0.12,4.54,NORMAL
40.16,0.25,4.77,WARNING
69.56,0.78,8.83,FAILURE RISK
44.79,0.07,3.47,NORMAL
46.01,0.23,5.04,WARNING
70.44,0.43,6.02,FAILURE RISK
38.57,0.19,3.35,NORMAL
47.26,0.17,5.52,WARNING
52.0,0.31,8.94,FAILURE RISK
37.83,0.17,3.66,NORMAL
43.74,0.18,5.4,WARNING
83.23,0.99,6.89,FAILURE RISK
38.94,0.1,3.43,NORMAL
41.89,0.23,4.41,WARNING
56.59,0.35,6.62,FAILURE RISK
44.08,0.18,3.16,NORMAL
46.92,0.23,5.54,WARNING
51.47,0.63,9.47,FAILURE RISK
41.56,0.13,4.56,NORMAL
44.49,0.25,4.8,WARNING
46.42,0.21,10.74,FAILURE RISK
38.42,0.08,4.46,NORMAL
43.54,0.19,5.53,WARNING
62.6,0.57,8.22,FAILURE RISK
44.05,0.06,4.76,NORMAL
46.16,0.25,4.57,WARNING
61.94,0.94,4.67,FAILURE RISK
39.88,0.11,4.14,NORMAL
47.72,0.17,5.22,WARNING
63.96,0.43,8.19,FAILURE RISK
35.54,0.17,4.2,NORMAL
40.66,0.24,4.28,WARNING
50.19,0.35,11.93,FAILURE RISK
36.41,0.08,3.77,NORMAL
41.01,0.24,4.72,WARNING
66.83,0.97,6.52,FAILURE RISK
43.84,0.16,4.63,NORMAL
40.42,0.27,4.82,WARNING
70.35,0.67,4.55,FAILURE RISK
42.6,0.09,4.41,NORMAL
42.53,0.18,5.34,WARNING
82.93,0.88,11.63,FAILURE RISK
42.3,0.15,5.09,NORMAL
45.41,0.21,5.48,WARNING
75.39,0.72,8.45,FAILURE RISK
37.3,0.12,4.86,NORMAL
47.7,0.27,4.76,WARNING
66.43,0.53,11.13,FAILURE RISK
38.67,0.21,5.11,NORMAL
45.54,0.16,4.73,WARNING
68.09,0.38,9.85,FAILURE RISK
39.69,0.21,3.2,NORMAL
41.44,0.18,5.54,WARNING
72.34,0.56,9.64,FAILURE RISK
38.25,0.13,3.61,NORMAL
46.12,0.26,5.29,WARNING
70.66,0.29,5.13,FAILURE RISK
37.32,0.08,4.05,NORMAL
46.79,0.26,4.66,WARNING
65.23,0.45,5.84,FAILURE RISK
36.12,0.07,3.64,NORMAL
44.19,0.26,5.56,WARNING
61.57,0.66,10.9,FAILURE RISK
42.82,0.15,3.71,NORMAL
45.64,0.2,4.0,WARNING
80.81,0.44,7.41,FAILURE RISK
36.58,0.08,4.17,NORMAL
42.59,0.23,5.36,WARNING
74.75,0.21,9.72,FAILURE RISK
40.99,0.14,4.19,NORMAL
40.16,0.23,4.61,WARNING
61.28,0.98,10.25,FAILURE RISK
43.38,0.21,3.73,NORMAL
43.55,0.25,4.02,WARNING
46.19,0.22,8.27,FAILURE RISK
40.83,0.09,4.27,NORMAL
40.69,0.24,5.53,WARNING
88.22,0.3,7.24,FAILURE RISK
38.25,0.19,3.47,NORMAL
46.94,0.18,5.5,WARNING
83.14,0.67,7.17,FAILURE RISK
42.74,0.15,4.52,NORMAL
45.6,0.27,5.16,WARNING
51.31,0.68,7.55,FAILURE RISK
42.05,0.09,3.33,NORMAL
40.78,0.2,5.36,WARNING
87.98,0.34,10.14,FAILURE RISK
36.51,0.09,3.2,NORMAL
40.16,0.24,4.41,WARNING
51.28,0.34,9.61,FAILURE RISK
42.2,0.16,3.85,NORMAL
41.11,0.24,4.73,WARNING
81.71,0.24,5.88,FAILURE RISK
43.28,0.21,4.6,NORMAL
46.33,0.22,4.32,WARNING
53.87,0.91,8.76,FAILURE RISK
36.65,0.16,4.18,NORMAL
45.66,0.25,5.68,WARNING
82.73,0.39,9.48,FAILURE RISK
36.99,0.13,3.2,NORMAL
40.22,0.24,4.97,WARNING
73.64,0.6,8.38,FAILURE RISK
43.44,0.09,3.24,NORMAL
43.08,0.22,5.18,WARNING
51.82,0.6,9.01,FAILURE RISK
41.83,0.13,3.72,NORMAL
46.11,0.23,5.59,WARNING
87.18,0.4,5.85,FAILURE RISK
39.22,0.16,3.45,NORMAL
47.17,0.16,4.89,WARNING
68.05,0.68,7.35,FAILURE RISK
36.15,0.2,4.3,NORMAL
47.12,0.18,5.55,WARNING
76.09,0.91,11.69,FAILURE RISK
39.75,0.14,3.03,NORMAL
43.71,0.21,5.6,WARNING
51.0,0.92,9.28,FAILURE RISK
42.85,0.06,4.97,NORMAL
47.03,0.2,5.09,WARNING
84.23,0.91,9.72,FAILURE RISK
41.65,0.21,4.86,NORMAL
40.02,0.24,5.06,WARNING
74.03,0.57,5.01,FAILURE RISK
40.23,0.09,4.88,NORMAL
42.55,0.18,5.4,WARNING
86.99,0.47,10.68,FAILURE RISK
40.3,0.14,3.1,NORMAL
46.14,0.26,4.18,WARNING
68.37,0.4,5.48,FAILURE RISK
39.94,0.12,4.63,NORMAL
46.96,0.24,4.3,WARNING
57.84,0.25,5.31,FAILURE RISK
36.39,0.07,4.44,NORMAL
45.4,0.26,4.19,WARNING
83.91,0.55,10.95,FAILURE RISK
36.5,0.21,3.49,NORMAL
47.56,0.21,4.1,WARNING
47.06,0.95,5.06,FAILURE RISK
37.67,0.21,3.53,NORMAL
40.99,0.21,5.24,WARNING
48.0,0.23,4.85,FAILURE RISK
40.15,0.15,3.83,NORMAL
41.58,0.22,5.69,WARNING
55.21,0.74,6.56,FAILURE RISK
42.16,0.18,4.81,NORMAL
47.75,0.26,4.69,WARNING
74.55,0.46,8.9,FAILURE RISK
40.11,0.16,3.47,NORMAL
47.51,0.25,5.23,WARNING
89.19,0.38,9.79,FAILURE RISK
43.15,0.13,3.68,NORMAL
46.13,0.2,4.0,WARNING
84.02,0.25,11.91,FAILURE RISK
44.19,0.16,3.49,NORMAL
46.78,0.19,5.08,WARNING
73.46,0.97,8.12,FAILURE RISK
44.07,0.19,3.88,NORMAL
47.17,0.19,5.63,WARNING
67.19,0.58,11.34,FAILURE RISK
39.09,0.09,4.04,NORMAL
45.33,0.26,4.81,WARNING
52.05,0.34,8.89,FAILURE RISK
39.91,0.13,4.35,NORMAL
46.61,0.27,5.66,WARNING
55.9,0.83,8.05,FAILURE RISK
43.75,0.16,4.43,NORMAL
43.38,0.26,4.76,WARNING
79.08,0.48,11.65,FAILURE RISK
44.55,0.09,3.46,NORMAL
45.78,0.17,5.1,WARNING
88.41,0.4,5.65,FAILURE RISK
37.3,0.16,4.17,NORMAL
42.29,0.25,4.99,WARNING
89.11,0.67,5.33,FAILURE RISK
36.8,0.06,3.14,NORMAL
44.96,0.22,5.14,WARNING
72.4,0.23,5.09,FAILURE RISK
38.31,0.18,4.17,NORMAL
40.45,0.22,4.05,WARNING
76.9,0.77,6.04,FAILURE RISK
44.53,0.18,4.82,NORMAL
46.1,0.19,4.0,WARNING
51.14,0.52,8.3,FAILURE RISK
38.95,0.21,4.81,NORMAL
47.1,0.24,5.41,WARNING
68.52,0.52,6.05,FAILURE RISK
37.47,0.19,4.35,NORMAL
41.84,0.17,5.68,WARNING
81.2,0.3,7.0,FAILURE RISK
39.39,0.08,3.76,NORMAL
47.28,0.16,5.17,WARNING
84.75,0.77,9.4,FAILURE RISK
37.94,0.19,4.74,NORMAL
46.94,0.22,5.68,WARNING
51.41,0.96,6.62,FAILURE RISK
42.32,0.17,4.65,NORMAL
44.86,0.25,5.22,WARNING
68.26,0.94,11.93,FAILURE RISK
43.52,0.18,4.94,NORMAL
42.64,0.26,4.45,WARNING
88.83,0.9,4.78,FAILURE RISK
43.69,0.1,3.99,NORMAL
46.3,0.18,4.18,WARNING
68.11,0.3,7.19,FAILURE RISK
35.76,0.17,4.47,NORMAL
41.96,0.18,5.62,WARNING
88.42,0.21,8.7,FAILURE RISK
42.38,0.19,3.15,NORMAL
44.26,0.27,4.26,WARNING
68.6,0.64,4.64,FAILURE RISK
41.57,0.08,3.15,NORMAL
43.79,0.21,5.58,WARNING
78.18,0.58,9.21,FAILURE RISK
37.65,0.07,4.05,NORMAL
43.5,0.23,4.22,WARNING
66.35,0.67,4.72,FAILURE RISK
40.3,0.14,3.16,NORMAL
46.86,0.23,4.64,WARNING
73.99,0.96,9.54,FAILURE RISK
40.35,0.17,3.96,NORMAL
44.41,0.24,4.27,WARNING
51.95,0.47,6.78,FAILURE RISK
38.71,0.18,4.15,NORMAL
40.23,0.25,4.55,WARNING
51.85,0.72,7.84,FAILURE RISK
39.92,0.21,4.97,NORMAL
47.71,0.16,4.56,WARNING
80.89,0.36,4.76,FAILURE RISK
43.93,0.12,4.35,NORMAL
47.44,0.25,4.69,WARNING
82.75,0.83,7.93,FAILURE RISK
43.47,0.07,3.07,NORMAL
44.42,0.24,5.05,WARNING
69.66,0.21,6.57,FAILURE RISK
39.51,0.12,3.73,NORMAL
41.31,0.24,4.34,WARNING
76.99,0.8,10.08,FAILURE RISK
38.53,0.11,3.54,NORMAL
40.38,0.22,4.37,WARNING
63.68,0.85,11.52,FAILURE RISK
38.49,0.13,4.17,NORMAL
47.32,0.23,4.93,WARNING
61.31,0.65,9.54,FAILURE RISK
42.57,0.21,3.19,NORMAL
44.3,0.27,5.38,WARNING
72.64,0.38,11.82,FAILURE RISK
44.34,0.09,3.9,NORMAL
47.9,0.24,5.25,WARNING
46.76,0.91,11.35,FAILURE RISK
37.06,0.13,4.58,NORMAL
45.44,0.26,5.06,WARNING
88.12,0.94,7.09,FAILURE RISK
42.93,0.2,3.22,NORMAL
47.22,0.26,4.6,WARNING
47.54,0.76,5.45,FAILURE RISK
37.92,0.17,3.9,NORMAL
41.01,0.27,4.94,WARNING
58.03,0.55,6.14,FAILURE RISK
40.36,0.08,3.31,NORMAL
42.04,0.22,5.2,WARNING
80.41,0.3,9.68,FAILURE RISK
43.25,0.09,4.42,NORMAL
41.45,0.19,5.47,WARNING
83.67,0.3,5.99,FAILURE RISK
44.03,0.07,4.46,NORMAL
45.79,0.17,4.92,WARNING
71.08,0.35,8.56,FAILURE RISK
35.65,0.12,4.09,NORMAL
40.07,0.2,5.26,WARNING
54.73,0.86,7.71,FAILURE RISK
39.52,0.09,4.06,NORMAL
45.76,0.26,5.33,WARNING
84.51,0.8,7.82,FAILURE RISK
36.79,0.08,3.09,NORMAL
41.5,0.22,4.55,WARNING
85.94,0.87,7.19,FAILURE RISK
37.77,0.21,4.37,NORMAL
45.76,0.17,4.33,WARNING
87.72,0.63,7.61,FAILURE RISK
36.91,0.21,3.29,NORMAL
42.56,0.22,5.51,WARNING
54.48,0.6,10.38,FAILURE RISK
37.45,0.17,3.5,NORMAL
40.26,0.22,4.27,WARNING
85.42,0.5,4.66,FAILURE RISK
35.83,0.16,4.0,NORMAL
47.24,0.19,4.13,WARNING
69.32,0.46,11.06,FAILURE RISK
39.0,0.17,4.04,NORMAL
40.71,0.27,4.77,WARNING
65.48,0.42,10.52,FAILURE RISK
39.31,0.08,3.71,NORMAL
43.41,0.22,5.53,WARNING
78.42,0.77,9.58,FAILURE RISK
36.82,0.09,4.86,NORMAL
42.11,0.19,5.41,WARNING
83.51,0.5,5.03,FAILURE RISK
35.27,0.18,4.47,NORMAL
47.1,0.25,4.98,WARNING
52.8,0.75,7.99,FAILURE RISK
43.51,0.2,4.46,NORMAL
46.26,0.2,4.25,WARNING
52.44,0.72,9.01,FAILURE RISK
37.33,0.17,3.48,NORMAL
44.01,0.27,5.19,WARNING
72.16,0.41,10.0,FAILURE RISK
43.76,0.21,3.77,NORMAL
41.16,0.2,5.51,WARNING
76.56,0.2,7.88,FAILURE RISK
42.21,0.18,4.74,NORMAL
45.14,0.23,4.21,WARNING
53.66,0.63,10.58,FAILURE RISK
39.2,0.19,3.48,NORMAL
47.14,0.23,4.96,WARNING
60.37,0.53,7.05,FAILURE RISK
38.87,0.15,5.08,NORMAL
46.14,0.15,4.06,WARNING
71.72,0.58,11.88,FAILURE RISK
44.06,0.08,3.38,NORMAL
47.81,0.19,5.44,WARNING
72.03,0.39,9.42,FAILURE RISK
36.9,0.21,4.21,NORMAL
40.22,0.23,5.23,WARNING
72.53,0.2,10.17,FAILURE RISK
42.27,0.07,4.56,NORMAL
40.41,0.25,4.61,WARNING
82.46,0.4,9.66,FAILURE RISK
38.65,0.2,4.71,NORMAL
42.77,0.24,5.48,WARNING
69.01,0.69,7.18,FAILURE RISK
37.99,0.17,4.21,NORMAL
44.86,0.15,5.32,WARNING
70.36,0.47,11.24,FAILURE RISK
42.05,0.1,5.04,NORMAL
47.75,0.19,4.48,WARNING
59.79,0.36,7.58,FAILURE RISK
37.67,0.08,4.68,NORMAL
44.53,0.23,5.51,WARNING
71.97,0.98,10.01,FAILURE RISK
42.58,0.05,3.38,NORMAL
46.45,0.17,4.6,WARNING
64.19,0.47,8.73,FAILURE RISK
42.71,0.19,3.21,NORMAL
41.1,0.19,5.24,WARNING
60.94,0.94,6.17,FAILURE RISK
39.96,0.1,4.85,NORMAL
47.74,0.24,4.79,WARNING
88.8,0.69,10.94,FAILURE RISK
35.88,0.07,3.28,NORMAL
42.31,0.22,5.49,WARNING
51.78,0.31,7.57,FAILURE RISK
42.49,0.12,5.14,NORMAL
43.78,0.17,5.58,WARNING
61.39,0.93,8.16,FAILURE RISK
37.03,0.07,4.82,NORMAL
47.1,0.18,5.35,WARNING
85.01,1.0,11.92,FAILURE RISK
44.06,0.11,3.45,NORMAL
42.0,0.24,4.56,WARNING
78.78,0.54,9.26,FAILURE RISK
43.68,0.11,3.09,NORMAL
43.65,0.23,5.44,WARNING
77.02,0.63,9.76,FAILURE RISK
36.65,0.1,4.34,NORMAL
43.18,0.27,4.24,WARNING
76.18,0.41,7.21,FAILURE RISK
42.38,0.18,3.0,NORMAL
40.41,0.26,5.42,WARNING
66.4,0.64,11.04,FAILURE RISK
36.39,0.07,3.79,NORMAL
45.79,0.27,5.59,WARNING
88.87,0.94,7.8,FAILURE RISK
35.54,0.18,3.15,NORMAL
46.38,0.25,4.76,WARNING
69.05,0.76,6.7,FAILURE RISK
43.81,0.06,4.03,NORMAL
44.43,0.2,5.56,WARNING
78.12,0.63,10.32,FAILURE RISK
43.47,0.2,3.44,NORMAL
47.35,0.19,4.75,WARNING
77.65,0.81,7.3,FAILURE RISK
44.07,0.15,5.05,NORMAL
43.61,0.27,5.51,WARNING
84.32,0.31,6.3,FAILURE RISK
37.94,0.15,3.28,NORMAL
41.43,0.22,5.22,WARNING
84.43,0.4,5.37,FAILURE RISK
38.46,0.21,3.15,NORMAL
44.99,0.23,4.25,WARNING
80.06,0.48,5.67,FAILURE RISK
43.77,0.19,5.12,NORMAL
45.24,0.24,5.38,WARNING
77.6,0.96,7.22,FAILURE RISK
35.53,0.18,4.75,NORMAL
47.97,0.24,5.09,WARNING
45.56,0.27,10.53,FAILURE RISK
35.26,0.19,4.09,NORMAL
45.79,0.19,4.08,WARNING
64.11,0.25,7.46,FAILURE RISK
43.41,0.17,4.47,NORMAL
42.01,0.23,4.3,WARNING
87.73,0.86,9.49,FAILURE RISK
36.06,0.15,4.45,NORMAL
47.54,0.23,5.2,WARNING
48.22,0.66,10.65,FAILURE RISK
35.91,0.21,4.49,NORMAL
45.41,0.18,4.14,WARNING
55.84,0.58,7.43,FAILURE RISK
40.46,0.11,3.46,NORMAL
46.35,0.16,5.47,WARNING
67.79,0.97,5.07,FAILURE RISK
39.23,0.12,4.31,NORMAL
46.43,0.26,5.3,WARNING
63.17,1.0,4.97,FAILURE RISK
39.75,0.05,4.99,NORMAL
46.76,0.22,5.67,WARNING
67.16,0.98,11.34,FAILURE RISK
41.66,0.17,4.47,NORMAL
46.6,0.24,4.83,WARNING
57.5,0.78,9.49,FAILURE RISK
40.02,0.14,3.75,NORMAL
47.94,0.16,4.13,WARNING
83.95,0.46,8.39,FAILURE RISK
44.43,0.12,3.46,NORMAL
47.69,0.2,5.3,WARNING
48.52,0.66,5.0,FAILURE RISK
35.36,0.15,4.2,NORMAL
42.64,0.26,5.69,WARNING
63.44,0.97,6.44,FAILURE RISK
38.35,0.19,4.72,NORMAL
41.89,0.22,5.53,WARNING
81.9,0.39,5.72,FAILURE RISK
37.94,0.21,4.86,NORMAL
40.46,0.17,5.44,WARNING
72.25,0.21,10.26,FAILURE RISK
40.29,0.2,4.86,NORMAL
40.5,0.25,4.86,WARNING
79.6,0.36,6.97,FAILURE RISK
35.81,0.09,4.03,NORMAL
47.12,0.21,5.06,WARNING
65.81,0.88,8.96,FAILURE RISK
42.96,0.15,3.15,NORMAL
42.13,0.27,4.74,WARNING
69.63,0.25,9.74,FAILURE RISK
38.81,0.13,3.87,NORMAL
46.05,0.2,5.49,WARNING
80.67,0.95,10.51,FAILURE RISK
37.96,0.07,4.1,NORMAL
47.72,0.27,5.2,WARNING
46.68,0.69,8.61,FAILURE RISK
39.54,0.09,3.06,NORMAL
41.68,0.25,5.04,WARNING
63.72,0.39,8.22,FAILURE RISK
38.78,0.14,3.19,NORMAL
47.48,0.17,4.94,WARNING
83.28,0.82,5.44,FAILURE RISK
35.93,0.2,4.31,NORMAL
41.91,0.23,4.48,WARNING
74.43,0.92,8.62,FAILURE RISK
35.36,0.12,3.61,NORMAL
44.44,0.24,4.73,WARNING
58.22,0.99,11.06,FAILURE RISK
42.08,0.09,3.05,NORMAL
46.69,0.22,5.51,WARNING
54.34,0.57,5.03,FAILURE RISK
44.46,0.16,4.46,NORMAL
47.09,0.21,4.1,WARNING
66.69,0.65,5.08,FAILURE RISK
36.44,0.06,5.15,NORMAL
47.59,0.2,4.07,WARNING
52.92,0.94,11.6,FAILURE RISK
38.98,0.2,4.79,NORMAL
47.8,0.19,4.3,WARNING
74.87,0.94,9.23,FAILURE RISK
41.11,0.07,5.16,NORMAL
45.23,0.16,4.65,WARNING
46.51,0.24,11.92,FAILURE RISK
38.99,0.2,3.84,NORMAL
40.31,0.25,5.62,WARNING
76.45,0.3,6.87,FAILURE RISK
35.14,0.16,5.13,NORMAL
44.93,0.24,4.36,WARNING
68.51,0.86,9.45,FAILURE RISK
44.51,0.17,3.18,NORMAL
47.79,0.2,5.51,WARNING
87.74,0.58,11.11,FAILURE RISK
41.4,0.07,4.84,NORMAL
45.92,0.19,4.15,WARNING
85.9,0.86,10.74,FAILURE RISK
40.73,0.2,4.85,NORMAL
41.52,0.27,4.96,WARNING
85.9,0.94,9.94,FAILURE RISK
42.67,0.12,3.38,NORMAL
40.69,0.23,4.22,WARNING
81.07,0.73,9.13,FAILURE RISK
44.7,0.17,3.78,NORMAL
41.63,0.25,5.32,WARNING
82.15,0.52,11.85,FAILURE RISK
37.77,0.12,3.15,NORMAL
41.58,0.17,5.63,WARNING
52.81,0.79,11.99,FAILURE RISK
41.51,0.17,4.45,NORMAL
40.49,0.16,5.28,WARNING
51.76,0.76,8.78,FAILURE RISK
41.9,0.14,4.21,NORMAL
41.62,0.22,5.12,WARNING
52.35,0.36,5.94,FAILURE RISK
41.42,0.13,4.72,NORMAL
42.34,0.22,4.57,WARNING
55.61,0.47,11.3,FAILURE RISK
36.43,0.09,3.6,NORMAL
47.09,0.2,4.72,WARNING
60.07,0.51,10.15,FAILURE RISK
37.56,0.18,4.68,NORMAL
44.55,0.25,4.85,WARNING
87.7,0.95,11.87,FAILURE RISK
41.91,0.21,4.25,NORMAL
44.17,0.26,4.4,WARNING
73.38,0.53,9.82,FAILURE RISK
39.64,0.1,4.49,NORMAL
41.8,0.24,5.1,WARNING
75.5,0.32,7.45,FAILURE RISK
37.16,0.15,3.32,NORMAL
45.16,0.2,4.7,WARNING
63.56,0.21,8.57,FAILURE RISK
35.65,0.14,4.24,NORMAL
40.6,0.26,4.16,WARNING
59.9,0.2,6.61,FAILURE RISK
36.57,0.1,3.82,NORMAL
41.43,0.24,4.95,WARNING
89.86,0.96,9.93,FAILURE RISK
35.4,0.09,4.72,NORMAL
45.53,0.27,5.02,WARNING
89.81,0.58,7.88,FAILURE RISK
42.83,0.07,4.78,NORMAL
46.82,0.17,5.52,WARNING
88.05,0.32,5.02,FAILURE RISK
42.28,0.17,4.81,NORMAL
45.17,0.16,4.4,WARNING
79.83,0.66,5.51,FAILURE RISK
38.12,0.1,4.26,NORMAL
45.89,0.21,4.26,WARNING
71.4,0.31,8.35,FAILURE RISK
41.83,0.07,3.09,NORMAL
45.86,0.25,4.19,WARNING
69.62,0.22,11.28,FAILURE RISK
37.34,0.21,5.13,NORMAL
41.71,0.19,5.22,WARNING
71.53,0.94,10.62,FAILURE RISK
36.74,0.12,5.17,NORMAL
44.63,0.26,5.56,WARNING
79.6,0.27,6.27,FAILURE RISK
42.83,0.08,5.07,NORMAL
44.35,0.23,5.53,WARNING
72.87,0.29,6.63,FAILURE RISK
43.51,0.16,3.76,NORMAL
43.37,0.26,4.45,WARNING
47.5,0.87,9.87,FAILURE RISK
37.66,0.19,4.47,NORMAL
46.94,0.2,4.2,WARNING
53.79,0.51,5.58,FAILURE RISK
40.81,0.1,4.69,NORMAL
40.86,0.26,5.33,WARNING
59.82,0.4,8.01,FAILURE RISK
36.27,0.06,5.06,NORMAL
44.1,0.24,4.4,WARNING
46.93,0.21,8.53,FAILURE RISK
36.45,0.19,5.15,NORMAL
46.03,0.23,4.95,WARNING
86.91,0.58,10.48,FAILURE RISK
38.63,0.15,4.27,NORMAL
43.58,0.24,5.64,WARNING
65.07,0.7,5.93,FAILURE RISK
38.2,0.16,4.22,NORMAL
45.65,0.2,4.16,WARNING
65.48,0.85,6.21,FAILURE RISK
36.97,0.21,5.14,NORMAL
45.3,0.23,4.46,WARNING
67.71,0.23,10.66,FAILURE RISK
38.82,0.09,4.44,NORMAL
40.88,0.21,5.6,WARNING
60.44,0.89,10.2,FAILURE RISK
35.65,0.19,4.55,NORMAL
42.34,0.16,5.57,WARNING
88.36,0.33,8.0,FAILURE RISK
35.95,0.07,4.53,NORMAL
46.56,0.18,4.9,WARNING
83.4,0.23,6.69,FAILURE RISK
43.77,0.18,4.22,NORMAL
43.69,0.26,4.46,WARNING
58.25,0.24,11.29,FAILURE RISK
39.45,0.2,3.22,NORMAL
40.02,0.16,5.6,WARNING
56.31,0.73,7.36,FAILURE RISK
36.83,0.18,3.72,NORMAL
46.15,0.19,4.56,WARNING
49.92,0.91,7.5,FAILURE RISK
44.98,0.18,4.61,NORMAL
45.66,0.15,5.16,WARNING
88.86,0.85,8.25,FAILURE RISK
36.99,0.16,3.73,NORMAL
46.61,0.17,5.42,WARNING
55.68,0.68,12.0,FAILURE RISK
37.97,0.16,4.98,NORMAL
46.6,0.15,4.22,WARNING
85.63,0.6,11.84,FAILURE RISK
42.24,0.21,3.88,NORMAL
42.56,0.25,4.42,WARNING
55.67,0.98,9.11,FAILURE RISK
37.69,0.21,3.7,NORMAL
44.67,0.25,5.58,WARNING
47.81,0.87,8.09,FAILURE RISK
35.47,0.2,5.15,NORMAL
42.95,0.19,5.53,WARNING
51.92,0.22,5.14,FAILURE RISK
42.96,0.09,4.87,NORMAL
45.27,0.16,4.0,WARNING
86.2,0.53,4.77,FAILURE RISK
39.07,0.19,4.45,NORMAL
45.31,0.23,5.08,WARNING
48.41,0.59,5.02,FAILURE RISK
40.14,0.16,4.68,NORMAL
46.29,0.2,4.47,WARNING
86.15,0.81,5.87,FAILURE RISK
36.9,0.15,3.95,NORMAL
43.56,0.18,5.34,WARNING
89.02,0.93,11.34,FAILURE RISK
38.75,0.15,3.1,NORMAL
46.91,0.21,5.1,WARNING
58.69,0.43,7.71,FAILURE RISK
36.03,0.18,4.58,NORMAL
42.61,0.24,4.88,WARNING
80.0,0.82,9.27,FAILURE RISK
44.44,0.14,4.2,NORMAL
45.74,0.17,4.97,WARNING
53.42,0.86,10.34,FAILURE RISK
44.51,0.17,3.59,NORMAL
46.38,0.27,4.03,WARNING
69.52,0.6,6.77,FAILURE RISK
36.43,0.16,3.76,NORMAL
45.12,0.18,4.72,WARNING
87.09,0.52,8.32,FAILURE RISK
40.52,0.2,5.1,NORMAL
42.91,0.24,5.08,WARNING
62.52,0.51,10.82,FAILURE RISK
44.03,0.05,4.41,NORMAL
41.91,0.22,5.53,WARNING
72.71,0.68,8.39,FAILURE RISK
37.39,0.13,4.29,NORMAL
45.91,0.15,4.36,WARNING
48.2,0.48,11.45,FAILURE RISK
39.78,0.1,5.05,NORMAL
46.49,0.2,4.88,WARNING
45.52,0.68,10.08,FAILURE RISK
36.2,0.16,3.37,NORMAL
46.91,0.26,5.67,WARNING
75.56,0.63,7.35,FAILURE RISK
36.96,0.2,3.7,NORMAL
40.38,0.24,5.44,WARNING
79.28,0.4,7.15,FAILURE RISK
41.79,0.13,4.21,NORMAL
47.33,0.25,5.5,WARNING
74.38,0.54,10.09,FAILURE RISK
40.88,0.14,4.42,NORMAL
44.48,0.23,4.89,WARNING
86.59,0.48,7.45,FAILURE RISK
39.8,0.05,3.01,NORMAL
44.57,0.25,4.84,WARNING
61.2,0.42,11.52,FAILURE RISK
38.55,0.12,3.56,NORMAL
47.36,0.17,4.43,WARNING
45.92,0.52,8.05,FAILURE RISK
39.97,0.12,4.02,NORMAL
46.23,0.25,5.34,WARNING
81.08,0.48,8.26,FAILURE RISK
35.58,0.16,3.2,NORMAL
41.06,0.24,5.0,WARNING
72.67,0.91,7.28,FAILURE RISK
41.37,0.06,4.17,NORMAL
44.88,0.21,5.59,WARNING
87.43,0.98,5.09,FAILURE RISK
41.21,0.17,3.54,NORMAL
45.2,0.2,4.66,WARNING
65.77,0.26,10.53,FAILURE RISK
38.84,0.18,3.38,NORMAL
47.08,0.26,4.93,WARNING
87.66,0.29,5.65,FAILURE RISK
37.75,0.21,4.44,NORMAL
47.14,0.25,5.68,WARNING
83.15,0.85,8.69,FAILURE RISK
44.8,0.06,4.96,NORMAL
47.06,0.17,5.17,WARNING
64.53,0.31,7.7,FAILURE RISK
42.28,0.19,3.38,NORMAL
47.28,0.27,5.24,WARNING
47.55,0.41,10.43,FAILURE RISK
42.82,0.15,5.14,NORMAL
47.77,0.21,4.47,WARNING
86.11,0.8,7.79,FAILURE RISK
37.76,0.08,5.07,NORMAL
43.37,0.22,5.48,WARNING
61.16,0.54,6.07,FAILURE RISK
42.97,0.08,4.08,NORMAL
44.45,0.21,5.23,WARNING
51.63,0.46,6.84,FAILURE RISK
43.24,0.08,5.15,NORMAL
45.15,0.22,4.3,WARNING
55.8,0.74,10.56,FAILURE RISK
44.95,0.07,5.14,NORMAL
44.15,0.27,5.04,WARNING
57.59,0.65,7.65,FAILURE RISK
43.94,0.17,3.5,NORMAL
45.93,0.18,4.63,WARNING
50.77,0.98,11.25,FAILURE RISK
41.31,0.19,3.99,NORMAL
47.92,0.17,4.94,WARNING
85.17,0.44,8.73,FAILURE RISK
43.03,0.07,3.91,NORMAL
46.8,0.16,5.38,WARNING
77.19,0.32,8.24,FAILURE RISK
37.41,0.08,3.88,NORMAL
46.67,0.24,5.25,WARNING
70.93,0.54,11.01,FAILURE RISK
43.05,0.12,4.39,NORMAL
42.75,0.15,5.39,WARNING
76.4,0.64,10.53,FAILURE RISK
40.59,0.07,3.77,NORMAL
46.71,0.27,5.49,WARNING
71.94,0.58,8.65,FAILURE RISK
43.15,0.14,4.0,NORMAL
40.47,0.24,4.82,WARNING
59.35,0.43,8.03,FAILURE RISK
39.66,0.11,4.81,NORMAL
40.09,0.25,4.49,WARNING
81.56,0.33,9.48,FAILURE RISK
37.17,0.11,4.98,NORMAL
41.47,0.23,4.89,WARNING
89.0,1.0,5.04,FAILURE RISK
42.61,0.19,3.96,NORMAL
43.89,0.23,5.4,WARNING
66.81,0.88,4.65,FAILURE RISK
40.4,0.14,4.21,NORMAL
43.79,0.22,5.34,WARNING
54.78,0.34,8.69,FAILURE RISK
44.51,0.17,4.8,NORMAL
42.38,0.18,5.67,WARNING
68.32,0.71,8.41,FAILURE RISK
40.56,0.15,3.49,NORMAL
47.32,0.19,5.17,WARNING
49.29,0.67,5.65,FAILURE RISK
37.1,0.07,3.51,NORMAL
43.21,0.15,5.34,WARNING
87.34,0.69,6.38,FAILURE RISK
41.27,0.2,3.31,NORMAL
42.31,0.25,5.34,WARNING
49.08,0.6,7.09,FAILURE RISK
44.96,0.07,5.04,NORMAL
46.04,0.15,4.44,WARNING
48.21,0.75,5.91,FAILURE RISK
43.34,0.15,3.81,NORMAL
40.78,0.23,5.2,WARNING
67.61,0.64,4.78,FAILURE RISK
44.7,0.18,3.89,NORMAL
46.99,0.17,4.56,WARNING
48.44,0.74,10.39,FAILURE RISK
35.5,0.13,4.68,NORMAL
44.86,0.27,4.04,WARNING
89.97,0.22,9.45,FAILURE RISK
43.57,0.14,3.42,NORMAL
45.13,0.25,4.98,WARNING
48.66,0.42,8.46,FAILURE RISK
43.89,0.12,4.57,NORMAL
40.95,0.21,5.61,WARNING
63.18,0.42,5.16,FAILURE RISK
42.8,0.05,4.75,NORMAL
44.4,0.22,5.28,WARNING
64.46,0.59,5.67,FAILURE RISK
39.86,0.2,4.0,NORMAL
43.06,0.23,5.37,WARNING
47.61,0.22,10.5,FAILURE RISK
36.0,0.06,4.26,NORMAL
41.77,0.19,5.25,WARNING
81.5,0.56,9.54,FAILURE RISK
44.05,0.2,4.55,NORMAL
42.58,0.2,5.6,WARNING
89.66,0.65,5.46,FAILURE RISK
40.49,0.12,4.13,NORMAL
42.77,0.23,5.26,WARNING
60.88,0.65,4.87,FAILURE RISK
39.23,0.12,3.73,NORMAL
47.1,0.18,5.54,WARNING
58.22,0.92,11.77,FAILURE RISK
41.73,0.13,4.2,NORMAL
40.54,0.24,4.52,WARNING
61.32,0.88,9.65,FAILURE RISK
43.36,0.09,4.43,NORMAL
40.05,0.2,5.26,WARNING
55.59,0.39,7.21,FAILURE RISK
42.8,0.06,4.83,NORMAL
43.71,0.18,5.68,WARNING
48.4,0.85,11.53,FAILURE RISK
39.09,0.11,5.11,NORMAL
45.85,0.19,4.17,WARNING
78.97,0.69,9.13,FAILURE RISK
39.11,0.16,4.6,NORMAL
45.95,0.26,4.6,WARNING
54.24,0.35,7.62,FAILURE RISK
39.85,0.13,3.39,NORMAL
46.3,0.19,5.15,WARNING
78.81,0.26,8.12,FAILURE RISK
44.15,0.07,4.56,NORMAL
47.99,0.19,4.5,WARNING
66.88,0.44,10.83,FAILURE RISK
42.25,0.17,3.03,NORMAL
47.23,0.26,5.5,WARNING
54.54,0.99,10.98,FAILURE RISK
39.96,0.18,3.66,NORMAL
40.54,0.17,5.36,WARNING
64.78,0.92,6.47,FAILURE RISK
35.66,0.18,4.56,NORMAL
44.71,0.2,5.45,WARNING
48.3,0.26,5.29,FAILURE RISK
40.17,0.09,3.85,NORMAL
46.26,0.21,4.6,WARNING
60.42,0.72,9.7,FAILURE RISK
39.8,0.06,3.21,NORMAL
45.08,0.23,5.23,WARNING
86.34,0.93,7.13,FAILURE RISK
41.02,0.1,4.23,NORMAL
45.15,0.22,5.62,WARNING
82.01,0.98,5.34,FAILURE RISK
39.41,0.08,3.67,NORMAL
46.9,0.18,5.47,WARNING
81.34,0.94,7.95,FAILURE RISK
38.61,0.14,3.68,NORMAL
46.59,0.18,5.14,WARNING
61.15,0.28,5.2,FAILURE RISK
41.26,0.11,5.18,NORMAL
45.59,0.17,4.54,WARNING
50.39,0.45,8.47,FAILURE RISK
41.42,0.08,4.93,NORMAL
44.24,0.26,5.4,WARNING
84.89,0.38,6.64,FAILURE RISK
38.38,0.06,4.24,NORMAL
40.02,0.2,5.24,WARNING
70.98,0.6,9.32,FAILURE RISK
43.31,0.14,3.91,NORMAL
46.24,0.2,4.82,WARNING
73.17,0.31,11.45,FAILURE RISK
39.99,0.07,3.63,NORMAL
42.18,0.27,5.14,WARNING
51.8,0.33,4.85,FAILURE RISK
38.11,0.06,4.76,NORMAL
45.17,0.21,5.27,WARNING
62.07,0.46,7.54,FAILURE RISK
40.02,0.18,4.62,NORMAL
45.06,0.22,4.31,WARNING
85.57,0.3,10.14,FAILURE RISK
41.7,0.16,3.65,NORMAL
42.58,0.26,4.39,WARNING
68.79,0.85,6.85,FAILURE RISK
39.01,0.1,4.91,NORMAL
46.06,0.2,4.14,WARNING
79.89,0.25,6.1,FAILURE RISK
39.67,0.16,4.57,NORMAL
40.2,0.26,5.31,WARNING
67.3,0.41,11.98,FAILURE RISK
41.09,0.17,3.26,NORMAL
44.19,0.22,4.41,WARNING
75.61,0.43,11.55,FAILURE RISK
40.06,0.17,4.58,NORMAL
40.99,0.23,4.69,WARNING
61.3,0.45,7.36,FAILURE RISK
40.16,0.09,4.59,NORMAL
44.95,0.24,5.67,WARNING
54.3,0.4,6.59,FAILURE RISK
35.44,0.1,3.84,NORMAL
43.22,0.26,4.89,WARNING
65.18,0.9,7.59,FAILURE RISK
40.1,0.05,4.84,NORMAL
46.52,0.17,4.57,WARNING
68.64,0.59,9.07,FAILURE RISK
36.44,0.09,3.3,NORMAL
41.05,0.2,5.44,WARNING
57.03,0.85,6.94,FAILURE RISK
44.06,0.15,4.04,NORMAL
42.33,0.27,4.6,WARNING
88.41,0.52,5.57,FAILURE RISK
40.83,0.21,4.39,NORMAL
47.46,0.2,5.17,WARNING
83.74,0.63,11.39,FAILURE RISK
36.04,0.21,3.84,NORMAL
42.74,0.17,5.38,WARNING
45.95,0.6,6.59,FAILURE RISK
42.92,0.2,3.17,NORMAL
40.02,0.18,5.24,WARNING
52.36,0.3,10.13,FAILURE RISK
35.27,0.2,3.05,NORMAL
40.7,0.18,5.34,WARNING
66.39,0.79,9.2,FAILURE RISK
36.2,0.07,3.58,NORMAL
45.89,0.18,5.68,WARNING
62.84,0.57,6.24,FAILURE RISK
42.51,0.07,4.83,NORMAL
43.95,0.25,4.4,WARNING
62.7,0.51,7.74,FAILURE RISK
36.7,0.08,3.81,NORMAL
44.72,0.24,5.37,WARNING
69.78,0.96,6.66,FAILURE RISK
41.32,0.07,4.96,NORMAL
41.54,0.23,4.91,WARNING
62.29,0.53,7.78,FAILURE RISK
40.92,0.17,3.59,NORMAL
46.67,0.27,5.34,WARNING
54.78,0.41,10.45,FAILURE RISK
43.11,0.14,3.67,NORMAL
47.9,0.2,5.27,WARNING
65.29,0.96,8.28,FAILURE RISK
41.05,0.11,3.36,NORMAL
45.12,0.26,5.39,WARNING
47.54,0.62,8.87,FAILURE RISK
35.6,0.08,3.38,NORMAL
41.67,0.26,5.11,WARNING
65.12,0.24,10.4,FAILURE RISK
43.72,0.16,3.62,NORMAL
44.54,0.22,4.31,WARNING
87.58,0.33,6.56,FAILURE RISK
36.38,0.08,3.97,NORMAL
43.63,0.16,5.55,WARNING
46.92,0.67,4.68,FAILURE RISK
38.84,0.19,3.04,NORMAL
46.69,0.21,5.37,WARNING
54.93,0.51,7.22,FAILURE RISK
41.84,0.16,3.28,NORMAL
47.21,0.26,4.46,WARNING
68.59,0.64,7.05,FAILURE RISK
38.2,0.1,4.08,NORMAL
47.34,0.26,4.37,WARNING
81.9,0.9,8.36,FAILURE RISK
43.04,0.12,3.49,NORMAL
40.97,0.25,4.36,WARNING
56.25,0.84,11.21,FAILURE RISK
41.3,0.07,4.7,NORMAL
42.62,0.2,5.58,WARNING
60.76,0.81,4.52,FAILURE RISK
38.35,0.21,4.85,NORMAL
46.8,0.16,4.35,WARNING
70.81,0.86,5.25,FAILURE RISK
41.54,0.2,3.47,NORMAL
40.39,0.22,4.07,WARNING
75.08,0.59,5.73,FAILURE RISK
39.0,0.2,3.01,NORMAL
46.56,0.19,5.01,WARNING
50.99,0.41,5.62,FAILURE RISK
39.41,0.08,3.24,NORMAL
44.43,0.17,5.68,WARNING
62.74,0.73,4.87,FAILURE RISK
43.93,0.14,5.14,NORMAL
43.56,0.26,4.33,WARNING
84.65,0.99,10.13,FAILURE RISK
41.36,0.13,4.42,NORMAL
47.95,0.23,5.47,WARNING
71.31,0.2,6.32,FAILURE RISK
35.68,0.06,5.19,NORMAL
45.0,0.18,5.48,WARNING
49.22,0.58,10.55,FAILURE RISK
36.03,0.21,4.05,NORMAL
40.12,0.22,4.84,WARNING
49.84,0.6,5.82,FAILURE RISK
43.97,0.18,3.59,NORMAL
40.94,0.2,5.56,WARNING
86.19,0.99,8.13,FAILURE RISK
35.68,0.09,3.74,NORMAL
40.51,0.26,4.98,WARNING
72.58,0.85,9.09,FAILURE RISK
42.21,0.08,3.57,NORMAL
41.05,0.23,5.28,WARNING
47.99,0.81,6.97,FAILURE RISK
41.57,0.16,5.09,NORMAL
46.4,0.2,4.17,WARNING
89.31,0.25,10.52,FAILURE RISK
38.0,0.17,3.7,NORMAL
46.49,0.23,5.54,WARNING
86.52,0.55,6.46,FAILURE RISK
38.9,0.17,4.29,NORMAL
42.13,0.27,4.68,WARNING
75.97,0.78,8.67,FAILURE RISK
42.35,0.08,3.11,NORMAL
43.78,0.27,4.6,WARNING
67.56,0.99,5.22,FAILURE RISK
37.01,0.06,3.22,NORMAL
45.18,0.24,4.04,WARNING
59.1,0.38,11.27,FAILURE RISK
35.25,0.1,4.67,NORMAL
47.75,0.24,5.47,WARNING
59.58,0.88,7.71,FAILURE RISK
44.74,0.12,3.18,NORMAL
46.76,0.26,4.66,WARNING
73.01,0.87,7.49,FAILURE RISK
41.38,0.16,4.53,NORMAL
43.71,0.27,4.93,WARNING
52.44,0.45,6.82,FAILURE RISK
44.16,0.15,3.31,NORMAL
46.76,0.25,4.17,WARNING
83.21,0.92,11.66,FAILURE RISK
37.33,0.07,3.78,NORMAL
43.66,0.25,5.22,WARNING
45.73,0.8,6.18,FAILURE RISK
43.41,0.08,3.45,NORMAL
46.42,0.25,5.68,WARNING
79.72,0.94,10.05,FAILURE RISK
41.68,0.21,3.3,NORMAL
46.35,0.23,4.32,WARNING
68.02,0.32,7.39,FAILURE RISK
37.04,0.17,4.58,NORMAL
42.66,0.23,4.92,WARNING
88.34,0.36,11.84,FAILURE RISK
41.25,0.13,4.12,NORMAL
47.16,0.22,5.07,WARNING
86.64,0.61,5.62,FAILURE RISK
37.63,0.09,4.32,NORMAL
47.79,0.18,4.56,WARNING
77.81,0.79,10.09,FAILURE RISK
39.04,0.07,5.07,NORMAL
42.8,0.27,5.4,WARNING
73.31,0.66,10.16,FAILURE RISK
36.91,0.16,3.11,NORMAL
40.99,0.23,4.08,WARNING
60.37,0.68,9.77,FAILURE RISK
40.36,0.19,4.58,NORMAL
44.78,0.16,5.22,WARNING
45.6,0.71,6.16,FAILURE RISK
39.12,0.13,3.51,NORMAL
45.54,0.2,4.33,WARNING
62.92,0.28,10.72,FAILURE RISK
42.95,0.1,3.8,NORMAL
47.61,0.15,4.13,WARNING
73.34,0.44,7.24,FAILURE RISK
44.57,0.08,3.46,NORMAL
43.26,0.24,4.54,WARNING
70.04,0.23,7.3,FAILURE RISK
37.84,0.15,4.79,NORMAL
45.83,0.19,5.12,WARNING
45.21,0.72,9.83,FAILURE RISK
42.07,0.11,3.3,NORMAL
47.55,0.2,5.25,WARNING
67.75,0.94,5.47,FAILURE RISK
44.2,0.17,4.67,NORMAL
41.07,0.2,5.48,WARNING
75.49,0.34,10.23,FAILURE RISK
36.36,0.21,4.21,NORMAL
44.8,0.24,4.05,WARNING
89.17,0.55,5.45,FAILURE RISK
39.47,0.08,3.33,NORMAL
40.56,0.26,4.94,WARNING
73.63,0.35,7.72,FAILURE RISK
39.42,0.18,3.86,NORMAL
44.72,0.2,5.59,WARNING
76.89,0.26,9.4,FAILURE RISK
43.03,0.13,4.4,NORMAL
42.62,0.17,5.27,WARNING
70.07,0.89,11.85,FAILURE RISK
40.12,0.07,4.98,NORMAL
46.31,0.19,4.23,WARNING
74.72,0.6,8.89,FAILURE RISK
42.95,0.2,5.07,NORMAL
43.9,0.24,4.34,WARNING
48.04,0.4,10.74,FAILURE RISK
44.39,0.14,3.35,NORMAL
47.01,0.23,4.2,WARNING
72.49,0.93,4.55,FAILURE RISK
38.17,0.1,4.22,NORMAL
47.56,0.17,4.05,WARNING
59.2,0.43,7.66,FAILURE RISK
41.89,0.1,3.05,NORMAL
41.28,0.17,5.41,WARNING
48.33,0.96,10.0,FAILURE RISK
41.01,0.18,3.84,NORMAL
42.23,0.24,5.38,WARNING
45.37,0.81,9.2,FAILURE RISK
40.2,0.11,3.32,NORMAL
40.6,0.22,5.21,WARNING
90.0,0.32,5.25,FAILURE RISK
35.88,0.07,4.95,NORMAL
43.88,0.22,5.22,WARNING
75.78,0.4,7.68,FAILURE RISK
40.07,0.09,4.71,NORMAL
40.67,0.26,5.68,WARNING
73.19,0.27,11.25,FAILURE RISK
36.57,0.09,4.33,NORMAL
47.31,0.2,4.05,WARNING
88.75,0.33,8.99,FAILURE RISK
38.74,0.18,4.79,NORMAL
46.21,0.21,4.96,WARNING
85.92,0.88,11.21,FAILURE RISK
38.42,0.07,3.51,NORMAL
41.66,0.27,5.22,WARNING
77.2,0.81,6.92,FAILURE RISK
44.53,0.08,5.12,NORMAL
45.39,0.27,5.65,WARNING
47.36,0.52,9.01,FAILURE RISK
37.39,0.16,3.29,NORMAL
41.04,0.27,4.98,WARNING
48.62,0.72,10.02,FAILURE RISK
36.26,0.09,3.11,NORMAL
44.12,0.16,5.42,WARNING
82.45,0.8,11.23,FAILURE RISK
44.16,0.18,4.78,NORMAL
42.72,0.27,4.67,WARNING
69.93,0.38,8.76,FAILURE RISK
41.47,0.14,3.86,NORMAL
40.8,0.22,5.15,WARNING
50.53,0.83,6.4,FAILURE RISK
36.39,0.2,4.32,NORMAL
45.52,0.23,4.33,WARNING
79.78,0.54,5.58,FAILURE RISK
35.32,0.05,4.57,NORMAL
44.41,0.26,5.61,WARNING
71.68,0.67,8.89,FAILURE RISK
41.51,0.17,3.63,NORMAL
46.75,0.2,4.29,WARNING
68.47,0.73,11.55,FAILURE RISK
44.75,0.18,4.99,NORMAL
43.75,0.22,4.91,WARNING
58.73,0.25,11.29,FAILURE RISK
35.86,0.05,4.34,NORMAL
40.98,0.15,5.25,WARNING
52.13,0.3,9.07,FAILURE RISK
37.09,0.08,4.13,NORMAL
41.49,0.25,4.96,WARNING
65.3,0.55,8.06,FAILURE RISK
39.08,0.08,5.06,NORMAL
46.9,0.22,4.82,WARNING
57.52,0.29,5.67,FAILURE RISK
39.34,0.08,3.28,NORMAL
46.0,0.18,5.26,WARNING
45.72,0.92,8.31,FAILURE RISK
44.89,0.15,3.63,NORMAL
40.33,0.22,4.45,WARNING
82.45,0.58,6.58,FAILURE RISK
40.02,0.08,4.15,NORMAL
43.51,0.25,5.35,WARNING
80.88,0.57,9.03,FAILURE RISK
42.82,0.21,4.34,NORMAL
46.2,0.19,5.68,WARNING
61.07,0.98,8.83,FAILURE RISK
41.16,0.14,4.02,NORMAL
44.41,0.22,5.06,WARNING
87.4,0.81,11.49,FAILURE RISK
44.53,0.17,4.77,NORMAL
44.28,0.23,4.47,WARNING
45.8,0.6,6.13,FAILURE RISK
42.01,0.18,3.89,NORMAL
44.37,0.23,4.0,WARNING
51.87,0.47,7.51,FAILURE RISK
39.16,0.16,4.89,NORMAL
43.92,0.23,4.61,WARNING
51.86,0.97,6.75,FAILURE RISK
42.43,0.07,4.8,NORMAL
40.53,0.24,4.18,WARNING
59.84,0.81,5.39,FAILURE RISK
40.37,0.2,5.1,NORMAL
47.51,0.21,4.62,WARNING
70.13,0.21,5.01,FAILURE RISK
39.86,0.08,4.94,NORMAL
42.59,0.15,5.57,WARNING
62.16,0.6,11.13,FAILURE RISK
39.38,0.21,4.92,NORMAL
40.71,0.24,5.15,WARNING
69.34,0.43,6.14,FAILURE RISK
35.58,0.18,4.14,NORMAL
47.68,0.21,4.11,WARNING
75.3,0.48,7.7,FAILURE RISK
42.67,0.2,4.41,NORMAL
44.25,0.26,5.43,WARNING
79.26,0.7,11.1,FAILURE RISK
43.88,0.11,5.01,NORMAL
46.24,0.23,4.37,WARNING
81.27,0.29,4.76,FAILURE RISK
41.76,0.17,3.18,NORMAL
40.04,0.21,5.42,WARNING
53.05,0.46,5.82,FAILURE RISK
36.58,0.16,4.16,NORMAL
40.29,0.22,5.05,WARNING
55.32,0.7,5.13,FAILURE RISK
44.29,0.19,5.02,NORMAL
46.51,0.17,4.64,WARNING
67.61,0.63,9.79,FAILURE RISK
41.93,0.2,4.43,NORMAL
40.85,0.17,5.61,WARNING
78.97,0.42,10.1,FAILURE RISK
40.84,0.1,4.02,NORMAL
45.21,0.19,5.42,WARNING
86.59,0.81,7.94,FAILURE RISK
43.63,0.11,3.18,NORMAL
43.36,0.17,5.29,WARNING
49.52,0.95,8.59,FAILURE RISK
37.42,0.16,4.01,NORMAL
43.41,0.27,4.77,WARNING
53.33,0.27,5.56,FAILURE RISK
35.2,0.19,3.69,NORMAL
47.6,0.17,4.58,WARNING
76.94,0.92,8.82,FAILURE RISK
38.3,0.15,5.12,NORMAL
43.65,0.25,4.71,WARNING
54.09,0.79,11.43,FAILURE RISK
39.32,0.17,3.09,NORMAL
46.33,0.15,5.12,WARNING
55.72,0.89,5.35,FAILURE RISK
35.48,0.08,3.78,NORMAL
45.95,0.19,4.95,WARNING
63.82,0.59,10.9,FAILURE RISK
39.13,0.16,5.05,NORMAL
46.86,0.15,4.48,WARNING
83.61,0.63,10.98,FAILURE RISK
40.61,0.06,3.81,NORMAL
45.06,0.22,4.16,WARNING
74.37,0.23,6.13,FAILURE RISK
36.57,0.11,4.74,NORMAL
43.51,0.23,5.53,WARNING
52.54,0.69,6.31,FAILURE RISK
44.71,0.16,4.08,NORMAL
42.18,0.25,4.48,WARNING
80.79,0.37,10.2,FAILURE RISK
35.03,0.06,4.71,NORMAL
44.43,0.25,5.52,WARNING
82.52,0.58,8.03,FAILURE RISK
44.39,0.21,3.31,NORMAL
47.86,0.17,4.31,WARNING
61.54,0.37,9.84,FAILURE RISK
39.58,0.21,4.44,NORMAL
42.5,0.26,4.94,WARNING
81.22,0.7,11.4,FAILURE RISK
43.25,0.16,4.03,NORMAL
40.38,0.26,4.63,WARNING
67.94,0.54,5.29,FAILURE RISK
37.58,0.17,4.71,NORMAL
41.69,0.24,5.45,WARNING
62.51,0.41,6.31,FAILURE RISK
43.57,0.07,4.05,NORMAL
46.95,0.27,5.15,WARNING
84.69,0.45,5.62,FAILURE RISK
35.46,0.2,4.83,NORMAL
46.2,0.18,4.7,WARNING
76.83,0.5,7.99,FAILURE RISK
40.2,0.15,4.32,NORMAL
42.9,0.18,5.41,WARNING
62.27,0.82,11.87,FAILURE RISK
42.72,0.09,4.67,NORMAL
47.05,0.17,4.72,WARNING
51.96,0.6,11.25,FAILURE RISK
43.3,0.08,4.52,NORMAL
46.5,0.18,4.09,WARNING
86.55,0.9,4.98,FAILURE RISK
43.44,0.1,4.65,NORMAL
41.7,0.23,4.2,WARNING
50.58,0.43,9.01,FAILURE RISK
44.25,0.1,4.02,NORMAL
41.27,0.26,5.1,WARNING
61.07,0.86,11.15,FAILURE RISK
40.03,0.14,3.44,NORMAL
46.34,0.16,4.23,WARNING
50.03,0.39,6.82,FAILURE RISK
35.17,0.11,4.65,NORMAL
45.65,0.23,4.2,WARNING
76.83,0.72,6.22,FAILURE RISK
40.54,0.14,4.12,NORMAL
41.14,0.18,5.39,WARNING
57.19,0.54,11.19,FAILURE RISK
39.3,0.07,4.57,NORMAL
41.98,0.25,4.37,WARNING
55.73,0.44,11.31,FAILURE RISK
36.31,0.16,5.03,NORMAL
45.53,0.25,4.07,WARNING
57.28,0.41,6.79,FAILURE RISK
40.24,0.19,4.51,NORMAL
45.6,0.26,5.19,WARNING
56.16,0.24,5.82,FAILURE RISK
44.61,0.19,5.16,NORMAL
42.17,0.26,4.45,WARNING
86.13,0.95,6.71,FAILURE RISK
38.38,0.16,4.1,NORMAL
43.44,0.27,4.97,WARNING
83.66,0.54,10.09,FAILURE RISK
42.9,0.1,3.31,NORMAL
42.67,0.19,5.6,WARNING
64.46,0.91,9.25,FAILURE RISK
37.69,0.11,3.91,NORMAL
43.83,0.23,4.27,WARNING
70.22,0.35,11.26,FAILURE RISK
44.26,0.12,4.56,NORMAL
44.72,0.22,5.29,WARNING
60.75,0.46,7.2,FAILURE RISK
38.1,0.2,3.92,NORMAL
41.84,0.23,4.21,WARNING
62.86,0.93,8.38,FAILURE RISK
44.7,0.21,4.02,NORMAL
46.45,0.18,4.31,WARNING
58.59,0.46,10.13,FAILURE RISK
44.03,0.12,3.43,NORMAL
42.86,0.24,4.35,WARNING
50.02,0.92,7.84,FAILURE RISK
43.6,0.18,4.68,NORMAL
42.47,0.27,4.7,WARNING
84.62,0.76,10.96,FAILURE RISK
38.41,0.1,4.7,NORMAL
44.58,0.24,4.87,WARNING
86.8,0.93,4.62,FAILURE RISK
38.26,0.17,4.12,NORMAL
43.66,0.17,5.53,WARNING
86.08,0.24,7.68,FAILURE RISK
38.87,0.12,3.72,NORMAL
45.09,0.23,5.55,WARNING
50.17,0.99,8.61,FAILURE RISK
36.55,0.11,3.67,NORMAL
47.09,0.25,4.11,WARNING
69.23,0.21,8.67,FAILURE RISK
43.29,0.19,4.74,NORMAL
40.08,0.15,5.42,WARNING
82.21,0.85,8.86,FAILURE RISK
38.33,0.21,3.47,NORMAL
44.26,0.22,4.81,WARNING
77.32,0.56,6.0,FAILURE RISK
40.87,0.1,5.16,NORMAL
40.36,0.24,4.33,WARNING
53.07,0.23,4.73,FAILURE RISK
43.1,0.08,3.85,NORMAL
46.44,0.18,5.53,WARNING
79.73,0.32,6.43,FAILURE RISK
41.89,0.19,3.41,NORMAL
47.75,0.17,4.03,WARNING
85.68,0.94,10.37,FAILURE RISK
42.39,0.09,3.53,NORMAL
40.31,0.27,5.16,WARNING
69.86,0.66,4.96,FAILURE RISK
42.73,0.19,3.63,NORMAL
43.61,0.25,4.85,WARNING
57.99,0.5,5.09,FAILURE RISK
42.68,0.11,3.11,NORMAL
42.9,0.27,4.65,WARNING
86.4,0.21,6.12,FAILURE RISK
43.9,0.15,5.09,NORMAL
43.62,0.23,4.82,WARNING
63.3,0.32,4.54,FAILURE RISK
38.59,0.11,4.19,NORMAL
45.38,0.22,4.04,WARNING
84.33,0.96,8.36,FAILURE RISK
44.64,0.18,4.55,NORMAL
42.26,0.18,5.23,WARNING
49.48,0.23,11.63,FAILURE RISK
39.7,0.16,3.57,NORMAL
47.71,0.18,5.24,WARNING
86.81,0.35,6.35,FAILURE RISK
39.6,0.05,4.52,NORMAL
41.74,0.23,5.43,WARNING
81.58,0.32,10.22,FAILURE RISK
36.35,0.21,3.88,NORMAL
43.0,0.22,5.21,WARNING
71.93,0.68,9.57,FAILURE RISK
42.11,0.15,5.04,NORMAL
45.1,0.27,4.42,WARNING
64.25,0.82,11.08,FAILURE RISK
42.46,0.11,4.89,NORMAL
45.43,0.2,5.05,WARNING
50.56,0.86,11.02,FAILURE RISK
38.76,0.08,4.08,NORMAL
42.06,0.22,5.17,WARNING
78.79,0.29,10.71,FAILURE RISK
37.8,0.07,3.41,NORMAL
43.35,0.19,5.55,WARNING
48.29,0.6,9.3,FAILURE RISK
36.21,0.21,3.6,NORMAL
45.07,0.21,4.52,WARNING
67.43,0.81,6.34,FAILURE RISK
36.57,0.1,4.93,NORMAL
43.24,0.27,4.88,WARNING
50.83,0.21,8.74,FAILURE RISK
42.24,0.17,5.09,NORMAL
45.64,0.25,4.27,WARNING
87.96,0.39,11.45,FAILURE RISK
37.89,0.2,4.53,NORMAL
43.15,0.24,5.49,WARNING
63.42,0.99,6.78,FAILURE RISK
40.33,0.08,3.39,NORMAL
40.3,0.26,5.08,WARNING
90.0,0.75,8.22,FAILURE RISK
43.84,0.16,4.18,NORMAL
44.21,0.26,4.42,WARNING
83.67,0.53,6.97,FAILURE RISK
41.12,0.11,3.05,NORMAL
43.9,0.25,5.32,WARNING
89.13,0.24,6.94,FAILURE RISK
38.93,0.17,3.04,NORMAL
40.64,0.27,4.26,WARNING
88.92,0.68,7.46,FAILURE RISK
37.54,0.08,3.39,NORMAL
42.17,0.17,5.44,WARNING
59.97,0.42,9.53,FAILURE RISK
39.97,0.1,3.04,NORMAL
46.57,0.24,4.45,WARNING
69.64,0.45,7.74,FAILURE RISK
37.41,0.18,3.97,NORMAL
47.19,0.26,5.53,WARNING
76.93,0.35,8.71,FAILURE RISK
44.65,0.13,4.33,NORMAL
46.29,0.16,5.06,WARNING
60.95,0.75,9.1,FAILURE RISK
37.24,0.05,3.49,NORMAL
42.76,0.27,4.44,WARNING
60.88,0.78,10.75,FAILURE RISK
36.3,0.13,4.59,NORMAL
45.45,0.27,5.2,WARNING
62.31,0.7,10.46,FAILURE RISK
36.55,0.16,4.92,NORMAL
42.87,0.16,5.54,WARNING
57.91,0.52,10.36,FAILURE RISK
44.73,0.09,4.34,NORMAL
47.79,0.24,5.68,WARNING
59.08,0.93,9.43,FAILURE RISK
35.51,0.08,4.51,NORMAL
43.08,0.21,5.43,WARNING
88.73,0.45,9.7,FAILURE RISK
42.44,0.1,4.1,NORMAL
46.38,0.21,5.35,WARNING
87.45,0.67,4.85,FAILURE RISK
35.64,0.19,3.61,NORMAL
41.31,0.26,4.24,WARNING
75.58,0.84,9.97,FAILURE RISK
41.5,0.06,3.75,NORMAL
42.95,0.26,4.9,WARNING
70.1,0.53,7.69,FAILURE RISK
35.67,0.2,3.89,NORMAL
42.69,0.18,5.59,WARNING
74.82,0.3,6.46,FAILURE RISK
38.03,0.07,4.78,NORMAL
44.06,0.26,5.6,WARNING
66.29,0.22,4.54,FAILURE RISK
41.71,0.18,4.94,NORMAL
46.04,0.22,5.13,WARNING
70.14,0.53,5.78,FAILURE RISK
43.9,0.1,4.98,NORMAL
45.16,0.19,5.28,WARNING
74.57,0.31,9.62,FAILURE RISK
36.56,0.08,3.07,NORMAL
40.09,0.24,5.14,WARNING
46.05,0.29,7.58,FAILURE RISK
44.02,0.13,4.72,NORMAL
47.88,0.21,4.52,WARNING
78.74,0.52,10.89,FAILURE RISK
40.83,0.21,4.67,NORMAL
47.61,0.17,5.58,WARNING
86.97,0.5,9.31,FAILURE RISK
38.14,0.13,3.58,NORMAL
46.05,0.22,4.71,WARNING
81.08,0.47,8.52,FAILURE RISK
43.57,0.12,3.33,NORMAL
45.28,0.27,5.53,WARNING
70.47,0.8,10.22,FAILURE RISK
36.26,0.21,4.76,NORMAL
47.62,0.23,5.04,WARNING
67.9,0.9,4.78,FAILURE RISK
35.87,0.18,4.97,NORMAL
45.91,0.23,5.69,WARNING
69.33,0.6,6.47,FAILURE RISK
44.02,0.21,5.08,NORMAL
47.93,0.17,5.05,WARNING
60.65,0.41,11.08,FAILURE RISK
35.3,0.08,4.15,NORMAL
43.68,0.22,4.35,WARNING
47.84,0.46,9.94,FAILURE RISK
38.93,0.18,3.43,NORMAL
45.71,0.17,4.28,WARNING
79.6,0.76,8.17,FAILURE RISK
44.74,0.21,4.48,NORMAL
44.89,0.22,5.36,WARNING
86.54,0.27,10.19,FAILURE RISK
35.8,0.21,3.39,NORMAL
46.83,0.18,5.54,WARNING
60.17,0.47,8.4,FAILURE RISK
37.01,0.07,3.07,NORMAL
41.13,0.26,4.17,WARNING
73.35,0.96,4.61,FAILURE RISK
43.86,0.07,4.66,NORMAL
45.0,0.16,4.32,WARNING
87.58,0.74,9.52,FAILURE RISK
35.19,0.14,3.61,NORMAL
45.82,0.19,4.95,WARNING
86.94,0.6,9.33,FAILURE RISK
39.33,0.05,3.14,NORMAL
46.12,0.23,5.59,WARNING
89.58,0.44,6.59,FAILURE RISK
37.4,0.15,3.2,NORMAL
41.46,0.16,5.25,WARNING
80.6,0.26,10.0,FAILURE RISK
35.34,0.12,4.82,NORMAL
46.23,0.23,5.45,WARNING
80.29,0.59,5.57,FAILURE RISK
42.95,0.19,4.48,NORMAL
41.74,0.17,5.38,WARNING
84.68,0.65,8.29,FAILURE RISK
38.7,0.09,3.85,NORMAL
40.1,0.18,5.33,WARNING
76.25,0.5,5.78,FAILURE RISK
37.3,0.21,3.24,NORMAL
46.65,0.26,4.83,WARNING
85.48,0.57,11.57,FAILURE RISK
44.59,0.09,3.41,NORMAL
43.8,0.25,4.84,WARNING
80.54,0.97,8.02,FAILURE RISK
36.74,0.18,4.36,NORMAL
45.54,0.23,4.27,WARNING
51.84,0.22,7.81,FAILURE RISK
40.61,0.21,3.97,NORMAL
43.91,0.25,5.49,WARNING
86.45,0.97,7.9,FAILURE RISK
41.17,0.06,3.18,NORMAL
46.36,0.27,4.05,WARNING
60.64,0.99,11.93,FAILURE RISK
37.5,0.05,5.17,NORMAL
42.25,0.25,4.43,WARNING
52.04,0.56,7.09,FAILURE RISK
43.84,0.09,4.55,NORMAL
42.31,0.26,4.53,WARNING
68.7,0.62,8.61,FAILURE RISK
37.41,0.15,3.71,NORMAL
40.97,0.25,5.09,WARNING
50.66,0.75,4.72,FAILURE RISK
38.54,0.15,4.53,NORMAL
46.6,0.25,4.71,WARNING
58.27,0.82,5.79,FAILURE RISK
43.9,0.16,3.11,NORMAL
45.88,0.16,4.89,WARNING
56.99,0.91,5.38,FAILURE RISK
41.38,0.06,4.86,NORMAL
46.8,0.21,4.63,WARNING
82.13,0.64,8.64,FAILURE RISK
42.03,0.2,3.44,NORMAL
46.4,0.23,4.71,WARNING
76.99,0.65,8.39,FAILURE RISK
43.39,0.09,4.15,NORMAL
43.48,0.27,4.5,WARNING
50.26,0.92,10.56,FAILURE RISK
44.27,0.21,4.49,NORMAL
42.52,0.22,5.14,WARNING
89.17,0.48,11.11,FAILURE RISK
35.0,0.06,5.03,NORMAL
46.33,0.16,4.73,WARNING
45.48,1.0,7.9,FAILURE RISK
42.72,0.16,4.63,NORMAL
47.74,0.2,4.56,WARNING
81.88,0.52,7.3,FAILURE RISK
43.97,0.21,4.49,NORMAL
46.52,0.16,5.05,WARNING
71.25,0.48,9.45,FAILURE RISK
40.65,0.14,3.93,NORMAL
43.34,0.23,5.05,WARNING
84.81,0.82,8.98,FAILURE RISK
37.93,0.08,3.44,NORMAL
40.64,0.25,5.16,WARNING
77.15,0.24,7.06,FAILURE RISK
35.91,0.06,3.9,NORMAL
46.38,0.18,4.91,WARNING
82.29,0.35,9.51,FAILURE RISK
43.92,0.07,4.92,NORMAL
41.46,0.25,5.18,WARNING
46.29,0.85,8.8,FAILURE RISK
39.12,0.08,4.73,NORMAL
47.88,0.24,4.21,WARNING
75.98,0.22,7.63,FAILURE RISK
44.39,0.11,4.99,NORMAL
42.18,0.22,4.68,WARNING
68.79,0.36,11.48,FAILURE RISK
44.47,0.17,4.59,NORMAL
45.6,0.27,4.61,WARNING
87.33,0.36,11.52,FAILURE RISK
42.63,0.21,4.07,NORMAL
40.51,0.19,5.66,WARNING
89.31,0.79,8.55,FAILURE RISK
37.11,0.16,3.63,NORMAL
47.68,0.19,4.68,WARNING
86.7,0.33,9.9,FAILURE RISK
43.8,0.07,3.15,NORMAL
47.02,0.24,4.21,WARNING
53.01,0.35,7.2,FAILURE RISK
40.99,0.19,4.08,NORMAL
42.91,0.23,4.39,WARNING
55.7,0.22,5.57,FAILURE RISK
40.15,0.2,3.03,NORMAL
40.3,0.27,4.29,WARNING
75.04,1.0,8.76,FAILURE RISK
39.35,0.19,4.26,NORMAL
44.7,0.25,5.53,WARNING
61.47,0.99,7.8,FAILURE RISK
41.39,0.14,4.58,NORMAL
47.73,0.27,5.08,WARNING
68.81,0.49,6.8,FAILURE RISK
37.54,0.15,4.11,NORMAL
46.16,0.27,4.18,WARNING
49.67,0.69,5.42,FAILURE RISK
40.97,0.07,4.62,NORMAL
45.16,0.25,4.57,WARNING
88.27,0.73,11.68,FAILURE RISK
42.33,0.09,4.09,NORMAL
46.91,0.16,5.5,WARNING
46.83,0.21,11.05,FAILURE RISK
37.66,0.06,3.87,NORMAL
45.71,0.25,4.85,WARNING
57.78,0.81,6.87,FAILURE RISK
36.47,0.14,4.69,NORMAL
41.05,0.23,5.14,WARNING
86.85,0.4,7.58,FAILURE RISK
37.91,0.19,4.27,NORMAL
42.65,0.26,5.28,WARNING
49.36,0.77,10.31,FAILURE RISK
40.81,0.14,3.45,NORMAL
41.76,0.17,5.47,WARNING
72.0,0.37,6.94,FAILURE RISK
42.77,0.15,3.94,NORMAL
45.04,0.24,4.99,WARNING
79.07,0.33,5.25,FAILURE RISK
43.59,0.1,4.94,NORMAL
44.24,0.24,4.72,WARNING
57.04,0.23,6.71,FAILURE RISK
36.97,0.14,3.39,NORMAL
47.18,0.25,4.73,WARNING
56.35,0.83,11.46,FAILURE RISK
36.96,0.07,3.76,NORMAL
46.67,0.19,4.98,WARNING
63.86,0.87,10.54,FAILURE RISK
44.96,0.16,4.88,NORMAL
44.14,0.26,5.03,WARNING
55.94,0.55,5.07,FAILURE RISK
36.41,0.06,5.0,NORMAL
45.7,0.23,4.97,WARNING
47.82,0.24,9.6,FAILURE RISK
44.19,0.08,4.1,NORMAL
45.41,0.23,4.49,WARNING
71.03,0.61,8.33,FAILURE RISK
44.65,0.06,4.97,NORMAL
45.11,0.19,4.97,WARNING
52.13,0.43,9.19,FAILURE RISK
40.97,0.18,4.72,NORMAL
43.02,0.17,5.6,WARNING
49.81,0.31,6.5,FAILURE RISK
38.84,0.12,4.03,NORMAL
41.02,0.24,5.6,WARNING
79.83,0.63,8.57,FAILURE RISK
40.12,0.2,4.29,NORMAL
47.15,0.15,4.27,WARNING
71.09,0.74,5.58,FAILURE RISK
39.99,0.21,4.43,NORMAL
43.35,0.26,4.56,WARNING
69.75,0.54,4.96,FAILURE RISK
43.77,0.15,3.58,NORMAL
43.07,0.18,5.6,WARNING
78.92,0.64,8.5,FAILURE RISK
42.43,0.21,3.72,NORMAL
43.74,0.2,5.28,WARNING
86.86,0.75,9.21,FAILURE RISK
36.02,0.15,4.03,NORMAL
47.36,0.2,5.66,WARNING
47.49,0.41,10.75,FAILURE RISK
40.11,0.15,5.1,NORMAL
46.57,0.26,5.17,WARNING
49.6,0.81,10.89,FAILURE RISK
44.95,0.07,3.78,NORMAL
45.25,0.23,4.68,WARNING
53.71,0.91,4.86,FAILURE RISK
36.05,0.2,4.51,NORMAL
45.72,0.21,4.97,WARNING
57.22,0.79,11.47,FAILURE RISK
38.78,0.13,3.91,NORMAL
45.55,0.22,4.76,WARNING
79.5,0.51,10.66,FAILURE RISK
39.09,0.08,4.47,NORMAL
44.07,0.22,5.18,WARNING
67.64,0.68,4.75,FAILURE RISK
40.08,0.2,3.11,NORMAL
41.28,0.22,4.7,WARNING
46.86,0.4,11.7,FAILURE RISK
38.79,0.12,4.74,NORMAL
46.88,0.19,4.55,WARNING
75.95,0.27,9.53,FAILURE RISK
41.82,0.14,4.73,NORMAL
43.64,0.24,4.64,WARNING
46.26,0.99,7.49,FAILURE RISK
35.47,0.17,3.33,NORMAL
42.75,0.18,5.4,WARNING
52.03,0.66,8.28,FAILURE RISK
40.61,0.07,4.31,NORMAL
47.04,0.23,4.09,WARNING
49.05,0.89,7.19,FAILURE RISK
38.36,0.07,3.79,NORMAL
41.78,0.26,5.54,WARNING
54.75,0.79,9.41,FAILURE RISK
38.37,0.19,3.28,NORMAL
47.5,0.18,5.34,WARNING
45.8,0.39,4.67,FAILURE RISK
39.15,0.09,4.84,NORMAL
46.02,0.23,5.62,WARNING
74.46,0.31,11.04,FAILURE RISK
36.4,0.19,4.69,NORMAL
44.31,0.21,5.41,WARNING
83.44,0.77,5.92,FAILURE RISK
38.83,0.1,5.01,NORMAL
40.82,0.24,5.57,WARNING
60.13,0.35,8.67,FAILURE RISK
43.19,0.12,4.61,NORMAL
43.62,0.26,4.27,WARNING
78.3,0.74,5.37,FAILURE RISK
37.75,0.11,5.1,NORMAL
43.07,0.27,5.34,WARNING
61.1,0.36,10.42,FAILURE RISK
39.83,0.15,4.16,NORMAL
43.07,0.19,5.49,WARNING
65.85,0.28,7.88,FAILURE RISK
38.16,0.21,4.17,NORMAL
46.76,0.24,5.39,WARNING
80.02,0.49,6.92,FAILURE RISK
41.98,0.09,3.81,NORMAL
45.67,0.22,4.81,WARNING
69.11,0.98,6.91,FAILURE RISK
35.16,0.1,3.27,NORMAL
40.02,0.25,4.25,WARNING
75.64,0.39,4.82,FAILURE RISK
42.69,0.05,4.26,NORMAL
47.07,0.27,5.28,WARNING
79.34,0.22,10.37,FAILURE RISK
37.59,0.18,4.59,NORMAL
45.21,0.21,5.14,WARNING
79.15,0.28,6.2,FAILURE RISK
37.71,0.06,4.11,NORMAL
43.94,0.27,5.37,WARNING
62.45,0.55,6.63,FAILURE RISK
37.02,0.11,4.26,NORMAL
44.88,0.23,5.47,WARNING
57.28,0.68,7.11,FAILURE RISK
39.08,0.19,5.09,NORMAL
46.85,0.18,5.67,WARNING
56.44,0.86,11.52,FAILURE RISK
36.29,0.09,4.37,NORMAL
44.11,0.24,5.05,WARNING
48.65,0.82,6.8,FAILURE RISK
37.4,0.1,4.11,NORMAL
40.81,0.26,5.23,WARNING
51.11,0.38,7.06,FAILURE RISK
44.47,0.16,4.75,NORMAL
40.35,0.2,5.58,WARNING
59.43,0.55,5.85,FAILURE RISK
38.9,0.06,5.17,NORMAL
47.15,0.17,4.5,WARNING
62.55,0.8,7.07,FAILURE RISK
39.35,0.19,3.94,NORMAL
42.14,0.23,5.56,WARNING
67.3,0.69,10.76,FAILURE RISK
38.5,0.06,4.74,NORMAL
44.0,0.25,4.42,WARNING
59.76,0.33,5.37,FAILURE RISK
39.52,0.09,4.55,NORMAL
41.41,0.27,5.47,WARNING
81.78,0.64,6.96,FAILURE RISK
42.85,0.16,4.36,NORMAL
44.64,0.2,5.32,WARNING
87.5,0.27,9.27,FAILURE RISK
36.09,0.1,3.57,NORMAL
44.73,0.17,5.61,WARNING
56.93,0.74,9.13,FAILURE RISK
39.47,0.14,3.0,NORMAL
46.76,0.15,4.55,WARNING
50.43,0.61,5.47,FAILURE RISK
39.03,0.09,4.2,NORMAL
46.42,0.23,4.09,WARNING
74.59,0.31,8.36,FAILURE RISK
37.94,0.19,3.61,NORMAL
45.22,0.26,4.23,WARNING
66.08,0.54,8.84,FAILURE RISK
36.57,0.11,3.97,NORMAL
45.85,0.25,5.16,WARNING
46.73,0.59,6.43,FAILURE RISK
36.16,0.18,4.48,NORMAL
44.97,0.18,5.62,WARNING
85.63,0.41,12.0,FAILURE RISK
35.81,0.07,3.85,NORMAL
42.02,0.25,5.08,WARNING
85.51,0.22,8.89,FAILURE RISK
42.28,0.09,3.43,NORMAL
45.96,0.25,4.81,WARNING
56.31,0.34,6.62,FAILURE RISK
38.83,0.16,4.21,NORMAL
40.42,0.25,5.23,WARNING
47.23,0.34,6.59,FAILURE RISK
43.29,0.18,3.39,NORMAL
41.4,0.27,5.23,WARNING
74.15,0.65,10.28,FAILURE RISK
39.41,0.12,5.15,NORMAL
47.83,0.21,4.43,WARNING
47.33,0.91,7.67,FAILURE RISK
39.07,0.17,5.18,NORMAL
43.07,0.22,4.89,WARNING
54.2,0.53,8.68,FAILURE RISK
41.48,0.1,3.92,NORMAL
40.53,0.16,5.27,WARNING
63.94,0.75,9.88,FAILURE RISK
42.11,0.08,4.16,NORMAL
46.72,0.2,4.77,WARNING
81.34,0.43,5.84,FAILURE RISK
40.18,0.09,4.77,NORMAL
41.91,0.23,5.68,WARNING
65.5,0.68,6.93,FAILURE RISK
43.83,0.07,3.19,NORMAL
43.41,0.23,4.75,WARNING
46.11,0.41,6.03,FAILURE RISK
43.28,0.19,3.84,NORMAL
42.12,0.17,5.33,WARNING
62.09,0.74,11.04,FAILURE RISK
41.53,0.07,3.16,NORMAL
42.55,0.23,4.58,WARNING
63.76,0.62,5.57,FAILURE RISK
42.33,0.18,4.43,NORMAL
43.57,0.18,5.36,WARNING
62.27,0.63,5.79,FAILURE RISK
44.79,0.07,3.99,NORMAL
44.08,0.22,5.27,WARNING
60.71,0.56,6.87,FAILURE RISK
44.23,0.07,4.6,NORMAL
46.1,0.23,4.52,WARNING
45.94,0.84,8.84,FAILURE RISK
36.47,0.1,4.02,NORMAL
47.9,0.22,5.56,WARNING
56.81,0.47,10.52,FAILURE RISK
36.71,0.17,3.9,NORMAL
47.13,0.21,4.22,WARNING
85.11,0.73,5.75,FAILURE RISK
42.83,0.06,4.79,NORMAL
46.84,0.26,4.15,WARNING
53.5,0.61,4.79,FAILURE RISK
35.71,0.15,3.97,NORMAL
42.99,0.27,4.45,WARNING
51.73,0.75,5.15,FAILURE RISK
37.21,0.21,3.63,NORMAL
46.38,0.26,4.93,WARNING
76.1,0.23,10.68,FAILURE RISK
43.14,0.2,3.33,NORMAL
41.38,0.17,5.67,WARNING
85.89,0.53,7.34,FAILURE RISK
41.75,0.13,4.88,NORMAL
43.86,0.26,4.77,WARNING
45.76,0.81,7.66,FAILURE RISK
35.32,0.13,4.18,NORMAL
44.16,0.17,5.65,WARNING
80.44,0.22,10.73,FAILURE RISK
42.8,0.15,3.66,NORMAL
45.56,0.19,4.34,WARNING
65.94,0.84,10.24,FAILURE RISK
37.58,0.15,4.41,NORMAL
44.74,0.26,4.43,WARNING
62.94,0.55,4.94,FAILURE RISK
43.51,0.2,4.7,NORMAL
41.88,0.16,5.68,WARNING
80.21,0.9,5.92,FAILURE RISK
38.05,0.15,4.25,NORMAL
40.54,0.22,5.21,WARNING
69.57,0.83,5.5,FAILURE RISK
44.35,0.14,4.1,NORMAL
44.79,0.27,5.31,WARNING
75.75,0.39,6.37,FAILURE RISK
38.94,0.15,3.85,NORMAL
46.83,0.17,5.61,WARNING
45.1,0.29,7.93,FAILURE RISK
36.7,0.07,3.09,NORMAL
41.55,0.22,5.0,WARNING
62.19,0.95,4.63,FAILURE RISK
36.56,0.19,3.7,NORMAL
47.24,0.23,4.22,WARNING
86.6,0.38,6.68,FAILURE RISK
39.41,0.2,3.13,NORMAL
41.95,0.16,5.23,WARNING
80.39,0.75,10.1,FAILURE RISK
36.25,0.17,4.31,NORMAL
43.79,0.22,5.15,WARNING
60.55,0.31,7.68,FAILURE RISK
39.63,0.09,3.85,NORMAL
47.26,0.24,5.31,WARNING
66.16,0.38,6.72,FAILURE RISK
41.42,0.07,4.68,NORMAL
44.6,0.23,4.86,WARNING
47.98,0.96,10.74,FAILURE RISK
42.76,0.2,3.6,NORMAL
46.74,0.16,4.09,WARNING
88.61,0.41,9.48,FAILURE RISK
44.44,0.2,4.63,NORMAL
41.15,0.26,5.26,WARNING
87.11,1.0,7.15,FAILURE RISK
44.03,0.08,3.74,NORMAL
43.85,0.22,4.04,WARNING
82.15,0.82,7.92,FAILURE RISK
36.83,0.15,3.94,NORMAL
47.97,0.24,4.67,WARNING
75.76,0.8,11.65,FAILURE RISK
35.59,0.2,3.62,NORMAL
47.61,0.23,5.14,WARNING
55.24,0.28,11.85,FAILURE RISK
37.6,0.12,4.89,NORMAL
40.52,0.24,5.35,WARNING
57.41,0.76,10.1,FAILURE RISK
40.96,0.17,4.43,NORMAL
47.36,0.26,5.25,WARNING
56.55,0.5,6.19,FAILURE RISK
38.42,0.19,4.66,NORMAL
42.53,0.23,5.07,WARNING
53.97,0.54,5.56,FAILURE RISK
42.05,0.06,3.15,NORMAL
40.5,0.25,4.34,WARNING
77.61,0.73,8.08,FAILURE RISK
44.45,0.07,4.88,NORMAL
45.4,0.24,5.3,WARNING
55.46,0.53,7.43,FAILURE RISK
36.47,0.21,3.97,NORMAL
42.82,0.23,4.42,WARNING
81.04,0.39,5.57,FAILURE RISK
41.64,0.12,4.91,NORMAL
45.55,0.15,5.36,WARNING
65.88,0.87,8.79,FAILURE RISK
35.19,0.21,3.1,NORMAL
47.94,0.16,5.26,WARNING
50.59,0.96,7.36,FAILURE RISK
36.47,0.07,4.43,NORMAL
41.02,0.18,5.62,WARNING
78.89,0.61,8.6,FAILURE RISK
43.15,0.06,5.15,NORMAL
46.81,0.19,4.63,WARNING
81.89,0.55,8.33,FAILURE RISK
36.52,0.05,3.64,NORMAL
46.78,0.23,5.16,WARNING
88.91,0.29,10.22,FAILURE RISK
40.67,0.19,3.57,NORMAL
47.56,0.18,5.27,WARNING
70.11,0.69,10.02,FAILURE RISK
43.19,0.05,4.18,NORMAL
43.55,0.22,4.56,WARNING
60.28,0.98,7.85,FAILURE RISK
41.48,0.15,4.23,NORMAL
43.36,0.24,5.55,WARNING
87.14,0.8,10.8,FAILURE RISK
40.74,0.08,4.72,NORMAL
46.43,0.26,5.47,WARNING
61.2,0.42,11.33,FAILURE RISK
37.32,0.09,3.83,NORMAL
43.85,0.16,5.22,WARNING
84.67,0.54,8.81,FAILURE RISK
44.53,0.15,3.18,NORMAL
44.35,0.24,4.97,WARNING
83.39,0.49,10.17,FAILURE RISK
40.84,0.16,3.99,NORMAL
43.8,0.21,5.23,WARNING
79.27,0.32,8.38,FAILURE RISK
35.09,0.11,4.2,NORMAL
40.92,0.15,5.28,WARNING
80.54,0.62,4.82,FAILURE RISK
42.46,0.21,3.4,NORMAL
41.6,0.23,4.88,WARNING
86.67,0.86,9.18,FAILURE RISK
36.71,0.08,5.11,NORMAL
47.72,0.27,4.33,WARNING
79.74,0.38,11.95,FAILURE RISK
43.93,0.19,3.72,NORMAL
45.39,0.25,5.37,WARNING
55.46,0.56,5.25,FAILURE RISK
43.75,0.06,3.61,NORMAL
44.87,0.25,5.49,WARNING
65.79,0.53,9.77,FAILURE RISK
39.78,0.05,4.97,NORMAL
42.95,0.25,4.44,WARNING
70.15,0.33,11.49,FAILURE RISK
35.89,0.1,3.72,NORMAL
43.47,0.17,5.55,WARNING
76.45,0.4,10.96,FAILURE RISK
40.42,0.15,4.86,NORMAL
47.06,0.22,4.68,WARNING
68.31,0.99,6.66,FAILURE RISK
40.77,0.2,4.04,NORMAL
43.26,0.23,4.62,WARNING
45.41,0.41,7.24,FAILURE RISK
43.23,0.08,5.05,NORMAL
47.33,0.26,5.1,WARNING
58.93,0.54,5.6,FAILURE RISK
42.09,0.08,3.16,NORMAL
47.5,0.25,4.91,WARNING
67.81,0.96,9.89,FAILURE RISK
36.53,0.14,3.77,NORMAL
42.01,0.27,4.82,WARNING
59.98,0.31,8.62,FAILURE RISK
43.12,0.13,3.82,NORMAL
42.66,0.22,4.22,WARNING
82.26,0.99,11.25,FAILURE RISK
42.54,0.06,4.11,NORMAL
45.75,0.22,4.72,WARNING
80.55,0.42,9.2,FAILURE RISK
39.49,0.19,3.33,NORMAL
40.15,0.27,4.38,WARNING
57.38,0.54,7.01,FAILURE RISK
35.43,0.1,4.19,NORMAL
40.11,0.24,5.52,WARNING
46.22,0.36,7.03,FAILURE RISK
41.8,0.17,4.65,NORMAL
46.72,0.19,5.34,WARNING
64.56,0.93,11.48,FAILURE RISK
36.44,0.18,5.11,NORMAL
46.4,0.24,5.68,WARNING
79.99,0.26,4.58,FAILURE RISK
40.53,0.13,4.67,NORMAL
44.81,0.24,5.38,WARNING
53.26,0.41,10.66,FAILURE RISK
35.05,0.19,3.35,NORMAL
43.6,0.19,5.68,WARNING
52.08,0.24,7.87,FAILURE RISK
44.18,0.12,4.74,NORMAL
47.85,0.16,5.45,WARNING
58.81,0.52,10.03,FAILURE RISK
44.56,0.2,3.88,NORMAL
46.63,0.26,5.23,WARNING
61.22,0.96,4.63,FAILURE RISK
40.39,0.15,4.67,NORMAL
45.58,0.22,5.65,WARNING
65.99,0.94,4.59,FAILURE RISK
44.26,0.08,4.48,NORMAL
43.34,0.22,5.65,WARNING
69.03,0.3,6.24,FAILURE RISK
40.12,0.13,4.76,NORMAL
47.32,0.25,5.48,WARNING
75.92,0.29,6.21,FAILURE RISK
42.36,0.06,3.11,NORMAL
46.53,0.17,5.62,WARNING
51.27,0.22,6.4,FAILURE RISK
36.75,0.13,3.1,NORMAL
46.52,0.22,5.24,WARNING
72.65,0.98,4.51,FAILURE RISK
35.53,0.08,4.53,NORMAL
40.89,0.21,5.21,WARNING
70.05,0.22,9.03,FAILURE RISK
35.36,0.2,4.15,NORMAL
47.77,0.17,4.79,WARNING
68.85,0.27,5.87,FAILURE RISK
35.14,0.08,3.8,NORMAL
47.81,0.19,5.6,WARNING
54.6,0.77,11.49,FAILURE RISK
44.94,0.14,3.22,NORMAL
42.32,0.26,5.13,WARNING
76.65,0.73,11.02,FAILURE RISK
44.3,0.12,3.01,NORMAL
45.7,0.26,4.76,WARNING
46.02,0.82,10.99,FAILURE RISK
42.52,0.08,4.17,NORMAL
44.81,0.25,4.08,WARNING
67.26,0.53,7.6,FAILURE RISK
42.61,0.18,5.09,NORMAL
42.76,0.22,5.36,WARNING
83.02,0.63,11.07,FAILURE RISK
35.15,0.16,3.48,NORMAL
41.41,0.24,4.91,WARNING
75.21,0.74,5.04,FAILURE RISK
36.68,0.06,4.13,NORMAL
42.72,0.24,4.55,WARNING
46.5,0.59,8.7,FAILURE RISK
43.05,0.09,3.32,NORMAL
44.98,0.16,5.49,WARNING
62.94,0.74,10.21,FAILURE RISK
37.56,0.1,4.5,NORMAL
46.55,0.26,4.45,WARNING
89.54,0.53,6.48,FAILURE RISK
36.33,0.15,3.63,NORMAL
46.3,0.27,4.14,WARNING
53.7,0.34,9.45,FAILURE RISK
39.25,0.21,4.55,NORMAL
44.56,0.19,5.69,WARNING
57.61,0.94,10.04,FAILURE RISK
44.2,0.06,3.56,NORMAL
45.19,0.18,5.4,WARNING
87.08,0.45,7.12,FAILURE RISK
35.45,0.16,4.9,NORMAL
43.06,0.24,4.68,WARNING
57.03,0.6,7.97,FAILURE RISK
37.58,0.09,4.87,NORMAL
47.51,0.19,4.26,WARNING
77.12,0.65,10.83,FAILURE RISK
36.44,0.13,3.4,NORMAL
45.42,0.18,4.55,WARNING
50.22,0.22,5.38,FAILURE RISK
44.83,0.18,4.28,NORMAL
44.31,0.23,4.34,WARNING
59.55,0.49,8.13,FAILURE RISK
42.27,0.1,4.66,NORMAL
46.32,0.18,5.41,WARNING
87.04,0.4,9.14,FAILURE RISK
44.88,0.05,4.56,NORMAL
47.64,0.19,4.84,WARNING
81.45,0.25,9.43,FAILURE RISK
39.37,0.14,4.63,NORMAL
45.21,0.24,5.4,WARNING
69.27,0.42,7.88,FAILURE RISK
42.83,0.2,5.08,NORMAL
43.16,0.15,5.31,WARNING
84.83,0.51,6.44,FAILURE RISK
37.65,0.21,4.5,NORMAL
46.35,0.17,4.49,WARNING
78.84,0.72,8.29,FAILURE RISK
35.8,0.11,3.39,NORMAL
45.69,0.2,4.36,WARNING
66.83,0.46,11.13,FAILURE RISK
42.77,0.18,3.96,NORMAL
47.51,0.24,4.68,WARNING
83.59,0.58,6.39,FAILURE RISK
35.17,0.15,4.72,NORMAL
41.63,0.16,5.58,WARNING
60.07,0.82,8.54,FAILURE RISK
42.59,0.13,4.64,NORMAL
46.46,0.15,4.29,WARNING
68.23,0.85,8.9,FAILURE RISK
37.22,0.19,4.33,NORMAL
40.2,0.24,5.13,WARNING
87.52,0.35,4.62,FAILURE RISK
40.91,0.12,3.33,NORMAL
45.74,0.21,5.27,WARNING
52.48,0.44,4.88,FAILURE RISK
38.41,0.12,4.89,NORMAL
40.83,0.26,4.25,WARNING
71.44,0.62,6.0,FAILURE RISK
35.06,0.15,3.83,NORMAL
46.93,0.18,5.58,WARNING
88.82,0.74,6.78,FAILURE RISK
37.57,0.21,4.5,NORMAL
46.66,0.15,4.99,WARNING
75.21,0.99,11.55,FAILURE RISK
39.12,0.09,4.01,NORMAL
45.49,0.16,4.56,WARNING
67.6,0.41,5.76,FAILURE RISK
37.29,0.16,4.22,NORMAL
44.43,0.23,5.6,WARNING
55.07,0.99,6.43,FAILURE RISK
37.13,0.18,3.97,NORMAL
47.37,0.26,5.07,WARNING
73.66,0.61,7.76,FAILURE RISK
42.76,0.08,3.9,NORMAL
42.13,0.23,4.05,WARNING
69.19,0.27,10.52,FAILURE RISK
42.01,0.09,4.18,NORMAL
45.04,0.18,5.27,WARNING
87.17,0.66,9.73,FAILURE RISK
43.99,0.21,4.38,NORMAL
43.48,0.24,4.6,WARNING
67.79,0.73,5.1,FAILURE RISK
37.58,0.21,3.25,NORMAL
47.91,0.18,5.56,WARNING
88.06,0.3,5.82,FAILURE RISK
36.54,0.08,3.9,NORMAL
42.19,0.23,4.61,WARNING
62.99,0.35,11.33,FAILURE RISK
39.98,0.15,5.07,NORMAL
46.79,0.24,5.54,WARNING
50.77,0.49,10.88,FAILURE RISK
44.69,0.12,3.98,NORMAL
41.44,0.21,5.34,WARNING
89.08,0.48,7.59,FAILURE RISK
39.32,0.08,3.06,NORMAL
47.65,0.26,5.45,WARNING
66.58,0.91,11.22,FAILURE RISK
38.36,0.13,3.44,NORMAL
41.97,0.27,5.43,WARNING
79.41,0.87,5.24,FAILURE RISK
40.79,0.07,4.72,NORMAL
44.8,0.24,4.26,WARNING
56.6,0.44,7.56,FAILURE RISK
35.84,0.12,4.88,NORMAL
46.18,0.16,5.63,WARNING
61.39,0.94,8.84,FAILURE RISK
35.67,0.09,3.03,NORMAL
43.69,0.27,4.95,WARNING
48.09,0.96,5.39,FAILURE RISK
37.7,0.12,3.21,NORMAL
47.47,0.25,5.51,WARNING
85.83,0.82,8.92,FAILURE RISK
39.45,0.11,4.3,NORMAL
44.42,0.26,5.46,WARNING
78.23,0.46,8.04,FAILURE RISK
39.89,0.06,4.45,NORMAL
42.26,0.25,4.14,WARNING
78.19,0.87,9.93,FAILURE RISK
38.48,0.13,3.94,NORMAL
46.72,0.17,5.59,WARNING
63.23,0.49,7.87,FAILURE RISK
35.87,0.11,4.84,NORMAL
42.84,0.22,4.29,WARNING
70.7,0.47,10.97,FAILURE RISK
43.62,0.09,3.18,NORMAL
46.27,0.22,5.52,WARNING
55.47,0.78,10.76,FAILURE RISK
41.65,0.11,4.23,NORMAL
41.19,0.23,4.21,WARNING
52.16,0.61,5.85,FAILURE RISK
39.2,0.17,4.31,NORMAL
44.81,0.16,5.5,WARNING
46.2,0.96,8.79,FAILURE RISK
43.56,0.05,4.61,NORMAL
40.61,0.26,4.07,WARNING
86.36,0.63,11.01,FAILURE RISK
37.46,0.12,5.17,NORMAL
44.85,0.26,4.37,WARNING
70.89,0.87,4.94,FAILURE RISK
44.1,0.19,4.95,NORMAL
41.71,0.22,5.11,WARNING
83.46,0.28,6.34,FAILURE RISK
43.56,0.08,3.34,NORMAL
41.71,0.21,5.24,WARNING
65.07,0.46,8.49,FAILURE RISK
37.92,0.11,3.17,NORMAL
46.69,0.21,4.67,WARNING
74.89,0.4,7.81,FAILURE RISK
41.75,0.09,3.96,NORMAL
40.86,0.19,5.26,WARNING
59.92,0.9,9.42,FAILURE RISK
37.4,0.18,3.54,NORMAL
41.56,0.18,5.38,WARNING
76.02,0.99,11.57,FAILURE RISK
35.87,0.06,3.75,NORMAL
40.92,0.25,4.69,WARNING
68.95,0.26,6.53,FAILURE RISK
44.6,0.06,3.21,NORMAL
42.68,0.23,4.85,WARNING
80.63,0.52,8.68,FAILURE RISK
40.22,0.18,4.61,NORMAL
40.02,0.2,5.32,WARNING
59.17,0.24,8.96,FAILURE RISK
37.74,0.15,4.03,NORMAL
43.68,0.2,5.41,WARNING
67.54,0.54,9.74,FAILURE RISK
35.33,0.11,3.79,NORMAL
44.78,0.17,5.58,WARNING
81.21,0.94,8.18,FAILURE RISK
35.31,0.1,4.27,NORMAL
47.76,0.22,4.45,WARNING
53.13,0.53,9.24,FAILURE RISK
37.61,0.13,4.19,NORMAL
44.61,0.24,5.69,WARNING
62.06,0.95,5.66,FAILURE RISK
40.33,0.14,4.34,NORMAL
40.65,0.26,4.88,WARNING
61.24,0.33,4.76,FAILURE RISK
40.66,0.13,5.04,NORMAL
41.84,0.26,4.04,WARNING
72.91,0.32,4.93,FAILURE RISK
41.34,0.15,3.25,NORMAL
40.77,0.25,4.86,WARNING
78.73,0.75,11.86,FAILURE RISK
42.5,0.2,4.38,NORMAL
42.19,0.17,5.38,WARNING
65.09,0.32,9.82,FAILURE RISK
37.78,0.18,3.29,NORMAL
46.65,0.22,5.08,WARNING
51.81,0.81,8.13,FAILURE RISK
43.17,0.12,4.9,NORMAL
43.51,0.17,5.43,WARNING
82.95,0.52,6.56,FAILURE RISK
36.7,0.13,3.08,NORMAL
46.3,0.26,5.37,WARNING
50.47,0.72,10.39,FAILURE RISK
35.53,0.1,3.5,NORMAL
46.31,0.19,4.55,WARNING
61.63,0.3,5.22,FAILURE RISK
39.35,0.16,3.22,NORMAL
46.56,0.2,4.11,WARNING
85.5,0.52,5.05,FAILURE RISK
38.18,0.21,3.81,NORMAL
40.27,0.16,5.45,WARNING
52.0,0.52,5.06,FAILURE RISK
40.51,0.16,4.8,NORMAL
45.17,0.16,4.13,WARNING
65.72,0.83,10.72,FAILURE RISK
39.82,0.08,4.7,NORMAL
45.18,0.16,5.62,WARNING
87.79,0.77,6.44,FAILURE RISK
39.61,0.21,4.72,NORMAL
47.6,0.23,4.5,WARNING
82.71,0.62,7.37,FAILURE RISK
37.38,0.16,4.1,NORMAL
42.44,0.26,5.31,WARNING
60.51,0.7,4.6,FAILURE RISK
40.56,0.21,3.97,NORMAL
40.29,0.25,5.55,WARNING
54.44,0.52,7.69,FAILURE RISK
35.16,0.14,5.1,NORMAL
44.02,0.2,5.57,WARNING
88.63,0.65,10.04,FAILURE RISK
40.3,0.17,5.18,NORMAL
42.06,0.26,5.42,WARNING
46.57,0.95,9.63,FAILURE RISK
43.97,0.19,3.19,NORMAL
47.9,0.17,5.07,WARNING
51.29,0.82,6.92,FAILURE RISK
38.73,0.16,4.02,NORMAL
41.07,0.24,4.34,WARNING
61.19,0.7,11.98,FAILURE RISK
42.17,0.12,3.18,NORMAL
42.09,0.23,4.14,WARNING
47.51,0.94,10.26,FAILURE RISK
42.05,0.15,5.02,NORMAL
46.23,0.25,5.25,WARNING
87.63,0.37,9.15,FAILURE RISK
38.87,0.13,3.6,NORMAL
47.31,0.26,4.1,WARNING
59.78,0.64,10.36,FAILURE RISK
43.67,0.05,4.74,NORMAL
45.66,0.25,5.2,WARNING
80.78,0.98,9.92,FAILURE RISK
41.72,0.18,5.06,NORMAL
40.25,0.24,5.04,WARNING
80.82,0.49,4.93,FAILURE RISK
37.24,0.2,3.35,NORMAL
41.05,0.27,5.63,WARNING
76.12,0.96,7.45,FAILURE RISK
38.42,0.18,3.77,NORMAL
44.88,0.23,4.76,WARNING
84.52,0.63,8.24,FAILURE RISK
44.7,0.19,3.04,NORMAL
42.99,0.25,4.07,WARNING
76.35,0.46,10.11,FAILURE RISK
42.7,0.06,3.06,NORMAL
43.47,0.27,5.41,WARNING
60.68,0.56,9.83,FAILURE RISK
35.54,0.16,3.87,NORMAL
47.78,0.17,4.73,WARNING
89.19,0.46,9.12,FAILURE RISK
35.25,0.19,4.29,NORMAL
40.13,0.19,5.57,WARNING
81.08,0.86,10.98,FAILURE RISK
39.1,0.13,3.53,NORMAL
47.45,0.23,5.05,WARNING
60.22,0.25,7.33,FAILURE RISK
36.13,0.2,4.48,NORMAL
46.35,0.24,4.78,WARNING
52.8,0.98,10.31,FAILURE RISK
43.57,0.2,5.07,NORMAL
43.7,0.24,5.43,WARNING
71.5,0.77,4.85,FAILURE RISK
38.86,0.16,3.73,NORMAL
45.32,0.22,5.49,WARNING
71.88,0.23,5.17,FAILURE RISK
44.63,0.05,4.51,NORMAL
40.94,0.25,4.83,WARNING
76.33,0.56,6.38,FAILURE RISK
35.38,0.07,3.85,NORMAL
45.44,0.16,4.21,WARNING
46.51,0.63,7.88,FAILURE RISK
40.88,0.11,3.28,NORMAL
41.87,0.22,4.54,WARNING
51.97,0.72,10.53,FAILURE RISK
44.67,0.09,5.11,NORMAL
46.41,0.22,4.3,WARNING
81.43,0.22,7.08,FAILURE RISK
43.38,0.05,4.17,NORMAL
45.54,0.15,4.01,WARNING
51.64,0.59,8.4,FAILURE RISK
35.84,0.07,3.42,NORMAL
44.74,0.17,5.24,WARNING
45.83,0.88,11.03,FAILURE RISK
40.67,0.2,3.18,NORMAL
46.83,0.16,5.02,WARNING
56.28,0.31,10.68,FAILURE RISK
39.93,0.21,4.66,NORMAL
40.76,0.27,4.68,WARNING
54.74,0.56,7.07,FAILURE RISK
43.91,0.16,4.76,NORMAL
46.36,0.22,5.59,WARNING
76.28,0.72,10.63,FAILURE RISK
44.7,0.12,3.53,NORMAL
47.93,0.27,5.1,WARNING
68.48,0.35,11.19,FAILURE RISK
41.31,0.15,4.16,NORMAL
46.41,0.25,4.03,WARNING
79.65,0.6,11.78,FAILURE RISK
39.08,0.06,4.68,NORMAL
46.12,0.2,5.19,WARNING
70.64,0.44,11.97,FAILURE RISK
42.7,0.15,4.21,NORMAL
41.11,0.19,5.26,WARNING
58.13,0.35,5.51,FAILURE RISK
41.81,0.09,3.1,NORMAL
47.46,0.19,4.24,WARNING
61.25,0.88,4.93,FAILURE RISK
35.14,0.19,3.22,NORMAL
46.7,0.16,5.27,WARNING
47.15,0.97,6.0,FAILURE RISK
36.92,0.09,5.15,NORMAL
45.47,0.16,5.02,WARNING
63.92,0.97,9.99,FAILURE RISK
43.82,0.09,3.8,NORMAL
42.81,0.26,5.25,WARNING
81.67,0.26,7.02,FAILURE RISK
37.08,0.17,3.5,NORMAL
46.85,0.24,4.47,WARNING
61.78,0.79,5.71,FAILURE RISK
42.42,0.11,4.68,NORMAL
40.29,0.23,4.73,WARNING
47.38,0.62,11.67,FAILURE RISK
37.05,0.2,4.39,NORMAL
47.09,0.17,5.39,WARNING
68.75,0.42,9.75,FAILURE RISK
35.01,0.14,4.32,NORMAL
47.9,0.24,5.32,WARNING
70.61,0.26,10.5,FAILURE RISK
37.44,0.2,3.4,NORMAL
42.97,0.17,5.51,WARNING
47.69,0.48,8.19,FAILURE RISK
35.06,0.16,4.3,NORMAL
45.7,0.16,5.38,WARNING
68.51,0.77,8.97,FAILURE RISK
35.06,0.1,3.32,NORMAL
41.43,0.22,4.47,WARNING
70.24,0.6,9.49,FAILURE RISK
35.92,0.16,3.6,NORMAL
43.04,0.24,5.49,WARNING
54.73,0.88,6.95,FAILURE RISK
35.59,0.18,3.51,NORMAL
42.83,0.26,5.56,WARNING
69.0,0.54,6.63,FAILURE RISK
40.97,0.08,4.3,NORMAL
47.28,0.26,5.62,WARNING
55.41,0.81,7.83,FAILURE RISK
37.44,0.1,3.89,NORMAL
46.26,0.17,5.61,WARNING
63.72,0.67,5.09,FAILURE RISK
43.76,0.2,3.92,NORMAL
47.7,0.24,5.59,WARNING
67.57,0.23,6.18,FAILURE RISK
40.22,0.1,4.12,NORMAL
45.43,0.23,4.18,WARNING
54.55,0.85,10.26,FAILURE RISK
40.39,0.2,4.64,NORMAL
46.35,0.22,5.61,WARNING
66.5,0.61,10.23,FAILURE RISK
36.54,0.07,4.3,NORMAL
47.46,0.25,5.48,WARNING
46.33,0.52,6.15,FAILURE RISK
44.92,0.21,4.27,NORMAL
44.12,0.19,5.22,WARNING
49.0,0.3,11.21,FAILURE RISK
40.83,0.18,4.8,NORMAL
47.1,0.24,4.17,WARNING
77.38,0.58,5.19,FAILURE RISK
44.9,0.11,3.52,NORMAL
46.18,0.24,4.51,WARNING
74.29,0.29,6.97,FAILURE RISK
35.66,0.11,5.14,NORMAL
45.29,0.23,4.63,WARNING
73.12,0.89,5.82,FAILURE RISK
38.22,0.2,3.02,NORMAL
47.39,0.21,4.75,WARNING
57.27,0.54,6.41,FAILURE RISK
35.23,0.08,3.78,NORMAL
41.43,0.22,5.14,WARNING
56.28,0.54,5.9,FAILURE RISK
36.35,0.08,3.38,NORMAL
45.77,0.27,5.46,WARNING
73.73,0.3,7.18,FAILURE RISK
40.43,0.08,5.15,NORMAL
43.69,0.23,4.76,WARNING
87.78,0.31,6.21,FAILURE RISK
40.16,0.18,3.72,NORMAL
45.25,0.27,4.08,WARNING
87.92,0.75,6.54,FAILURE RISK
35.16,0.21,4.61,NORMAL
40.9,0.17,5.39,WARNING
45.35,0.65,9.54,FAILURE RISK
37.33,0.09,4.77,NORMAL
46.87,0.25,5.62,WARNING
51.03,0.28,6.09,FAILURE RISK
42.05,0.07,3.15,NORMAL
45.37,0.17,4.87,WARNING
79.47,0.96,9.74,FAILURE RISK
41.28,0.12,5.13,NORMAL
46.61,0.26,4.17,WARNING
61.8,0.92,8.87,FAILURE RISK
38.31,0.14,4.84,NORMAL
42.36,0.25,4.95,WARNING
69.78,0.79,10.43,FAILURE RISK
42.58,0.08,4.98,NORMAL
46.68,0.27,4.42,WARNING
83.95,0.9,7.59,FAILURE RISK
42.11,0.19,4.47,NORMAL
45.34,0.16,4.41,WARNING
88.13,0.36,7.43,FAILURE RISK
41.15,0.19,3.58,NORMAL
45.36,0.25,5.08,WARNING
89.17,0.45,4.95,FAILURE RISK
41.42,0.09,4.47,NORMAL
44.25,0.27,5.08,WARNING
64.86,0.76,11.22,FAILURE RISK
38.87,0.13,3.96,NORMAL
42.42,0.18,5.31,WARNING
77.4,0.88,10.7,FAILURE RISK
35.76,0.18,3.44,NORMAL
43.1,0.26,4.76,WARNING
74.08,0.81,6.62,FAILURE RISK
44.07,0.16,3.42,NORMAL
47.11,0.17,4.11,WARNING
67.99,0.93,6.02,FAILURE RISK
39.31,0.12,4.97,NORMAL
47.11,0.24,4.17,WARNING
57.33,0.44,5.19,FAILURE RISK
42.29,0.19,5.08,NORMAL
40.32,0.19,5.63,WARNING
56.63,0.84,6.7,FAILURE RISK
44.59,0.09,3.32,NORMAL
41.55,0.19,5.56,WARNING
67.01,0.52,9.49,FAILURE RISK
37.08,0.18,4.16,NORMAL
43.62,0.27,5.22,WARNING
59.91,0.72,4.98,FAILURE RISK
39.01,0.21,4.84,NORMAL
45.88,0.19,5.28,WARNING
88.61,0.8,6.71,FAILURE RISK
35.35,0.07,4.51,NORMAL
41.82,0.24,4.19,WARNING
74.2,0.39,9.53,FAILURE RISK
36.23,0.06,3.19,NORMAL
41.03,0.26,5.54,WARNING
73.73,0.48,8.69,FAILURE RISK
36.91,0.17,4.76,NORMAL
44.28,0.24,5.27,WARNING
66.99,0.38,11.75,FAILURE RISK
40.07,0.12,3.52,NORMAL
45.09,0.22,4.81,WARNING
88.18,0.56,5.14,FAILURE RISK
35.73,0.19,4.97,NORMAL
44.76,0.26,5.46,WARNING
54.43,0.82,5.7,FAILURE RISK
39.99,0.09,3.13,NORMAL
45.12,0.19,4.41,WARNING
72.16,0.47,9.45,FAILURE RISK
38.11,0.05,3.46,NORMAL
41.02,0.23,5.52,WARNING
79.82,0.98,11.85,FAILURE RISK
38.53,0.08,3.86,NORMAL
42.64,0.26,4.16,WARNING
55.9,0.39,4.98,FAILURE RISK
39.84,0.12,3.08,NORMAL
42.43,0.26,4.81,WARNING
50.01,0.51,11.76,FAILURE RISK
39.52,0.08,4.69,NORMAL
42.9,0.26,5.58,WARNING
84.31,0.89,9.52,FAILURE RISK
35.41,0.19,4.17,NORMAL
45.63,0.24,4.8,WARNING
86.47,0.66,7.93,FAILURE RISK
38.23,0.2,5.1,NORMAL
47.07,0.27,4.93,WARNING
85.42,0.26,4.64,FAILURE RISK
40.04,0.13,4.72,NORMAL
43.17,0.18,5.52,WARNING
69.96,0.88,6.48,FAILURE RISK
39.68,0.19,4.04,NORMAL
42.8,0.27,5.56,WARNING
51.89,0.69,5.0,FAILURE RISK
42.08,0.18,3.44,NORMAL
44.6,0.23,4.26,WARNING
88.55,0.33,8.4,FAILURE RISK
37.88,0.17,3.67,NORMAL
47.29,0.24,5.34,WARNING
71.39,0.32,4.61,FAILURE RISK
36.18,0.05,4.98,NORMAL
46.8,0.21,4.1,WARNING
88.24,0.63,7.08,FAILURE RISK
36.25,0.14,4.68,NORMAL
47.81,0.24,5.18,WARNING
58.59,0.83,7.65,FAILURE RISK
35.94,0.17,3.74,NORMAL
44.51,0.26,5.68,WARNING
67.43,0.54,9.49,FAILURE RISK
41.99,0.12,4.23,NORMAL
46.19,0.17,5.26,WARNING
85.58,0.7,11.29,FAILURE RISK
41.16,0.15,5.0,NORMAL
41.87,0.24,4.67,WARNING
70.78,0.64,8.07,FAILURE RISK
38.41,0.09,3.82,NORMAL
46.77,0.25,4.08,WARNING
89.94,0.9,10.61,FAILURE RISK
37.67,0.13,3.01,NORMAL
46.61,0.17,4.26,WARNING
66.53,0.66,11.69,FAILURE RISK
44.46,0.2,4.9,NORMAL
46.83,0.2,4.78,WARNING
73.51,0.3,11.39,FAILURE RISK
36.36,0.14,4.89,NORMAL
41.02,0.26,4.32,WARNING
77.63,0.68,8.36,FAILURE RISK
43.4,0.06,4.43,NORMAL
44.32,0.24,5.54,WARNING
47.13,0.88,11.19,FAILURE RISK
35.16,0.15,3.3,NORMAL
47.52,0.16,5.49,WARNING
70.38,0.73,8.81,FAILURE RISK
35.53,0.11,4.01,NORMAL
44.42,0.22,4.73,WARNING
89.26,0.3,10.41,FAILURE RISK
38.34,0.21,3.38,NORMAL
47.72,0.22,5.19,WARNING
68.14,0.99,8.43,FAILURE RISK
37.96,0.1,3.67,NORMAL
41.77,0.27,4.29,WARNING
69.76,0.33,6.69,FAILURE RISK
36.61,0.21,4.98,NORMAL
45.3,0.18,5.32,WARNING
76.34,0.52,6.07,FAILURE RISK
39.66,0.11,3.68,NORMAL
43.35,0.22,4.48,WARNING
80.79,0.98,6.56,FAILURE RISK
37.57,0.08,4.96,NORMAL
42.08,0.25,4.86,WARNING
58.99,0.36,11.87,FAILURE RISK
43.74,0.18,4.01,NORMAL
45.65,0.21,4.99,WARNING
63.36,0.79,7.63,FAILURE RISK
42.32,0.12,3.98,NORMAL
45.55,0.27,4.18,WARNING
46.7,0.26,6.21,FAILURE RISK
37.1,0.13,3.69,NORMAL
43.42,0.24,4.63,WARNING
74.48,0.28,7.8,FAILURE RISK
37.25,0.06,4.49,NORMAL
45.67,0.24,4.05,WARNING
72.14,0.35,5.07,FAILURE RISK
39.13,0.2,3.88,NORMAL
42.74,0.22,5.58,WARNING
77.74,0.54,9.96,FAILURE RISK
35.61,0.1,3.93,NORMAL
47.64,0.2,4.79,WARNING
68.82,0.44,7.61,FAILURE RISK
35.76,0.13,4.45,NORMAL
42.45,0.18,5.58,WARNING
62.97,0.34,4.71,FAILURE RISK
39.42,0.06,3.13,NORMAL
46.94,0.22,5.63,WARNING
86.37,0.32,11.28,FAILURE RISK
44.45,0.12,4.34,NORMAL
41.91,0.23,4.86,WARNING
46.58,0.66,8.79,FAILURE RISK
35.12,0.06,4.89,NORMAL
47.14,0.21,4.27,WARNING
75.85,0.63,9.92,FAILURE RISK
37.03,0.16,4.95,NORMAL
42.56,0.22,5.01,WARNING
71.3,0.89,8.15,FAILURE RISK
44.37,0.13,4.89,NORMAL
42.82,0.27,5.43,WARNING
55.84,0.24,6.03,FAILURE RISK
40.83,0.21,3.96,NORMAL
44.69,0.27,5.14,WARNING
86.16,0.6,11.87,FAILURE RISK
44.54,0.2,4.73,NORMAL
46.49,0.27,4.6,WARNING
85.94,0.92,7.21,FAILURE RISK
41.62,0.1,3.59,NORMAL
40.98,0.22,5.34,WARNING
48.73,0.78,11.62,FAILURE RISK
43.23,0.17,3.75,NORMAL
45.92,0.25,4.15,WARNING
87.9,0.86,5.16,FAILURE RISK
41.94,0.16,3.94,NORMAL
47.69,0.24,5.06,WARNING
57.1,0.88,11.36,FAILURE RISK
38.36,0.1,3.76,NORMAL
46.52,0.2,5.12,WARNING
73.82,0.6,10.04,FAILURE RISK
41.46,0.1,3.25,NORMAL
46.53,0.17,4.98,WARNING
58.5,0.41,6.23,FAILURE RISK
43.76,0.2,3.96,NORMAL
42.89,0.24,5.0,WARNING
57.32,0.77,5.23,FAILURE RISK
39.64,0.12,3.62,NORMAL
46.55,0.17,4.7,WARNING
65.1,0.83,7.3,FAILURE RISK
35.8,0.2,3.26,NORMAL
46.56,0.18,4.04,WARNING
79.83,0.76,11.63,FAILURE RISK
36.19,0.18,4.05,NORMAL
45.07,0.16,4.25,WARNING
57.21,0.58,9.61,FAILURE RISK
44.32,0.18,5.0,NORMAL
44.98,0.23,5.09,WARNING
46.1,0.23,11.54,FAILURE RISK
44.44,0.06,3.61,NORMAL
40.05,0.18,5.28,WARNING
82.91,0.38,5.67,FAILURE RISK
41.91,0.17,4.06,NORMAL
40.49,0.27,5.24,WARNING
88.02,0.69,8.4,FAILURE RISK
37.81,0.17,5.08,NORMAL
46.69,0.15,4.41,WARNING
67.57,0.44,9.83,FAILURE RISK
35.56,0.13,3.47,NORMAL
44.0,0.26,4.77,WARNING
56.39,0.39,5.35,FAILURE RISK
38.22,0.18,3.49,NORMAL
47.53,0.23,4.61,WARNING
65.01,0.67,11.71,FAILURE RISK
44.8,0.08,3.69,NORMAL
45.67,0.19,4.41,WARNING
69.12,0.35,9.62,FAILURE RISK
37.88,0.15,4.42,NORMAL
42.05,0.18,5.3,WARNING
63.46,0.41,10.4,FAILURE RISK
44.0,0.13,3.11,NORMAL
45.59,0.27,4.64,WARNING
80.92,0.82,10.54,FAILURE RISK
42.13,0.12,3.23,NORMAL
41.36,0.22,4.78,WARNING
45.24,0.76,5.81,FAILURE RISK
42.12,0.21,4.66,NORMAL
43.51,0.24,4.57,WARNING
83.87,0.86,9.36,FAILURE RISK
38.47,0.17,3.82,NORMAL
45.21,0.16,4.43,WARNING
61.13,0.3,9.6,FAILURE RISK
37.5,0.14,3.3,NORMAL
40.12,0.25,5.12,WARNING
81.26,0.78,7.35,FAILURE RISK
36.85,0.2,3.52,NORMAL
47.64,0.26,4.67,WARNING
86.43,0.6,6.82,FAILURE RISK
38.59,0.09,3.29,NORMAL
45.96,0.24,4.58,WARNING
48.02,0.94,7.66,FAILURE RISK
42.3,0.08,3.77,NORMAL
44.24,0.22,5.42,WARNING
58.36,0.56,7.8,FAILURE RISK
43.23,0.07,3.7,NORMAL
46.2,0.22,4.02,WARNING
66.96,0.97,7.77,FAILURE RISK
42.26,0.11,4.67,NORMAL
46.62,0.22,4.73,WARNING
47.89,0.63,5.16,FAILURE RISK
40.39,0.06,5.08,NORMAL
42.48,0.22,4.8,WARNING
70.25,0.95,5.38,FAILURE RISK
36.0,0.14,3.17,NORMAL
46.56,0.23,5.68,WARNING
75.28,0.37,8.94,FAILURE RISK
42.33,0.07,4.24,NORMAL
42.87,0.25,4.84,WARNING
46.09,0.9,8.0,FAILURE RISK
44.06,0.15,3.03,NORMAL
45.23,0.18,5.67,WARNING
69.43,0.74,4.79,FAILURE RISK
38.11,0.09,4.34,NORMAL
46.17,0.22,5.61,WARNING
69.57,0.48,8.19,FAILURE RISK
39.66,0.12,4.86,NORMAL
47.35,0.19,5.41,WARNING
69.68,0.5,10.94,FAILURE RISK
41.77,0.11,4.14,NORMAL
47.65,0.18,5.42,WARNING
58.34,0.49,4.85,FAILURE RISK
40.3,0.12,3.11,NORMAL
45.68,0.19,4.33,WARNING
84.31,0.4,4.88,FAILURE RISK
37.8,0.16,3.51,NORMAL
41.12,0.17,5.43,WARNING
66.04,0.88,9.27,FAILURE RISK
35.54,0.21,3.65,NORMAL
40.1,0.22,4.66,WARNING
82.17,0.48,4.81,FAILURE RISK
36.78,0.12,4.53,NORMAL
46.06,0.2,5.28,WARNING
66.0,0.44,11.67,FAILURE RISK
39.89,0.09,4.88,NORMAL
47.03,0.26,4.65,WARNING
74.65,0.71,6.43,FAILURE RISK
41.94,0.13,4.62,NORMAL
47.57,0.22,5.48,WARNING
67.82,0.89,9.78,FAILURE RISK
40.88,0.15,5.16,NORMAL
42.7,0.24,4.15,WARNING
79.76,0.79,8.94,FAILURE RISK
43.75,0.1,4.99,NORMAL
40.12,0.24,4.78,WARNING
57.91,0.47,11.22,FAILURE RISK
37.35,0.09,4.03,NORMAL
45.98,0.24,4.1,WARNING
55.93,0.79,10.84,FAILURE RISK
43.69,0.15,3.29,NORMAL
45.1,0.25,5.1,WARNING
57.62,0.34,11.97,FAILURE RISK
42.96,0.12,5.07,NORMAL
40.03,0.23,4.96,WARNING
64.67,0.44,7.23,FAILURE RISK
35.16,0.12,4.38,NORMAL
46.66,0.15,5.55,WARNING
55.2,0.7,5.62,FAILURE RISK
40.05,0.16,4.4,NORMAL
47.8,0.26,5.21,WARNING
46.53,0.29,6.62,FAILURE RISK
38.22,0.11,3.96,NORMAL
46.59,0.24,4.1,WARNING
45.77,0.79,6.28,FAILURE RISK
44.5,0.14,4.85,NORMAL
40.47,0.26,4.15,WARNING
55.25,0.86,11.32,FAILURE RISK
38.78,0.16,3.47,NORMAL
45.81,0.23,4.93,WARNING
86.27,0.97,9.08,FAILURE RISK
39.17,0.16,4.51,NORMAL
40.42,0.27,5.57,WARNING
78.13,0.36,6.74,FAILURE RISK
40.14,0.08,3.48,NORMAL
47.84,0.21,5.26,WARNING
61.44,0.42,8.89,FAILURE RISK
42.9,0.21,4.27,NORMAL
45.92,0.22,4.44,WARNING
87.31,0.43,11.51,FAILURE RISK
43.84,0.18,5.09,NORMAL
47.83,0.17,5.29,WARNING
47.24,0.96,7.37,FAILURE RISK
42.77,0.19,3.68,NORMAL
43.12,0.25,4.0,WARNING
76.16,0.21,5.73,FAILURE RISK
39.52,0.16,3.49,NORMAL
43.46,0.22,5.33,WARNING
55.45,0.97,8.55,FAILURE RISK
40.99,0.18,3.86,NORMAL
43.01,0.27,4.31,WARNING
48.8,0.86,4.51,FAILURE RISK
44.92,0.07,4.89,NORMAL
42.66,0.22,5.48,WARNING
72.32,0.54,9.51,FAILURE RISK
35.75,0.21,4.39,NORMAL
41.59,0.26,4.81,WARNING
81.49,0.47,11.04,FAILURE RISK
43.8,0.1,5.11,NORMAL
44.34,0.25,4.84,WARNING
51.36,0.56,6.32,FAILURE RISK
37.04,0.2,4.46,NORMAL
47.37,0.18,4.55,WARNING
60.35,0.24,9.83,FAILURE RISK
43.58,0.12,3.25,NORMAL
46.28,0.18,4.32,WARNING
77.28,0.35,6.53,FAILURE RISK
35.51,0.17,3.48,NORMAL
41.9,0.22,5.16,WARNING
48.49,0.31,6.15,FAILURE RISK
43.6,0.08,4.26,NORMAL
46.78,0.26,5.57,WARNING
67.83,0.3,4.92,FAILURE RISK
37.51,0.15,3.05,NORMAL
41.13,0.23,4.51,WARNING
86.11,0.66,10.78,FAILURE RISK
39.48,0.17,3.77,NORMAL
45.78,0.26,4.4,WARNING
73.49,0.87,9.42,FAILURE RISK
43.08,0.17,4.83,NORMAL
46.74,0.23,4.92,WARNING
63.78,0.83,8.22,FAILURE RISK
37.13,0.11,4.47,NORMAL
44.23,0.26,4.36,WARNING
65.88,0.45,5.83,FAILURE RISK
41.47,0.16,4.54,NORMAL
44.03,0.24,5.42,WARNING
45.32,0.88,7.08,FAILURE RISK
44.57,0.17,5.14,NORMAL
47.75,0.26,4.35,WARNING
84.16,0.92,11.11,FAILURE RISK
42.26,0.15,4.07,NORMAL
46.38,0.22,4.78,WARNING
63.22,0.9,11.24,FAILURE RISK
37.85,0.06,3.09,NORMAL
47.2,0.2,4.09,WARNING
66.81,0.61,9.47,FAILURE RISK
37.1,0.13,3.94,NORMAL
42.96,0.27,4.5,WARNING
86.22,0.23,11.73,FAILURE RISK
40.98,0.19,5.12,NORMAL
42.59,0.2,5.41,WARNING
69.34,0.92,8.56,FAILURE RISK
38.46,0.18,4.87,NORMAL
40.35,0.22,5.41,WARNING
68.29,0.8,10.2,FAILURE RISK
43.81,0.13,4.16,NORMAL
44.16,0.25,5.41,WARNING
74.23,0.78,9.47,FAILURE RISK
37.09,0.12,4.98,NORMAL
45.42,0.15,5.09,WARNING
82.23,0.96,6.37,FAILURE RISK
41.85,0.16,3.77,NORMAL
46.04,0.19,4.34,WARNING
84.99,0.81,10.14,FAILURE RISK
36.63,0.05,3.24,NORMAL
40.23,0.27,5.35,WARNING
47.17,0.5,7.98,FAILURE RISK
44.16,0.21,4.24,NORMAL
47.06,0.22,4.9,WARNING
80.39,0.23,6.3,FAILURE RISK
41.12,0.07,4.27,NORMAL
41.49,0.23,4.93,WARNING
52.97,0.22,9.52,FAILURE RISK
42.41,0.05,4.86,NORMAL
47.29,0.15,4.04,WARNING
49.13,0.3,6.99,FAILURE RISK
37.43,0.17,3.41,NORMAL
40.59,0.18,5.48,WARNING
75.75,0.45,5.77,FAILURE RISK
43.6,0.12,3.28,NORMAL
41.25,0.27,4.83,WARNING
79.96,0.37,6.55,FAILURE RISK
35.56,0.16,3.02,NORMAL
42.22,0.15,5.46,WARNING
46.3,0.28,8.75,FAILURE RISK
38.85,0.19,4.63,NORMAL
45.53,0.23,4.91,WARNING
46.9,0.71,6.79,FAILURE RISK
39.71,0.06,4.95,NORMAL
45.35,0.27,4.99,WARNING
50.86,0.96,9.11,FAILURE RISK
40.56,0.1,4.42,NORMAL
43.11,0.18,5.4,WARNING
73.04,0.35,10.74,FAILURE RISK
44.98,0.17,4.24,NORMAL
45.36,0.16,5.19,WARNING
80.66,0.36,9.55,FAILURE RISK
42.17,0.13,4.55,NORMAL
46.54,0.24,5.43,WARNING
52.27,0.84,8.14,FAILURE RISK
36.1,0.09,3.2,NORMAL
43.61,0.24,4.74,WARNING
67.13,0.37,5.21,FAILURE RISK
41.93,0.09,3.56,NORMAL
41.57,0.26,4.96,WARNING
78.52,0.41,4.92,FAILURE RISK
36.7,0.06,4.87,NORMAL
44.87,0.26,4.5,WARNING
77.64,0.78,4.76,FAILURE RISK
37.9,0.19,5.16,NORMAL
45.06,0.25,5.23,WARNING
61.98,0.67,6.58,FAILURE RISK
42.68,0.13,4.55,NORMAL
43.34,0.27,4.69,WARNING
59.84,0.93,7.65,FAILURE RISK
35.53,0.14,3.72,NORMAL
43.97,0.25,4.28,WARNING
69.83,0.68,10.53,FAILURE RISK
39.68,0.14,4.76,NORMAL
40.86,0.27,5.69,WARNING
64.95,0.75,11.07,FAILURE RISK
35.35,0.08,4.14,NORMAL
47.44,0.27,5.63,WARNING
83.75,0.76,7.26,FAILURE RISK
35.5,0.14,3.08,NORMAL
47.42,0.26,5.66,WARNING
84.65,0.93,6.39,FAILURE RISK
36.14,0.11,4.0,NORMAL
43.96,0.24,5.14,WARNING
64.26,0.79,7.41,FAILURE RISK
42.96,0.06,5.16,NORMAL
44.15,0.22,4.07,WARNING
58.58,0.89,10.85,FAILURE RISK
38.81,0.16,3.08,NORMAL
40.16,0.23,5.14,WARNING
71.84,0.48,6.24,FAILURE RISK
35.48,0.09,3.91,NORMAL
47.5,0.25,5.12,WARNING
76.31,0.88,11.1,FAILURE RISK
37.43,0.06,3.64,NORMAL
45.31,0.25,5.49,WARNING
82.8,0.75,10.17,FAILURE RISK
43.15,0.08,4.26,NORMAL
40.58,0.22,4.56,WARNING
83.6,0.67,6.04,FAILURE RISK
39.13,0.13,4.23,NORMAL
41.99,0.22,4.08,WARNING
88.59,0.86,4.58,FAILURE RISK
43.62,0.06,4.96,NORMAL
40.86,0.26,4.19,WARNING
70.18,0.92,7.67,FAILURE RISK
43.66,0.06,3.82,NORMAL
40.2,0.24,4.78,WARNING
85.36,0.77,6.52,FAILURE RISK
36.03,0.15,3.49,NORMAL
44.92,0.25,4.93,WARNING
69.45,0.91,5.71,FAILURE RISK
39.75,0.13,3.55,NORMAL
43.94,0.26,4.12,WARNING
79.29,0.65,4.9,FAILURE RISK
36.03,0.11,4.74,NORMAL
44.32,0.16,5.52,WARNING
81.2,0.84,6.4,FAILURE RISK
35.28,0.15,3.1,NORMAL
45.98,0.2,5.29,WARNING
78.18,0.69,9.08,FAILURE RISK
37.74,0.21,5.01,NORMAL
40.99,0.25,4.32,WARNING
56.35,0.61,11.02,FAILURE RISK
44.84,0.18,3.77,NORMAL
44.62,0.25,5.29,WARNING
53.58,0.92,6.77,FAILURE RISK
42.95,0.11,3.52,NORMAL
46.1,0.24,5.32,WARNING
72.86,0.55,7.31,FAILURE RISK
42.58,0.15,3.18,NORMAL
47.42,0.24,5.57,WARNING
87.27,0.5,7.31,FAILURE RISK
35.37,0.21,4.85,NORMAL
47.39,0.2,4.24,WARNING
85.41,0.54,5.44,FAILURE RISK
42.56,0.19,3.74,NORMAL
47.26,0.15,4.32,WARNING
59.36,0.58,7.23,FAILURE RISK
37.38,0.17,5.08,NORMAL
45.3,0.27,5.64,WARNING
74.15,0.38,9.68,FAILURE RISK
41.64,0.2,3.81,NORMAL
41.32,0.26,5.67,WARNING
83.24,0.35,5.35,FAILURE RISK
44.08,0.07,3.57,NORMAL
45.09,0.21,4.59,WARNING
83.87,0.58,5.63,FAILURE RISK
41.07,0.17,4.04,NORMAL
46.96,0.17,5.05,WARNING
74.17,0.95,7.29,FAILURE RISK
41.56,0.15,3.06,NORMAL
40.07,0.24,4.03,WARNING
63.26,0.82,4.63,FAILURE RISK
39.13,0.12,4.54,NORMAL
41.08,0.16,5.3,WARNING
50.66,0.29,6.64,FAILURE RISK
41.43,0.21,4.74,NORMAL
43.88,0.24,4.83,WARNING
52.08,0.38,11.87,FAILURE RISK
39.69,0.09,4.3,NORMAL
40.23,0.26,4.17,WARNING
64.75,0.23,7.64,FAILURE RISK
40.71,0.19,3.1,NORMAL
42.91,0.2,5.6,WARNING
56.64,0.67,5.27,FAILURE RISK
35.37,0.11,4.26,NORMAL
43.31,0.25,5.62,WARNING
72.88,0.96,7.67,FAILURE RISK
43.7,0.08,3.26,NORMAL
40.76,0.23,5.15,WARNING
58.26,0.72,6.71,FAILURE RISK
37.12,0.13,3.18,NORMAL
45.11,0.2,4.7,WARNING
50.48,0.74,9.84,FAILURE RISK
37.26,0.19,4.92,NORMAL
47.19,0.25,5.07,WARNING
53.3,0.39,7.33,FAILURE RISK
38.52,0.05,4.56,NORMAL
40.0,0.18,5.34,WARNING
73.14,0.9,8.31,FAILURE RISK
37.16,0.18,4.64,NORMAL
44.53,0.27,5.07,WARNING
69.0,0.76,8.26,FAILURE RISK
41.37,0.16,4.05,NORMAL
47.78,0.23,4.46,WARNING
71.49,0.89,8.88,FAILURE RISK
43.05,0.2,3.76,NORMAL
40.4,0.16,5.37,WARNING
56.95,0.5,7.3,FAILURE RISK
40.37,0.14,4.16,NORMAL
45.19,0.17,4.82,WARNING
53.2,0.73,11.26,FAILURE RISK
39.31,0.17,4.19,NORMAL
44.63,0.24,5.29,WARNING
86.23,0.48,11.57,FAILURE RISK
36.93,0.06,3.69,NORMAL
46.96,0.23,5.63,WARNING
79.15,0.85,10.23,FAILURE RISK
37.67,0.14,3.72,NORMAL
47.38,0.19,5.56,WARNING
80.32,0.48,8.31,FAILURE RISK
44.69,0.14,4.51,NORMAL
41.33,0.24,4.05,WARNING
73.69,0.37,8.91,FAILURE RISK
37.8,0.09,5.14,NORMAL
47.46,0.26,5.46,WARNING
46.89,0.63,8.88,FAILURE RISK
40.35,0.14,3.22,NORMAL
46.49,0.25,4.79,WARNING
88.54,0.4,7.57,FAILURE RISK
41.76,0.19,3.72,NORMAL
40.71,0.26,5.36,WARNING
72.43,0.68,11.34,FAILURE RISK
39.22,0.11,3.13,NORMAL
43.69,0.2,5.33,WARNING
54.69,0.44,7.06,FAILURE RISK
39.76,0.1,4.21,NORMAL
44.65,0.17,5.65,WARNING
65.34,0.73,8.32,FAILURE RISK
38.29,0.2,3.19,NORMAL
47.42,0.23,4.35,WARNING
65.27,0.54,5.93,FAILURE RISK
40.7,0.09,3.23,NORMAL
44.5,0.18,5.36,WARNING
80.39,0.24,6.15,FAILURE RISK
38.6,0.13,5.0,NORMAL
42.21,0.24,4.96,WARNING
46.69,0.45,9.55,FAILURE RISK
38.15,0.14,4.69,NORMAL
45.12,0.27,5.25,WARNING
79.34,0.3,6.86,FAILURE RISK
41.88,0.05,4.51,NORMAL
40.37,0.22,4.34,WARNING
83.25,0.48,6.12,FAILURE RISK
41.97,0.07,3.2,NORMAL
42.15,0.24,4.94,WARNING
50.35,0.26,8.81,FAILURE RISK
40.79,0.19,3.76,NORMAL
46.55,0.25,5.64,WARNING
57.6,0.36,8.36,FAILURE RISK
41.55,0.21,3.82,NORMAL
41.76,0.24,4.28,WARNING
66.11,0.85,6.01,FAILURE RISK
40.63,0.06,5.04,NORMAL
46.97,0.18,5.36,WARNING
68.7,0.65,6.28,FAILURE RISK
41.05,0.21,3.29,NORMAL
43.73,0.25,5.47,WARNING
78.27,0.39,4.69,FAILURE RISK
35.72,0.18,3.65,NORMAL
40.95,0.23,4.97,WARNING
67.7,0.95,8.79,FAILURE RISK
39.57,0.08,3.3,NORMAL
44.99,0.24,5.46,WARNING
62.74,0.66,8.98,FAILURE RISK
44.5,0.07,4.23,NORMAL
41.51,0.16,5.55,WARNING
49.39,0.23,9.69,FAILURE RISK
37.18,0.21,4.75,NORMAL
40.29,0.24,5.04,WARNING
84.19,0.95,6.72,FAILURE RISK
35.53,0.17,4.61,NORMAL
45.4,0.21,4.13,WARNING
65.54,0.9,8.59,FAILURE RISK
36.37,0.18,3.86,NORMAL
47.8,0.22,4.72,WARNING
54.9,0.46,7.81,FAILURE RISK
43.65,0.11,3.92,NORMAL
47.88,0.25,5.34,WARNING
58.75,0.7,5.33,FAILURE RISK
39.2,0.2,3.78,NORMAL
42.19,0.22,4.85,WARNING
80.97,0.2,8.72,FAILURE RISK
40.9,0.18,4.3,NORMAL
47.97,0.22,4.34,WARNING
50.12,0.54,10.39,FAILURE RISK
35.78,0.19,4.92,NORMAL
43.38,0.27,5.29,WARNING
83.02,0.43,9.74,FAILURE RISK
36.5,0.09,3.39,NORMAL
41.94,0.22,4.05,WARNING
62.31,0.28,7.6,FAILURE RISK
39.95,0.06,3.28,NORMAL
46.81,0.26,5.16,WARNING
47.39,0.7,9.13,FAILURE RISK
40.86,0.14,3.89,NORMAL
47.86,0.26,4.59,WARNING
50.46,0.44,4.95,FAILURE RISK
38.68,0.05,4.83,NORMAL
42.25,0.15,5.35,WARNING
83.76,0.6,5.13,FAILURE RISK
43.41,0.14,3.35,NORMAL
47.18,0.16,5.37,WARNING
79.98,0.97,11.94,FAILURE RISK
40.49,0.13,4.53,NORMAL
44.88,0.26,4.03,WARNING
89.5,0.63,11.06,FAILURE RISK
38.82,0.2,4.36,NORMAL
45.69,0.23,5.44,WARNING
56.94,0.83,7.21,FAILURE RISK
39.53,0.19,3.72,NORMAL
44.21,0.16,5.4,WARNING
77.33,0.59,9.44,FAILURE RISK
38.41,0.19,5.17,NORMAL
45.84,0.18,5.26,WARNING
85.0,0.55,7.71,FAILURE RISK
43.6,0.12,4.01,NORMAL
45.4,0.18,4.94,WARNING
67.3,0.68,8.81,FAILURE RISK
44.1,0.09,3.56,NORMAL
46.28,0.26,4.03,WARNING
78.82,0.32,7.53,FAILURE RISK
35.02,0.08,3.53,NORMAL
42.3,0.22,5.47,WARNING
46.4,0.79,10.68,FAILURE RISK
40.55,0.18,4.8,NORMAL
41.36,0.27,5.42,WARNING
65.66,0.94,5.31,FAILURE RISK
37.16,0.07,3.95,NORMAL
46.85,0.15,4.67,WARNING
71.12,0.92,8.72,FAILURE RISK
43.1,0.14,4.64,NORMAL
42.83,0.19,5.64,WARNING
79.02,0.55,5.73,FAILURE RISK
36.03,0.21,4.54,NORMAL
40.22,0.22,5.11,WARNING
71.19,0.22,4.69,FAILURE RISK
36.21,0.16,3.59,NORMAL
45.39,0.18,5.2,WARNING
50.22,0.3,9.67,FAILURE RISK
42.12,0.12,5.1,NORMAL
46.41,0.24,5.63,WARNING
59.52,0.48,10.42,FAILURE RISK
40.41,0.18,5.02,NORMAL
47.22,0.23,4.6,WARNING
59.64,0.83,10.37,FAILURE RISK
35.04,0.21,4.49,NORMAL
46.54,0.16,4.93,WARNING
84.54,0.84,5.17,FAILURE RISK
39.05,0.21,4.16,NORMAL
40.7,0.26,4.19,WARNING
69.67,0.89,9.06,FAILURE RISK
36.76,0.1,4.56,NORMAL
40.92,0.19,5.35,WARNING
60.88,0.57,8.66,FAILURE RISK
37.02,0.17,4.86,NORMAL
40.22,0.22,5.2,WARNING
73.15,0.74,11.42,FAILURE RISK
35.99,0.05,3.37,NORMAL
47.97,0.18,4.4,WARNING
83.87,1.0,4.92,FAILURE RISK
37.48,0.19,4.55,NORMAL
40.98,0.27,5.2,WARNING
84.55,0.21,7.47,FAILURE RISK
41.56,0.1,4.12,NORMAL
44.4,0.15,5.47,WARNING
61.11,0.47,8.41,FAILURE RISK
35.19,0.19,4.4,NORMAL
41.44,0.25,4.43,WARNING
46.4,0.88,11.08,FAILURE RISK
39.46,0.2,3.82,NORMAL
41.46,0.23,5.06,WARNING
51.58,0.52,6.74,FAILURE RISK
35.67,0.15,5.15,NORMAL
42.0,0.24,4.97,WARNING
47.24,0.63,7.19,FAILURE RISK
37.12,0.15,4.87,NORMAL
40.07,0.22,5.38,WARNING
85.03,0.5,6.98,FAILURE RISK
36.0,0.17,3.46,NORMAL
47.23,0.25,5.23,WARNING
59.96,0.8,8.11,FAILURE RISK
42.81,0.21,5.02,NORMAL
45.56,0.22,5.47,WARNING
86.34,0.75,7.55,FAILURE RISK
42.87,0.07,3.61,NORMAL
44.42,0.24,4.89,WARNING
49.61,0.49,6.61,FAILURE RISK
43.02,0.06,4.89,NORMAL
41.94,0.24,4.83,WARNING
72.53,0.2,9.89,FAILURE RISK
41.07,0.17,3.22,NORMAL
46.17,0.26,4.27,WARNING
86.43,0.83,8.13,FAILURE RISK
44.29,0.14,3.39,NORMAL
43.84,0.24,5.2,WARNING
79.98,0.69,9.34,FAILURE RISK
36.79,0.09,3.45,NORMAL
40.38,0.26,4.73,WARNING
71.65,0.95,6.21,FAILURE RISK
41.94,0.1,4.57,NORMAL
41.12,0.23,5.43,WARNING
78.53,0.75,10.26,FAILURE RISK
36.61,0.05,4.11,NORMAL
42.83,0.21,5.69,WARNING
66.86,0.84,7.46,FAILURE RISK
36.83,0.14,4.42,NORMAL
47.43,0.18,4.12,WARNING
72.5,0.92,9.13,FAILURE RISK
38.1,0.15,4.98,NORMAL
43.43,0.26,5.06,WARNING
85.71,0.64,9.85,FAILURE RISK
37.75,0.06,4.41,NORMAL
42.0,0.21,5.54,WARNING
45.52,0.24,11.12,FAILURE RISK
38.67,0.11,4.39,NORMAL
46.48,0.26,5.01,WARNING
74.75,0.69,8.54,FAILURE RISK
42.72,0.2,3.77,NORMAL
46.12,0.21,4.28,WARNING
81.39,0.3,10.99,FAILURE RISK
44.71,0.21,3.72,NORMAL
46.85,0.25,4.06,WARNING
84.31,0.42,6.5,FAILURE RISK
41.32,0.06,3.64,NORMAL
45.01,0.24,4.37,WARNING
66.66,0.64,7.66,FAILURE RISK
43.86,0.2,4.94,NORMAL
43.53,0.23,5.58,WARNING
48.44,0.4,5.5,FAILURE RISK
35.06,0.14,4.59,NORMAL
46.09,0.16,4.57,WARNING
83.46,0.23,11.72,FAILURE RISK
40.58,0.06,4.92,NORMAL
45.53,0.17,5.68,WARNING
89.85,0.29,10.04,FAILURE RISK
39.32,0.14,4.33,NORMAL
45.45,0.16,5.54,WARNING
50.17,0.8,6.36,FAILURE RISK
42.36,0.2,3.75,NORMAL
43.75,0.25,5.51,WARNING
82.4,0.86,7.56,FAILURE RISK
42.06,0.2,4.19,NORMAL
43.8,0.24,4.43,WARNING
59.13,0.48,8.02,FAILURE RISK
36.46,0.16,4.94,NORMAL
41.75,0.25,5.18,WARNING
72.16,0.31,10.7,FAILURE RISK
43.46,0.09,3.7,NORMAL
46.3,0.19,4.86,WARNING
54.39,0.45,4.87,FAILURE RISK
43.52,0.12,3.93,NORMAL
40.47,0.19,5.37,WARNING
80.18,0.86,10.86,FAILURE RISK
38.93,0.12,3.9,NORMAL
43.02,0.24,5.17,WARNING
67.4,0.56,9.76,FAILURE RISK
39.26,0.09,3.17,NORMAL
46.2,0.17,4.56,WARNING
74.35,0.51,4.73,FAILURE RISK
41.45,0.17,3.46,NORMAL
46.96,0.18,4.24,WARNING
67.45,0.3,6.2,FAILURE RISK
41.4,0.12,5.15,NORMAL
47.93,0.2,5.41,WARNING
68.5,0.4,7.06,FAILURE RISK
37.77,0.15,4.2,NORMAL
43.75,0.26,5.04,WARNING
86.15,0.97,7.53,FAILURE RISK
35.78,0.17,4.49,NORMAL
45.51,0.17,4.53,WARNING
73.72,0.52,5.53,FAILURE RISK
38.04,0.08,4.36,NORMAL
46.54,0.25,5.41,WARNING
81.92,0.22,11.21,FAILURE RISK
40.2,0.1,3.77,NORMAL
46.74,0.22,4.78,WARNING
48.81,0.73,6.42,FAILURE RISK
41.83,0.07,3.76,NORMAL
46.36,0.2,5.36,WARNING
48.08,0.91,11.64,FAILURE RISK
40.87,0.15,4.99,NORMAL
41.56,0.27,5.28,WARNING
63.04,0.4,7.18,FAILURE RISK
36.66,0.14,3.25,NORMAL
41.42,0.27,4.25,WARNING
56.77,0.21,5.15,FAILURE RISK
37.98,0.11,3.23,NORMAL
47.96,0.22,4.42,WARNING
62.92,0.91,6.69,FAILURE RISK
39.24,0.11,3.43,NORMAL
43.19,0.24,5.5,WARNING
47.74,0.95,7.05,FAILURE RISK
40.18,0.21,3.83,NORMAL
47.52,0.25,4.07,WARNING
45.99,0.5,5.89,FAILURE RISK
43.78,0.11,4.39,NORMAL
46.73,0.22,4.16,WARNING
53.85,0.81,7.19,FAILURE RISK
40.86,0.16,5.16,NORMAL
42.93,0.22,5.41,WARNING
68.09,0.26,7.19,FAILURE RISK
39.13,0.15,5.02,NORMAL
46.28,0.21,5.64,WARNING
71.8,0.71,6.26,FAILURE RISK
43.19,0.08,3.11,NORMAL
43.9,0.26,4.67,WARNING
66.39,0.71,6.36,FAILURE RISK
40.25,0.17,4.5,NORMAL
40.79,0.17,5.66,WARNING
86.54,0.53,11.63,FAILURE RISK
42.95,0.2,3.57,NORMAL
45.34,0.15,4.41,WARNING
70.56,0.68,5.35,FAILURE RISK
41.88,0.17,3.53,NORMAL
46.16,0.18,5.08,WARNING
60.65,0.48,4.78,FAILURE RISK
42.04,0.14,4.29,NORMAL
46.55,0.24,5.36,WARNING
65.32,0.48,5.19,FAILURE RISK
43.36,0.2,3.45,NORMAL
43.0,0.25,4.07,WARNING
69.63,0.69,7.67,FAILURE RISK
44.98,0.1,4.56,NORMAL
45.62,0.23,4.41,WARNING
68.92,0.99,11.26,FAILURE RISK
42.83,0.09,4.43,NORMAL
47.67,0.17,5.55,WARNING
82.95,0.56,11.41,FAILURE RISK
44.04,0.11,4.73,NORMAL
47.53,0.24,4.5,WARNING
53.91,0.34,11.23,FAILURE RISK
36.25,0.15,3.18,NORMAL
41.4,0.26,4.38,WARNING
50.85,0.74,9.53,FAILURE RISK
44.7,0.18,4.04,NORMAL
46.74,0.2,5.41,WARNING
65.0,0.86,10.83,FAILURE RISK
38.96,0.09,5.06,NORMAL
46.41,0.2,5.15,WARNING
60.85,0.51,7.35,FAILURE RISK
36.08,0.13,5.08,NORMAL
44.93,0.27,4.25,WARNING
52.15,0.39,11.89,FAILURE RISK
37.07,0.07,4.72,NORMAL
43.02,0.24,4.83,WARNING
67.6,0.33,4.85,FAILURE RISK
44.72,0.09,3.13,NORMAL
43.86,0.27,4.36,WARNING
60.27,0.23,5.9,FAILURE RISK
43.64,0.08,3.01,NORMAL
45.98,0.2,4.41,WARNING
64.99,0.5,6.45,FAILURE RISK
43.03,0.18,4.95,NORMAL
40.8,0.22,4.59,WARNING
67.58,0.29,7.02,FAILURE RISK
40.65,0.13,3.13,NORMAL
46.69,0.21,4.44,WARNING
65.04,0.46,10.83,FAILURE RISK
36.81,0.17,3.06,NORMAL
44.72,0.24,5.53,WARNING
87.45,0.78,6.07,FAILURE RISK
41.89,0.18,4.75,NORMAL
46.27,0.19,4.68,WARNING
56.17,0.51,8.67,FAILURE RISK
41.68,0.1,5.11,NORMAL
47.84,0.2,4.38,WARNING
85.73,0.23,5.33,FAILURE RISK
44.12,0.14,3.38,NORMAL
44.69,0.27,5.28,WARNING
50.9,0.51,5.09,FAILURE RISK
39.76,0.15,3.78,NORMAL
41.54,0.24,4.52,WARNING
69.56,0.71,11.88,FAILURE RISK
37.11,0.07,3.76,NORMAL
43.03,0.23,5.32,WARNING
83.96,0.45,5.73,FAILURE RISK
37.16,0.11,4.95,NORMAL
47.74,0.17,5.22,WARNING
59.43,0.39,4.99,FAILURE RISK
39.43,0.09,4.84,NORMAL
44.59,0.24,4.5,WARNING
77.01,0.53,4.9,FAILURE RISK
41.71,0.05,4.09,NORMAL
47.79,0.18,4.52,WARNING
87.88,0.36,7.06,FAILURE RISK
42.43,0.06,3.55,NORMAL
42.72,0.22,4.81,WARNING
67.33,0.91,9.75,FAILURE RISK
39.61,0.07,4.41,NORMAL
43.06,0.18,5.38,WARNING
69.35,0.57,5.77,FAILURE RISK
42.41,0.2,4.74,NORMAL
40.73,0.25,5.06,WARNING
46.71,0.86,8.97,FAILURE RISK
43.69,0.09,3.27,NORMAL
40.02,0.27,4.15,WARNING
45.81,0.95,5.19,FAILURE RISK
41.62,0.17,4.67,NORMAL
42.37,0.23,4.43,WARNING
65.23,0.57,10.57,FAILURE RISK
37.69,0.16,4.81,NORMAL
47.52,0.22,4.62,WARNING
63.45,0.92,9.03,FAILURE RISK
44.43,0.17,4.83,NORMAL
45.91,0.21,4.32,WARNING
70.34,0.52,11.51,FAILURE RISK
39.46,0.15,4.18,NORMAL
46.24,0.25,4.4,WARNING
49.37,0.73,6.92,FAILURE RISK
43.2,0.18,4.8,NORMAL
42.67,0.25,4.25,WARNING
66.04,0.75,6.33,FAILURE RISK
41.71,0.05,4.11,NORMAL
46.64,0.24,5.46,WARNING
89.99,0.55,8.37,FAILURE RISK
42.91,0.14,4.57,NORMAL
44.57,0.19,5.69,WARNING
53.75,0.51,6.47,FAILURE RISK
44.66,0.11,3.19,NORMAL
41.29,0.24,4.58,WARNING
55.54,0.44,9.77,FAILURE RISK
42.97,0.13,3.95,NORMAL
46.28,0.21,4.93,WARNING
70.65,0.72,7.99,FAILURE RISK
39.12,0.17,3.24,NORMAL
47.34,0.25,4.24,WARNING
78.01,0.88,9.62,FAILURE RISK
42.76,0.07,4.08,NORMAL
45.3,0.26,4.06,WARNING
73.35,0.9,7.79,FAILURE RISK
40.2,0.15,3.75,NORMAL
41.91,0.23,4.2,WARNING
59.07,0.85,10.49,FAILURE RISK
43.38,0.2,4.56,NORMAL
46.6,0.17,5.08,WARNING
58.86,0.59,9.15,FAILURE RISK
40.38,0.1,4.72,NORMAL
41.42,0.25,4.28,WARNING
89.07,0.26,11.06,FAILURE RISK
41.45,0.07,3.69,NORMAL
44.42,0.26,4.83,WARNING
70.0,0.73,11.22,FAILURE RISK
41.76,0.11,3.52,NORMAL
40.82,0.25,5.54,WARNING
86.74,0.85,7.37,FAILURE RISK
38.98,0.13,3.39,NORMAL
44.28,0.24,4.29,WARNING
73.25,0.56,5.64,FAILURE RISK
44.71,0.18,5.02,NORMAL
45.86,0.23,5.18,WARNING
88.52,0.3,7.04,FAILURE RISK
35.2,0.07,3.15,NORMAL
40.24,0.25,5.49,WARNING
86.13,0.72,4.77,FAILURE RISK
44.62,0.1,3.86,NORMAL
41.84,0.23,4.39,WARNING
84.39,0.23,8.2,FAILURE RISK
38.72,0.2,3.22,NORMAL
44.23,0.23,4.67,WARNING
72.92,0.98,6.89,FAILURE RISK
37.5,0.13,3.17,NORMAL
47.48,0.19,4.14,WARNING
60.74,0.58,11.43,FAILURE RISK
43.44,0.12,4.11,NORMAL
46.53,0.19,4.56,WARNING
52.68,0.25,7.41,FAILURE RISK
37.1,0.09,4.81,NORMAL
46.81,0.25,5.07,WARNING
74.29,0.9,10.58,FAILURE RISK
39.44,0.07,3.11,NORMAL
44.89,0.24,4.4,WARNING
57.17,0.73,10.48,FAILURE RISK
37.42,0.17,5.0,NORMAL
45.4,0.27,4.4,WARNING
77.56,0.23,9.25,FAILURE RISK
44.54,0.16,4.73,NORMAL
47.53,0.2,4.53,WARNING
54.56,0.3,6.3,FAILURE RISK
39.01,0.2,3.48,NORMAL
45.56,0.18,4.67,WARNING
55.47,0.98,8.7,FAILURE RISK
42.98,0.17,4.23,NORMAL
42.87,0.18,5.6,WARNING
50.81,0.92,5.24,FAILURE RISK
35.54,0.1,3.67,NORMAL
47.02,0.27,4.46,WARNING
79.43,0.41,4.81,FAILURE RISK
39.57,0.21,4.63,NORMAL
47.96,0.15,4.25,WARNING
52.97,0.46,5.47,FAILURE RISK
37.66,0.2,4.52,NORMAL
46.84,0.19,4.54,WARNING
89.56,0.65,6.57,FAILURE RISK
36.0,0.09,4.15,NORMAL
46.96,0.23,4.4,WARNING
85.03,0.98,7.01,FAILURE RISK
37.54,0.18,4.48,NORMAL
41.86,0.27,4.23,WARNING
89.87,0.81,9.1,FAILURE RISK
43.4,0.12,4.9,NORMAL
46.11,0.17,5.11,WARNING
62.12,0.39,6.71,FAILURE RISK
35.03,0.12,4.99,NORMAL
40.71,0.24,4.1,WARNING
71.11,0.23,7.75,FAILURE RISK
42.09,0.17,5.05,NORMAL
47.73,0.17,4.78,WARNING
47.79,0.32,7.92,FAILURE RISK
44.05,0.07,4.88,NORMAL
40.15,0.25,5.07,WARNING
85.67,0.62,7.08,FAILURE RISK
40.66,0.06,4.14,NORMAL
45.55,0.23,5.67,WARNING
76.41,0.79,11.08,FAILURE RISK
43.42,0.19,4.0,NORMAL
47.79,0.17,4.48,WARNING
45.94,0.31,10.12,FAILURE RISK
40.14,0.11,3.42,NORMAL
41.35,0.22,4.01,WARNING
46.34,0.38,9.57,FAILURE RISK
44.3,0.07,3.02,NORMAL
47.81,0.16,5.22,WARNING
62.59,0.54,9.79,FAILURE RISK
43.86,0.07,3.11,NORMAL
41.99,0.25,5.04,WARNING
48.54,0.57,6.77,FAILURE RISK
36.87,0.2,4.06,NORMAL
44.33,0.25,4.48,WARNING
76.5,0.67,5.17,FAILURE RISK
42.25,0.2,5.0,NORMAL
45.13,0.17,4.61,WARNING
58.21,0.3,10.15,FAILURE RISK
40.27,0.06,3.95,NORMAL
40.64,0.22,5.35,WARNING
57.19,0.77,5.09,FAILURE RISK
36.32,0.11,3.34,NORMAL
46.34,0.19,5.18,WARNING
65.18,0.51,8.0,FAILURE RISK
35.4,0.07,4.13,NORMAL
47.5,0.15,5.44,WARNING
53.63,0.64,5.23,FAILURE RISK
44.48,0.19,3.29,NORMAL
46.04,0.23,4.4,WARNING
85.58,0.76,7.78,FAILURE RISK
36.62,0.1,3.64,NORMAL
42.65,0.19,5.55,WARNING
63.21,0.65,4.62,FAILURE RISK
37.99,0.17,5.16,NORMAL
45.43,0.27,5.05,WARNING
80.33,0.38,4.94,FAILURE RISK
40.61,0.12,4.66,NORMAL
47.81,0.15,5.52,WARNING
63.56,0.41,7.2,FAILURE RISK
35.71,0.11,3.21,NORMAL
45.09,0.19,4.45,WARNING
63.99,0.26,11.3,FAILURE RISK
35.09,0.15,4.43,NORMAL
42.69,0.16,5.34,WARNING
89.45,0.29,6.49,FAILURE RISK
42.74,0.14,4.05,NORMAL
47.5,0.17,4.85,WARNING
80.36,0.88,7.2,FAILURE RISK
40.04,0.1,3.9,NORMAL
45.73,0.16,4.18,WARNING
54.14,0.57,11.84,FAILURE RISK
44.3,0.16,4.77,NORMAL
45.55,0.25,4.93,WARNING
50.25,0.69,6.1,FAILURE RISK
39.93,0.11,4.02,NORMAL
41.37,0.24,4.36,WARNING
52.26,0.9,8.06,FAILURE RISK
42.04,0.16,5.03,NORMAL
43.84,0.22,4.31,WARNING
86.73,0.88,10.41,FAILURE RISK
35.19,0.13,4.33,NORMAL
44.69,0.27,5.3,WARNING
80.86,0.41,11.79,FAILURE RISK
41.29,0.16,3.21,NORMAL
45.65,0.24,4.83,WARNING
79.86,0.55,8.76,FAILURE RISK
35.86,0.2,3.87,NORMAL
40.26,0.19,5.25,WARNING
67.23,0.34,5.42,FAILURE RISK
41.62,0.2,4.49,NORMAL
43.5,0.25,4.17,WARNING
80.28,0.86,5.12,FAILURE RISK
43.93,0.11,4.78,NORMAL
42.19,0.23,4.91,WARNING
83.31,0.59,8.41,FAILURE RISK
44.5,0.17,3.31,NORMAL
46.0,0.26,4.66,WARNING
64.41,0.7,5.47,FAILURE RISK
44.26,0.09,4.54,NORMAL
44.55,0.23,5.29,WARNING
79.05,0.91,8.34,FAILURE RISK
41.75,0.1,4.36,NORMAL
44.48,0.2,5.54,WARNING
81.35,0.47,7.56,FAILURE RISK
36.4,0.19,3.93,NORMAL
47.19,0.26,4.66,WARNING
88.08,0.66,9.72,FAILURE RISK
36.91,0.13,4.68,NORMAL
40.94,0.24,4.84,WARNING
69.71,0.39,4.86,FAILURE RISK
39.58,0.06,4.77,NORMAL
42.89,0.23,5.29,WARNING
56.92,0.67,6.2,FAILURE RISK
41.14,0.2,4.76,NORMAL
46.26,0.15,4.25,WARNING
76.65,0.97,9.46,FAILURE RISK
44.85,0.15,3.11,NORMAL
44.08,0.23,4.58,WARNING
58.15,0.89,5.73,FAILURE RISK
37.98,0.19,3.0,NORMAL
40.47,0.23,4.82,WARNING
52.13,0.84,11.75,FAILURE RISK
43.89,0.06,4.63,NORMAL
46.34,0.15,5.42,WARNING
70.72,0.83,7.36,FAILURE RISK
36.47,0.17,3.8,NORMAL
45.9,0.24,4.37,WARNING
78.4,0.67,7.17,FAILURE RISK
36.64,0.21,3.28,NORMAL
47.11,0.19,5.67,WARNING
54.42,0.91,10.12,FAILURE RISK
44.03,0.21,3.96,NORMAL
40.1,0.18,5.43,WARNING
86.97,0.68,10.21,FAILURE RISK
40.22,0.11,4.28,NORMAL
43.39,0.26,4.77,WARNING
85.38,0.75,11.94,FAILURE RISK
39.56,0.11,3.3,NORMAL
47.06,0.21,5.52,WARNING
83.31,0.69,6.37,FAILURE RISK
42.79,0.13,3.74,NORMAL
47.47,0.23,5.56,WARNING
46.05,0.36,7.44,FAILURE RISK
43.11,0.16,3.53,NORMAL
40.6,0.22,5.62,WARNING
46.07,0.4,10.87,FAILURE RISK
36.2,0.08,3.28,NORMAL
45.91,0.17,4.12,WARNING
49.94,0.8,11.24,FAILURE RISK
42.85,0.09,4.44,NORMAL
45.39,0.22,5.61,WARNING
87.3,0.69,6.15,FAILURE RISK
44.6,0.06,3.05,NORMAL
44.42,0.24,5.5,WARNING
65.31,0.89,6.94,FAILURE RISK
35.44,0.06,4.01,NORMAL
46.35,0.16,4.98,WARNING
56.06,0.6,9.35,FAILURE RISK
35.96,0.16,4.1,NORMAL
47.09,0.25,4.18,WARNING
68.63,0.66,5.21,FAILURE RISK
38.01,0.19,3.62,NORMAL
43.47,0.22,5.05,WARNING
88.23,0.59,9.71,FAILURE RISK
44.76,0.2,3.34,NORMAL
40.08,0.22,4.56,WARNING
82.0,0.37,10.48,FAILURE RISK
35.01,0.15,3.14,NORMAL
41.43,0.26,4.89,WARNING
53.8,0.93,8.1,FAILURE RISK
38.67,0.13,4.94,NORMAL
47.72,0.26,4.91,WARNING
82.82,0.94,4.63,FAILURE RISK
35.75,0.05,3.8,NORMAL
42.57,0.23,5.13,WARNING
67.02,0.31,8.16,FAILURE RISK
35.63,0.08,4.56,NORMAL
46.4,0.19,4.64,WARNING
55.79,0.76,11.63,FAILURE RISK
39.84,0.12,3.36,NORMAL
46.72,0.23,4.77,WARNING
75.31,0.4,8.35,FAILURE RISK
35.94,0.12,4.0,NORMAL
42.38,0.25,5.51,WARNING
85.68,0.79,5.07,FAILURE RISK
41.5,0.12,4.97,NORMAL
40.46,0.27,4.13,WARNING
72.31,0.85,11.31,FAILURE RISK
39.82,0.2,4.73,NORMAL
45.32,0.17,4.03,WARNING
58.84,0.56,11.25,FAILURE RISK
36.93,0.13,3.53,NORMAL
46.4,0.2,5.23,WARNING
62.51,0.44,6.06,FAILURE RISK
43.79,0.12,4.69,NORMAL
45.83,0.17,5.52,WARNING
73.94,0.3,5.1,FAILURE RISK
41.63,0.12,4.47,NORMAL
42.74,0.24,5.31,WARNING
89.25,0.77,9.81,FAILURE RISK
43.34,0.18,3.12,NORMAL
40.15,0.26,4.65,WARNING
55.41,0.9,7.24,FAILURE RISK
42.73,0.19,4.73,NORMAL
43.83,0.27,4.98,WARNING
65.45,0.84,6.12,FAILURE RISK
35.13,0.16,4.03,NORMAL
41.66,0.15,5.22,WARNING
52.66,0.65,5.73,FAILURE RISK
35.34,0.13,3.28,NORMAL
47.49,0.26,5.68,WARNING
51.52,0.65,5.02,FAILURE RISK
40.5,0.21,4.35,NORMAL
46.69,0.23,5.58,WARNING
63.21,0.24,5.9,FAILURE RISK
40.01,0.13,3.55,NORMAL
42.58,0.26,5.16,WARNING
84.27,0.82,10.06,FAILURE RISK
43.69,0.17,3.32,NORMAL
41.7,0.22,4.69,WARNING
68.53,0.36,11.52,FAILURE RISK
41.43,0.13,3.59,NORMAL
47.56,0.16,4.48,WARNING
72.54,0.72,11.29,FAILURE RISK
38.17,0.12,3.79,NORMAL
47.64,0.24,4.38,WARNING
65.1,0.5,7.24,FAILURE RISK
37.7,0.15,3.75,NORMAL
44.55,0.21,5.24,WARNING
48.54,0.7,10.94,FAILURE RISK
42.49,0.16,4.68,NORMAL
43.82,0.26,5.23,WARNING
45.67,0.69,6.57,FAILURE RISK
35.6,0.09,3.41,NORMAL
45.1,0.24,5.66,WARNING
57.63,0.39,5.22,FAILURE RISK
40.82,0.1,3.36,NORMAL
44.49,0.24,5.36,WARNING
70.39,0.61,10.89,FAILURE RISK
42.43,0.15,4.45,NORMAL
46.65,0.18,4.15,WARNING
73.97,0.9,11.19,FAILURE RISK
42.21,0.16,4.44,NORMAL
42.6,0.17,5.46,WARNING
83.28,0.45,7.35,FAILURE RISK
41.54,0.2,3.16,NORMAL
45.68,0.22,4.61,WARNING
66.43,0.25,4.91,FAILURE RISK
35.59,0.12,5.1,NORMAL
47.22,0.15,4.05,WARNING
76.34,0.79,8.98,FAILURE RISK
44.97,0.2,4.85,NORMAL
46.31,0.24,4.77,WARNING
78.79,0.98,11.47,FAILURE RISK
39.08,0.16,5.13,NORMAL
40.88,0.2,5.38,WARNING
89.1,0.78,6.02,FAILURE RISK
37.88,0.18,4.51,NORMAL
47.56,0.16,5.33,WARNING
63.32,0.87,10.13,FAILURE RISK
38.0,0.06,5.08,NORMAL
43.31,0.18,5.32,WARNING
57.98,0.68,7.66,FAILURE RISK
36.23,0.16,4.04,NORMAL
45.2,0.17,5.59,WARNING
67.06,0.82,7.08,FAILURE RISK
42.14,0.08,3.49,NORMAL
45.43,0.25,4.25,WARNING
57.71,0.42,8.86,FAILURE RISK
43.81,0.07,3.26,NORMAL
45.67,0.25,4.81,WARNING
70.01,0.94,7.27,FAILURE RISK
44.5,0.16,4.41,NORMAL
47.88,0.22,5.08,WARNING
49.3,0.35,5.84,FAILURE RISK
35.56,0.2,4.92,NORMAL
45.18,0.18,4.93,WARNING
76.37,0.89,7.62,FAILURE RISK
41.93,0.08,3.97,NORMAL
46.13,0.22,4.54,WARNING
73.01,0.32,10.32,FAILURE RISK
42.07,0.17,3.27,NORMAL
43.29,0.25,4.37,WARNING
70.48,0.41,5.22,FAILURE RISK
42.27,0.14,4.78,NORMAL
47.03,0.22,5.1,WARNING
80.42,0.54,10.64,FAILURE RISK
41.02,0.06,3.47,NORMAL
45.98,0.27,4.03,WARNING
61.32,0.62,7.47,FAILURE RISK
44.93,0.12,3.98,NORMAL
44.31,0.26,5.11,WARNING
66.13,0.31,9.07,FAILURE RISK
41.25,0.17,3.51,NORMAL
46.41,0.26,4.43,WARNING
82.9,0.69,6.38,FAILURE RISK
43.81,0.11,3.0,NORMAL
44.81,0.26,5.07,WARNING
74.14,0.24,4.92,FAILURE RISK
43.94,0.06,4.01,NORMAL
47.14,0.2,5.48,WARNING
77.77,0.97,9.79,FAILURE RISK
40.53,0.19,3.51,NORMAL
46.69,0.21,4.52,WARNING
85.23,1.0,9.58,FAILURE RISK
43.3,0.2,4.57,NORMAL
45.59,0.17,4.69,WARNING
69.02,0.36,10.57,FAILURE RISK
36.03,0.13,3.84,NORMAL
42.14,0.27,4.17,WARNING
77.44,0.57,9.22,FAILURE RISK
42.62,0.18,3.53,NORMAL
40.53,0.21,5.67,WARNING
80.66,0.65,9.73,FAILURE RISK
43.57,0.12,3.46,NORMAL
47.16,0.25,4.18,WARNING
73.27,0.43,11.08,FAILURE RISK
43.66,0.2,4.97,NORMAL
46.57,0.23,4.02,WARNING
79.33,0.78,11.55,FAILURE RISK
36.77,0.13,3.22,NORMAL
45.01,0.27,5.21,WARNING
73.11,0.75,8.0,FAILURE RISK
42.23,0.11,4.74,NORMAL
41.59,0.19,5.45,WARNING
68.94,0.33,8.43,FAILURE RISK
35.84,0.08,3.85,NORMAL
47.22,0.17,4.27,WARNING
58.28,0.23,7.11,FAILURE RISK
43.42,0.13,4.03,NORMAL
44.86,0.19,5.6,WARNING
76.17,0.98,6.61,FAILURE RISK
36.6,0.11,3.23,NORMAL
47.74,0.23,4.48,WARNING
58.69,0.26,11.57,FAILURE RISK
42.61,0.12,4.07,NORMAL
46.31,0.2,5.36,WARNING
63.13,0.74,4.58,FAILURE RISK
39.96,0.18,3.77,NORMAL
41.5,0.21,5.45,WARNING
82.04,0.9,6.92,FAILURE RISK
37.38,0.13,4.73,NORMAL
46.03,0.17,4.94,WARNING
45.24,0.47,8.17,FAILURE RISK
40.7,0.06,3.9,NORMAL
47.56,0.25,5.31,WARNING
57.13,0.21,5.02,FAILURE RISK
42.11,0.06,4.35,NORMAL
40.34,0.25,4.25,WARNING
48.04,0.69,10.29,FAILURE RISK
36.67,0.1,4.81,NORMAL
40.38,0.25,5.13,WARNING
76.56,0.8,8.21,FAILURE RISK
38.56,0.12,3.06,NORMAL
40.39,0.22,5.04,WARNING
68.7,0.84,7.26,FAILURE RISK
40.25,0.1,3.55,NORMAL
40.14,0.27,4.98,WARNING
59.82,0.33,11.63,FAILURE RISK
38.62,0.21,4.87,NORMAL
45.71,0.26,4.02,WARNING
61.46,0.59,11.7,FAILURE RISK
36.31,0.05,4.32,NORMAL
47.29,0.23,4.07,WARNING
63.9,0.22,10.46,FAILURE RISK
38.39,0.18,3.73,NORMAL
45.91,0.19,4.73,WARNING
49.9,0.24,10.82,FAILURE RISK
38.4,0.09,4.63,NORMAL
45.47,0.23,4.76,WARNING
55.19,0.21,11.42,FAILURE RISK
37.64,0.07,3.16,NORMAL
46.88,0.19,4.54,WARNING
87.8,0.71,6.12,FAILURE RISK
43.46,0.2,4.71,NORMAL
40.63,0.23,5.45,WARNING
84.13,0.54,8.67,FAILURE RISK
35.91,0.12,4.55,NORMAL
40.39,0.25,4.65,WARNING
80.31,0.54,8.21,FAILURE RISK
44.91,0.17,4.92,NORMAL
40.11,0.22,4.18,WARNING
49.05,0.56,4.93,FAILURE RISK
36.73,0.06,3.45,NORMAL
47.7,0.23,5.04,WARNING
66.87,0.89,5.37,FAILURE RISK
42.15,0.15,3.17,NORMAL
43.87,0.23,4.9,WARNING
51.73,0.46,11.51,FAILURE RISK
40.11,0.06,5.0,NORMAL
47.91,0.23,4.25,WARNING
65.36,0.76,4.72,FAILURE RISK
42.76,0.14,3.06,NORMAL
44.74,0.22,4.66,WARNING
72.01,0.88,4.77,FAILURE RISK
40.09,0.13,3.99,NORMAL
46.73,0.23,5.08,WARNING
53.77,0.34,11.61,FAILURE RISK
40.88,0.13,3.39,NORMAL
44.75,0.22,4.46,WARNING
55.38,0.54,6.35,FAILURE RISK
38.21,0.09,4.96,NORMAL
47.96,0.16,5.32,WARNING
73.53,0.9,11.79,FAILURE RISK
41.76,0.18,3.07,NORMAL
47.72,0.26,5.11,WARNING
67.47,0.93,5.6,FAILURE RISK
37.73,0.13,3.95,NORMAL
43.29,0.23,5.02,WARNING
65.88,1.0,9.71,FAILURE RISK
35.83,0.05,3.96,NORMAL
47.63,0.25,5.09,WARNING
56.58,0.48,6.05,FAILURE RISK
44.78,0.18,4.12,NORMAL
47.69,0.16,5.02,WARNING
61.38,0.4,9.47,FAILURE RISK
38.28,0.07,5.01,NORMAL
43.79,0.25,4.03,WARNING
84.55,0.54,11.07,FAILURE RISK
43.31,0.11,3.09,NORMAL
46.54,0.21,4.11,WARNING
72.11,0.81,4.53,FAILURE RISK
39.72,0.14,4.3,NORMAL
47.24,0.17,4.61,WARNING
58.55,0.49,10.8,FAILURE RISK
40.1,0.05,5.01,NORMAL
46.38,0.21,4.21,WARNING
74.08,1.0,5.49,FAILURE RISK
37.33,0.18,4.26,NORMAL
40.08,0.23,4.76,WARNING
50.84,0.96,7.9,FAILURE RISK
42.91,0.1,4.01,NORMAL
46.23,0.27,5.0,WARNING
64.17,0.46,9.49,FAILURE RISK
42.64,0.19,3.88,NORMAL
43.94,0.24,4.45,WARNING
68.77,0.55,11.22,FAILURE RISK
44.35,0.19,3.49,NORMAL
47.54,0.25,4.91,WARNING
52.43,0.3,11.76,FAILURE RISK
44.82,0.16,4.11,NORMAL
42.08,0.19,5.65,WARNING
64.33,0.79,6.67,FAILURE RISK
36.39,0.06,3.11,NORMAL
43.42,0.23,5.45,WARNING
56.97,0.75,9.68,FAILURE RISK
39.85,0.06,4.64,NORMAL
44.92,0.22,5.44,WARNING
55.03,0.71,6.26,FAILURE RISK
39.56,0.08,5.11,NORMAL
47.03,0.16,4.02,WARNING
77.21,0.47,5.8,FAILURE RISK
35.55,0.17,3.18,NORMAL
42.34,0.18,5.32,WARNING
68.09,0.77,9.91,FAILURE RISK
40.08,0.17,3.95,NORMAL
43.06,0.16,5.37,WARNING
87.22,0.51,7.4,FAILURE RISK
44.76,0.21,3.63,NORMAL
47.57,0.23,4.34,WARNING
87.21,0.31,6.45,FAILURE RISK
40.6,0.1,3.85,NORMAL
45.12,0.25,5.09,WARNING
86.51,0.85,8.66,FAILURE RISK
39.6,0.08,3.92,NORMAL
43.69,0.25,5.45,WARNING
61.94,0.25,8.48,FAILURE RISK
37.61,0.19,4.88,NORMAL
40.98,0.23,5.18,WARNING
70.95,0.73,6.76,FAILURE RISK
39.56,0.1,3.28,NORMAL
41.56,0.26,5.3,WARNING
87.0,0.3,6.49,FAILURE RISK
35.25,0.18,4.12,NORMAL
40.2,0.21,5.34,WARNING
59.93,0.69,7.6,FAILURE RISK
40.6,0.2,3.19,NORMAL
43.12,0.21,5.63,WARNING
71.82,0.26,9.18,FAILURE RISK
43.74,0.11,4.34,NORMAL
41.46,0.27,5.29,WARNING
47.56,0.61,6.24,FAILURE RISK
41.14,0.13,4.68,NORMAL
47.8,0.27,4.64,WARNING
53.4,0.31,8.15,FAILURE RISK
39.02,0.18,3.58,NORMAL
47.78,0.17,4.15,WARNING
61.92,0.85,4.98,FAILURE RISK
39.43,0.13,3.47,NORMAL
40.93,0.27,4.69,WARNING
66.22,0.4,8.94,FAILURE RISK
37.64,0.09,4.09,NORMAL
47.78,0.19,5.61,WARNING
66.55,0.4,8.59,FAILURE RISK
36.4,0.13,4.11,NORMAL
42.48,0.17,5.52,WARNING
45.71,0.38,6.31,FAILURE RISK
37.57,0.16,4.7,NORMAL
45.43,0.24,5.24,WARNING
75.47,0.4,5.65,FAILURE RISK
40.59,0.12,5.19,NORMAL
41.01,0.26,4.05,WARNING
71.43,0.96,11.7,FAILURE RISK
39.7,0.14,3.61,NORMAL
40.31,0.2,5.44,WARNING
84.19,0.62,8.31,FAILURE RISK
35.41,0.1,5.0,NORMAL
46.37,0.21,4.95,WARNING
56.42,0.3,6.24,FAILURE RISK
41.25,0.11,3.37,NORMAL
41.77,0.26,4.7,WARNING
51.85,0.93,7.07,FAILURE RISK
35.37,0.21,3.16,NORMAL
42.5,0.21,5.2,WARNING
56.98,0.55,9.02,FAILURE RISK
41.71,0.06,4.75,NORMAL
46.85,0.19,5.24,WARNING
66.6,0.76,11.75,FAILURE RISK
40.03,0.2,3.5,NORMAL
47.28,0.19,4.07,WARNING
70.53,0.82,4.98,FAILURE RISK
44.48,0.11,3.86,NORMAL
46.96,0.19,4.82,WARNING
52.08,0.91,7.92,FAILURE RISK
40.2,0.15,3.23,NORMAL
46.71,0.22,5.36,WARNING
61.84,0.46,10.31,FAILURE RISK
42.47,0.06,4.01,NORMAL
46.43,0.21,4.61,WARNING
68.32,0.82,7.03,FAILURE RISK
37.18,0.1,4.39,NORMAL
43.26,0.22,4.23,WARNING
58.81,0.85,8.85,FAILURE RISK
37.78,0.14,4.55,NORMAL
47.6,0.24,5.2,WARNING
78.38,0.58,5.09,FAILURE RISK
38.51,0.12,4.98,NORMAL
44.08,0.22,4.85,WARNING
66.98,0.69,9.81,FAILURE RISK
38.33,0.16,4.68,NORMAL
47.71,0.18,4.28,WARNING
88.21,0.48,9.52,FAILURE RISK
41.5,0.16,3.22,NORMAL
47.03,0.2,4.6,WARNING
45.76,0.49,9.82,FAILURE RISK
36.88,0.06,4.7,NORMAL
46.44,0.17,5.3,WARNING
71.61,0.63,9.7,FAILURE RISK
38.32,0.1,4.85,NORMAL
46.26,0.2,4.4,WARNING
64.61,0.75,9.12,FAILURE RISK
43.1,0.19,3.87,NORMAL
44.0,0.25,4.52,WARNING
77.24,0.43,11.72,FAILURE RISK
41.88,0.16,4.77,NORMAL
44.24,0.26,4.14,WARNING
70.24,0.8,7.42,FAILURE RISK
40.64,0.08,3.24,NORMAL
41.82,0.22,4.24,WARNING
84.93,0.4,11.46,FAILURE RISK
39.77,0.07,4.82,NORMAL
46.49,0.25,5.54,WARNING
65.15,0.44,5.54,FAILURE RISK
38.89,0.15,3.5,NORMAL
42.89,0.27,5.41,WARNING
55.44,0.41,9.0,FAILURE RISK
36.41,0.2,3.96,NORMAL
45.31,0.2,4.95,WARNING
85.04,0.69,6.57,FAILURE RISK
35.59,0.16,3.91,NORMAL
42.15,0.23,5.23,WARNING
83.32,0.89,9.29,FAILURE RISK
38.67,0.13,4.76,NORMAL
44.96,0.23,5.19,WARNING
88.91,0.25,5.6,FAILURE RISK
36.11,0.16,3.77,NORMAL
47.03,0.24,4.14,WARNING
53.93,0.37,8.72,FAILURE RISK
41.32,0.17,5.17,NORMAL
46.98,0.16,4.1,WARNING
67.75,0.29,10.24,FAILURE RISK
35.83,0.19,4.11,NORMAL
45.61,0.26,4.13,WARNING
65.76,0.94,5.7,FAILURE RISK
38.32,0.1,4.15,NORMAL
45.67,0.16,4.76,WARNING
46.67,0.53,9.52,FAILURE RISK
41.52,0.21,4.03,NORMAL
47.73,0.15,4.44,WARNING
72.9,0.69,6.83,FAILURE RISK
38.18,0.16,4.55,NORMAL
47.43,0.21,4.84,WARNING
58.55,0.66,9.12,FAILURE RISK
40.46,0.05,4.35,NORMAL
46.93,0.24,5.62,WARNING
69.35,0.25,11.15,FAILURE RISK
43.56,0.1,4.36,NORMAL
46.76,0.16,5.27,WARNING
56.3,0.26,4.98,FAILURE RISK
42.15,0.12,3.38,NORMAL
46.17,0.22,4.47,WARNING
72.29,0.46,9.42,FAILURE RISK
40.3,0.07,4.83,NORMAL
40.88,0.23,4.19,WARNING
46.35,0.56,4.74,FAILURE RISK
35.31,0.13,3.14,NORMAL
40.28,0.22,5.23,WARNING
88.39,0.23,10.04,FAILURE RISK
39.11,0.12,4.54,NORMAL
44.73,0.24,4.01,WARNING
51.67,0.62,11.19,FAILURE RISK
37.53,0.07,4.17,NORMAL
46.26,0.17,4.49,WARNING
86.52,0.74,5.78,FAILURE RISK
40.35,0.06,3.1,NORMAL
46.2,0.15,4.27,WARNING
53.09,0.95,6.08,FAILURE RISK
36.78,0.12,3.32,NORMAL
45.32,0.27,4.0,WARNING
82.63,0.99,5.42,FAILURE RISK
41.1,0.11,3.54,NORMAL
42.45,0.25,4.67,WARNING
88.82,0.78,8.63,FAILURE RISK
40.91,0.17,4.5,NORMAL
47.34,0.16,4.86,WARNING
55.38,0.84,10.09,FAILURE RISK
39.98,0.17,4.04,NORMAL
42.87,0.27,4.68,WARNING
62.92,0.72,8.26,FAILURE RISK
37.94,0.18,5.13,NORMAL
46.04,0.18,4.49,WARNING
68.3,0.57,11.59,FAILURE RISK
38.73,0.2,4.37,NORMAL
42.5,0.26,5.14,WARNING
66.52,0.3,9.1,FAILURE RISK
36.33,0.17,4.95,NORMAL
45.46,0.24,4.77,WARNING
66.21,0.49,6.37,FAILURE RISK
37.15,0.11,4.1,NORMAL
41.97,0.25,5.39,WARNING
88.66,0.37,10.42,FAILURE RISK
40.44,0.09,3.4,NORMAL
40.86,0.27,5.65,WARNING
89.6,0.24,11.49,FAILURE RISK
36.05,0.09,3.55,NORMAL
45.01,0.27,4.95,WARNING
68.36,0.93,8.46,FAILURE RISK
42.83,0.14,4.82,NORMAL
47.57,0.19,5.47,WARNING
73.99,0.25,10.94,FAILURE RISK
40.04,0.09,4.13,NORMAL
46.65,0.23,5.67,WARNING
74.35,0.26,10.33,FAILURE RISK
42.5,0.12,4.4,NORMAL
45.12,0.15,5.12,WARNING
52.89,0.68,7.66,FAILURE RISK
44.92,0.08,3.03,NORMAL
42.31,0.16,5.29,WARNING
77.81,0.96,5.78,FAILURE RISK
36.19,0.11,4.44,NORMAL
40.39,0.22,5.28,WARNING
70.92,0.77,6.66,FAILURE RISK
41.84,0.2,3.71,NORMAL
45.44,0.27,4.45,WARNING
61.1,0.55,5.92,FAILURE RISK
38.2,0.11,3.42,NORMAL
46.95,0.17,4.94,WARNING
48.09,0.23,9.54,FAILURE RISK
44.15,0.16,3.1,NORMAL
47.45,0.23,4.91,WARNING
68.22,0.37,11.44,FAILURE RISK
36.8,0.12,4.82,NORMAL
43.6,0.16,5.68,WARNING
83.31,0.72,10.7,FAILURE RISK
37.44,0.09,4.14,NORMAL
47.77,0.18,5.44,WARNING
58.73,0.73,4.7,FAILURE RISK
44.67,0.16,5.1,NORMAL
41.79,0.22,4.64,WARNING
74.11,0.8,6.93,FAILURE RISK
36.31,0.18,4.55,NORMAL
41.42,0.27,5.01,WARNING
82.93,0.56,7.72,FAILURE RISK
39.1,0.1,3.62,NORMAL
46.56,0.27,5.02,WARNING
79.4,0.81,5.64,FAILURE RISK
40.14,0.12,3.28,NORMAL
42.08,0.24,4.32,WARNING
58.06,0.56,10.54,FAILURE RISK
36.27,0.15,4.62,NORMAL
45.14,0.22,5.53,WARNING
60.1,0.96,10.6,FAILURE RISK
39.19,0.17,5.03,NORMAL
46.36,0.16,5.58,WARNING
55.1,0.64,5.17,FAILURE RISK
40.62,0.09,4.15,NORMAL
46.52,0.18,4.71,WARNING
65.74,0.87,6.05,FAILURE RISK
37.92,0.12,3.91,NORMAL
44.63,0.25,5.68,WARNING
66.39,0.78,4.9,FAILURE RISK
38.76,0.18,3.08,NORMAL
47.36,0.21,4.44,WARNING
55.86,0.75,10.49,FAILURE RISK
40.63,0.11,3.12,NORMAL
42.07,0.23,4.14,WARNING
74.01,0.31,11.25,FAILURE RISK
42.76,0.19,3.71,NORMAL
47.53,0.27,5.44,WARNING
53.97,0.43,8.56,FAILURE RISK
44.77,0.08,3.5,NORMAL
47.33,0.19,4.99,WARNING
59.4,0.47,6.48,FAILURE RISK
38.88,0.07,4.18,NORMAL
46.04,0.19,5.41,WARNING
47.61,0.81,10.8,FAILURE RISK
41.6,0.06,4.45,NORMAL
46.41,0.19,5.63,WARNING
75.05,0.28,11.76,FAILURE RISK
42.91,0.2,3.89,NORMAL
47.14,0.16,5.11,WARNING
53.78,0.49,5.71,FAILURE RISK
42.82,0.15,4.63,NORMAL
40.88,0.24,4.52,WARNING
76.65,0.81,9.88,FAILURE RISK
39.9,0.16,3.21,NORMAL
47.59,0.19,4.07,WARNING
51.07,0.8,9.77,FAILURE RISK
36.72,0.06,4.98,NORMAL
41.05,0.25,4.78,WARNING
61.03,0.79,8.51,FAILURE RISK
38.57,0.21,4.58,NORMAL
47.91,0.19,4.31,WARNING
59.21,0.98,8.97,FAILURE RISK
38.44,0.16,4.2,NORMAL
44.39,0.23,5.26,WARNING
77.92,0.75,6.06,FAILURE RISK
38.39,0.17,4.32,NORMAL
40.98,0.27,5.27,WARNING
70.58,0.54,5.2,FAILURE RISK
38.24,0.17,4.49,NORMAL
42.67,0.24,4.96,WARNING
46.71,0.51,10.29,FAILURE RISK
37.16,0.09,4.79,NORMAL
46.85,0.16,5.47,WARNING
74.8,0.89,5.41,FAILURE RISK
39.78,0.07,3.72,NORMAL
40.02,0.26,4.81,WARNING
75.22,0.38,4.77,FAILURE RISK
38.93,0.13,3.22,NORMAL
46.68,0.23,5.35,WARNING
56.01,0.65,4.57,FAILURE RISK
35.92,0.14,4.93,NORMAL
45.87,0.18,4.51,WARNING
59.85,0.29,9.78,FAILURE RISK
36.36,0.19,3.66,NORMAL
43.1,0.26,4.96,WARNING
45.81,0.55,8.15,FAILURE RISK
38.9,0.2,5.12,NORMAL
40.2,0.21,5.26,WARNING
48.29,0.5,4.64,FAILURE RISK
39.92,0.21,4.66,NORMAL
43.06,0.23,4.51,WARNING
62.41,0.42,10.89,FAILURE RISK
37.52,0.15,3.64,NORMAL
40.13,0.27,5.63,WARNING
63.08,0.72,5.77,FAILURE RISK
38.46,0.2,4.62,NORMAL
40.73,0.27,5.46,WARNING
63.45,0.34,9.32,FAILURE RISK
41.12,0.11,4.42,NORMAL
41.07,0.17,5.36,WARNING
71.74,0.33,6.34,FAILURE RISK
43.63,0.07,4.57,NORMAL
46.3,0.22,4.5,WARNING
73.78,0.4,8.16,FAILURE RISK
38.98,0.15,4.77,NORMAL
47.0,0.18,5.12,WARNING
64.05,0.44,8.67,FAILURE RISK
39.73,0.15,4.47,NORMAL
47.43,0.21,4.46,WARNING
50.17,0.9,7.54,FAILURE RISK
40.05,0.09,3.89,NORMAL
46.24,0.18,5.06,WARNING
77.33,0.91,8.16,FAILURE RISK
39.02,0.06,3.68,NORMAL
45.37,0.22,5.25,WARNING
79.08,0.61,6.84,FAILURE RISK
43.2,0.19,4.22,NORMAL
43.06,0.25,4.55,WARNING
65.29,0.52,8.43,FAILURE RISK
41.46,0.21,3.68,NORMAL
42.44,0.27,4.73,WARNING
73.86,0.84,6.24,FAILURE RISK
38.27,0.09,3.86,NORMAL
46.8,0.17,5.46,WARNING
55.65,0.38,8.07,FAILURE RISK
39.47,0.18,4.37,NORMAL
42.44,0.22,5.28,WARNING
84.31,0.62,10.3,FAILURE RISK
36.01,0.12,3.78,NORMAL
44.41,0.15,5.31,WARNING
82.96,0.89,5.24,FAILURE RISK
43.28,0.07,3.79,NORMAL
46.8,0.25,5.21,WARNING
57.79,0.86,9.47,FAILURE RISK
37.62,0.14,4.11,NORMAL
46.43,0.18,5.33,WARNING
62.99,0.77,11.85,FAILURE RISK
38.51,0.11,3.06,NORMAL
46.42,0.24,4.15,WARNING
87.6,0.83,5.68,FAILURE RISK
42.6,0.18,4.43,NORMAL
43.37,0.22,5.37,WARNING
47.1,0.57,11.79,FAILURE RISK
41.38,0.2,4.38,NORMAL
44.32,0.25,5.12,WARNING
75.46,0.95,8.13,FAILURE RISK
38.76,0.13,3.56,NORMAL
47.48,0.17,5.1,WARNING
59.76,0.4,8.9,FAILURE RISK
42.05,0.19,4.94,NORMAL
44.27,0.26,4.6,WARNING
54.46,0.22,10.4,FAILURE RISK
38.75,0.2,5.14,NORMAL
46.4,0.27,4.93,WARNING
65.93,0.31,11.67,FAILURE RISK
41.22,0.12,4.68,NORMAL
45.23,0.24,5.17,WARNING
61.9,0.56,4.68,FAILURE RISK
37.54,0.17,4.24,NORMAL
43.75,0.26,4.8,WARNING
46.78,0.63,5.44,FAILURE RISK
38.5,0.07,4.31,NORMAL
44.43,0.23,4.89,WARNING
85.99,0.52,10.92,FAILURE RISK
44.19,0.09,4.84,NORMAL
43.72,0.19,5.32,WARNING
68.08,0.96,6.23,FAILURE RISK
39.7,0.07,4.64,NORMAL
45.24,0.15,4.46,WARNING
52.39,0.82,9.12,FAILURE RISK
44.92,0.06,4.03,NORMAL
43.13,0.24,5.18,WARNING
76.39,0.87,9.94,FAILURE RISK
42.05,0.18,4.85,NORMAL
45.46,0.22,4.5,WARNING
52.7,0.6,11.15,FAILURE RISK
40.43,0.15,4.27,NORMAL
43.26,0.24,5.33,WARNING
74.3,0.44,10.8,FAILURE RISK
36.04,0.17,3.1,NORMAL
42.64,0.23,4.62,WARNING
71.25,0.45,9.69,FAILURE RISK
38.03,0.11,5.19,NORMAL
42.77,0.23,5.57,WARNING
60.79,0.32,7.11,FAILURE RISK
44.54,0.21,5.07,NORMAL
46.38,0.24,4.28,WARNING
77.53,0.91,4.89,FAILURE RISK
37.01,0.11,4.28,NORMAL
42.4,0.23,4.23,WARNING
81.09,0.95,11.7,FAILURE RISK
35.31,0.08,5.03,NORMAL
42.89,0.23,5.52,WARNING
80.07,0.58,9.38,FAILURE RISK
38.14,0.21,4.47,NORMAL
40.03,0.24,5.15,WARNING
74.65,0.35,9.32,FAILURE RISK
41.3,0.06,4.46,NORMAL
42.58,0.24,4.76,WARNING
58.59,0.8,9.23,FAILURE RISK
43.69,0.09,3.75,NORMAL
47.4,0.26,4.78,WARNING
70.86,0.46,6.28,FAILURE RISK
42.54,0.06,3.84,NORMAL
41.79,0.17,5.28,WARNING
45.21,0.95,8.06,FAILURE RISK
36.66,0.19,4.16,NORMAL
40.29,0.27,4.14,WARNING
48.23,0.47,9.69,FAILURE RISK
37.44,0.17,3.28,NORMAL
46.47,0.22,5.19,WARNING
75.42,0.43,4.77,FAILURE RISK
35.69,0.11,4.67,NORMAL
46.88,0.19,4.65,WARNING
58.97,0.66,6.22,FAILURE RISK
38.49,0.16,3.38,NORMAL
41.43,0.26,4.38,WARNING
45.11,0.36,11.64,FAILURE RISK
40.63,0.15,4.99,NORMAL
41.71,0.15,5.33,WARNING
65.95,0.38,6.66,FAILURE RISK
40.37,0.13,3.82,NORMAL
46.44,0.16,5.38,WARNING
84.34,0.53,8.57,FAILURE RISK
40.49,0.09,4.11,NORMAL
45.53,0.18,4.67,WARNING
89.78,0.79,11.56,FAILURE RISK
36.28,0.2,3.35,NORMAL
46.13,0.25,4.47,WARNING
82.7,0.65,6.31,FAILURE RISK
39.95,0.13,4.47,NORMAL
47.75,0.16,5.38,WARNING
81.4,0.32,9.77,FAILURE RISK
44.59,0.14,3.09,NORMAL
44.66,0.27,5.02,WARNING
46.05,0.25,10.75,FAILURE RISK
36.62,0.1,5.09,NORMAL
44.39,0.2,5.26,WARNING
73.06,0.31,4.93,FAILURE RISK
42.05,0.18,4.59,NORMAL
42.96,0.23,5.3,WARNING
66.31,0.91,7.89,FAILURE RISK
38.68,0.12,4.63,NORMAL
42.63,0.2,5.38,WARNING
52.32,0.62,8.69,FAILURE RISK
35.59,0.09,3.19,NORMAL
44.16,0.25,5.01,WARNING
67.18,0.81,8.8,FAILURE RISK
42.31,0.2,4.31,NORMAL
45.03,0.27,4.32,WARNING
63.44,0.21,5.95,FAILURE RISK
35.99,0.08,4.06,NORMAL
46.68,0.18,4.09,WARNING
52.92,0.62,11.22,FAILURE RISK
41.68,0.17,3.59,NORMAL
47.83,0.27,4.57,WARNING
83.51,1.0,11.73,FAILURE RISK
44.05,0.12,4.77,NORMAL
41.46,0.18,5.65,WARNING
81.78,0.38,10.17,FAILURE RISK
41.82,0.08,4.09,NORMAL
47.27,0.17,4.74,WARNING
65.59,0.21,10.06,FAILURE RISK
41.11,0.1,3.24,NORMAL
44.68,0.22,4.2,WARNING
87.91,0.96,7.94,FAILURE RISK
36.66,0.14,4.36,NORMAL
43.69,0.27,4.29,WARNING
49.01,0.84,6.33,FAILURE RISK
35.84,0.21,3.12,NORMAL
47.49,0.27,5.36,WARNING
59.05,0.82,11.16,FAILURE RISK
41.08,0.19,4.25,NORMAL
45.06,0.19,4.51,WARNING
55.2,0.38,11.79,FAILURE RISK
37.59,0.06,3.72,NORMAL
44.5,0.27,4.15,WARNING
45.73,0.95,11.25,FAILURE RISK
36.47,0.21,4.03,NORMAL
42.48,0.24,4.72,WARNING
53.26,0.99,9.82,FAILURE RISK
36.02,0.16,3.28,NORMAL
45.26,0.19,5.68,WARNING
66.82,0.69,11.52,FAILURE RISK
41.24,0.14,3.65,NORMAL
45.08,0.16,5.15,WARNING
62.32,0.65,7.0,FAILURE RISK
36.12,0.12,4.2,NORMAL
40.48,0.26,4.18,WARNING
75.28,0.83,7.46,FAILURE RISK
38.56,0.1,3.9,NORMAL
41.92,0.27,4.3,WARNING
76.78,0.93,10.57,FAILURE RISK
37.55,0.16,4.48,NORMAL
45.49,0.25,5.31,WARNING
87.64,0.74,5.85,FAILURE RISK
36.79,0.12,4.45,NORMAL
43.72,0.27,4.76,WARNING
66.84,0.99,6.97,FAILURE RISK
44.41,0.21,3.62,NORMAL
45.53,0.27,4.67,WARNING
66.09,1.0,5.29,FAILURE RISK
36.67,0.15,4.13,NORMAL
45.7,0.24,4.39,WARNING
77.42,0.32,11.96,FAILURE RISK
43.92,0.05,4.32,NORMAL
42.91,0.27,5.59,WARNING
63.47,0.37,11.53,FAILURE RISK
36.92,0.08,3.41,NORMAL
47.03,0.26,4.09,WARNING
81.59,0.98,6.6,FAILURE RISK
37.93,0.13,3.3,NORMAL
47.38,0.16,5.65,WARNING
59.48,0.43,10.4,FAILURE RISK
44.57,0.13,3.95,NORMAL
45.49,0.26,5.21,WARNING
48.39,0.87,10.25,FAILURE RISK
36.4,0.14,3.05,NORMAL
42.75,0.16,5.26,WARNING
51.1,0.23,8.67,FAILURE RISK
39.42,0.12,4.13,NORMAL
44.58,0.25,4.77,WARNING
51.3,0.92,6.04,FAILURE RISK
42.58,0.21,4.54,NORMAL
47.17,0.22,5.37,WARNING
79.0,0.74,5.07,FAILURE RISK
39.25,0.08,3.93,NORMAL
47.11,0.17,4.55,WARNING
55.36,0.28,4.75,FAILURE RISK
44.79,0.06,3.64,NORMAL
44.55,0.27,5.09,WARNING
77.17,0.63,10.3,FAILURE RISK
36.27,0.17,3.34,NORMAL
40.51,0.17,5.36,WARNING
55.06,0.21,10.72,FAILURE RISK
35.75,0.12,4.12,NORMAL
42.25,0.17,5.61,WARNING
80.02,0.66,9.92,FAILURE RISK
42.8,0.14,4.73,NORMAL
40.96,0.25,4.13,WARNING
46.25,0.25,10.21,FAILURE RISK
37.59,0.18,5.02,NORMAL
42.06,0.25,5.51,WARNING
77.04,0.72,4.72,FAILURE RISK
37.3,0.1,4.56,NORMAL
46.5,0.15,5.25,WARNING
63.66,0.44,10.81,FAILURE RISK
40.62,0.1,4.39,NORMAL
40.22,0.25,5.19,WARNING
73.75,0.65,8.4,FAILURE RISK
39.51,0.08,4.42,NORMAL
45.88,0.25,4.12,WARNING
53.15,0.42,8.61,FAILURE RISK
40.48,0.15,4.2,NORMAL
45.35,0.22,5.08,WARNING
64.78,0.99,9.85,FAILURE RISK
39.8,0.21,4.59,NORMAL
46.25,0.26,5.49,WARNING
88.72,0.69,8.1,FAILURE RISK
40.92,0.08,3.96,NORMAL
43.11,0.2,5.29,WARNING
58.29,0.88,11.89,FAILURE RISK
43.66,0.13,3.14,NORMAL
44.62,0.23,4.66,WARNING
48.83,1.0,8.7,FAILURE RISK
36.79,0.18,4.54,NORMAL
44.81,0.24,5.57,WARNING
77.02,0.32,11.45,FAILURE RISK
35.75,0.12,3.92,NORMAL
40.0,0.22,4.92,WARNING
56.04,0.3,8.24,FAILURE RISK
37.35,0.13,3.52,NORMAL
47.94,0.19,5.69,WARNING
85.21,1.0,11.37,FAILURE RISK
41.74,0.2,3.2,NORMAL
46.69,0.17,4.89,WARNING
49.42,0.99,11.85,FAILURE RISK
40.24,0.11,4.1,NORMAL
41.04,0.21,5.26,WARNING
72.8,0.91,5.75,FAILURE RISK
44.67,0.08,3.03,NORMAL
47.31,0.22,4.08,WARNING
55.14,0.58,5.27,FAILURE RISK
43.36,0.07,4.71,NORMAL
45.99,0.21,5.16,WARNING
56.51,0.57,10.17,FAILURE RISK
35.99,0.11,3.43,NORMAL
40.34,0.26,4.14,WARNING
82.42,0.41,10.31,FAILURE RISK
41.33,0.17,3.38,NORMAL
46.0,0.24,4.08,WARNING
56.65,0.81,7.45,FAILURE RISK
42.95,0.05,4.05,NORMAL
42.45,0.15,5.44,WARNING
84.4,0.62,7.1,FAILURE RISK
36.16,0.1,4.74,NORMAL
46.28,0.24,5.65,WARNING
73.19,0.24,8.28,FAILURE RISK
35.6,0.06,3.85,NORMAL
47.64,0.2,4.26,WARNING
88.41,0.38,4.83,FAILURE RISK
43.31,0.1,3.42,NORMAL
44.35,0.23,4.41,WARNING
60.94,0.96,10.31,FAILURE RISK
44.77,0.13,3.18,NORMAL
45.71,0.24,4.35,WARNING
63.34,0.69,10.82,FAILURE RISK
41.32,0.17,4.73,NORMAL
44.56,0.24,5.31,WARNING
87.7,0.49,9.12,FAILURE RISK
38.58,0.08,3.25,NORMAL
42.34,0.21,5.62,WARNING
80.54,0.43,10.84,FAILURE RISK
39.92,0.13,3.63,NORMAL
46.53,0.17,4.0,WARNING
77.82,0.47,4.59,FAILURE RISK
42.27,0.1,4.45,NORMAL
42.73,0.26,4.94,WARNING
70.17,0.76,8.39,FAILURE RISK
40.54,0.21,4.78,NORMAL
42.54,0.22,4.11,WARNING
82.01,0.62,11.16,FAILURE RISK
40.18,0.12,3.02,NORMAL
47.01,0.16,5.49,WARNING
56.96,0.62,11.55,FAILURE RISK
44.33,0.18,4.2,NORMAL
43.21,0.18,5.34,WARNING
79.86,0.27,8.03,FAILURE RISK
42.27,0.07,4.26,NORMAL
44.6,0.22,5.43,WARNING
89.39,0.4,11.17,FAILURE RISK
44.8,0.12,4.51,NORMAL
46.94,0.19,4.49,WARNING
83.77,0.95,7.42,FAILURE RISK
43.0,0.05,3.45,NORMAL
45.98,0.23,4.39,WARNING
76.05,0.58,7.79,FAILURE RISK
43.99,0.1,4.73,NORMAL
46.6,0.23,4.36,WARNING
63.2,0.23,6.83,FAILURE RISK
40.6,0.09,4.48,NORMAL
42.71,0.23,4.79,WARNING
50.16,0.66,8.01,FAILURE RISK
37.54,0.11,4.58,NORMAL
47.04,0.21,5.36,WARNING
76.3,0.83,10.89,FAILURE RISK
39.88,0.14,3.95,NORMAL
47.45,0.19,5.05,WARNING
54.52,0.71,8.7,FAILURE RISK
44.63,0.13,3.15,NORMAL
43.43,0.25,5.54,WARNING
63.61,0.46,12.0,FAILURE RISK
44.31,0.19,4.64,NORMAL
40.27,0.24,4.39,WARNING
53.01,0.48,8.06,FAILURE RISK
36.75,0.07,4.0,NORMAL
44.53,0.26,5.35,WARNING
79.73,0.64,7.16,FAILURE RISK
42.6,0.13,3.6,NORMAL
46.18,0.22,5.62,WARNING
84.09,0.86,9.59,FAILURE RISK
38.49,0.05,3.01,NORMAL
42.17,0.27,4.2,WARNING
55.42,1.0,6.68,FAILURE RISK
43.26,0.14,4.55,NORMAL
43.07,0.17,5.41,WARNING
66.87,0.81,7.46,FAILURE RISK
42.48,0.11,5.09,NORMAL
44.98,0.25,4.68,WARNING
83.2,1.0,5.74,FAILURE RISK
39.33,0.17,4.58,NORMAL
45.83,0.25,4.81,WARNING
50.67,0.74,8.32,FAILURE RISK
40.17,0.12,3.88,NORMAL
44.79,0.25,5.28,WARNING
54.88,0.73,8.66,FAILURE RISK
40.33,0.12,4.57,NORMAL
43.64,0.19,5.33,WARNING
60.82,0.68,4.64,FAILURE RISK
42.92,0.08,4.37,NORMAL
46.29,0.27,4.14,WARNING
51.86,0.34,5.24,FAILURE RISK
39.32,0.21,5.13,NORMAL
42.35,0.22,4.0,WARNING
62.73,0.58,6.04,FAILURE RISK
36.7,0.14,4.06,NORMAL
45.05,0.15,5.02,WARNING
66.96,0.52,6.63,FAILURE RISK
43.04,0.2,4.23,NORMAL
41.26,0.15,5.46,WARNING
53.35,0.21,6.34,FAILURE RISK
44.93,0.15,3.07,NORMAL
45.76,0.23,4.77,WARNING
61.07,0.92,10.9,FAILURE RISK
43.09,0.12,3.72,NORMAL
43.5,0.25,5.16,WARNING
81.89,0.82,4.67,FAILURE RISK
38.13,0.09,5.0,NORMAL
44.33,0.19,5.27,WARNING
82.63,0.31,8.95,FAILURE RISK
37.36,0.1,4.18,NORMAL
43.74,0.27,5.43,WARNING
86.94,0.98,10.22,FAILURE RISK
41.3,0.18,5.17,NORMAL
40.83,0.23,4.21,WARNING
52.01,0.76,5.72,FAILURE RISK
44.14,0.06,3.58,NORMAL
44.78,0.18,5.56,WARNING
51.9,0.47,11.92,FAILURE RISK
36.24,0.09,3.04,NORMAL
45.31,0.27,4.27,WARNING
88.18,0.46,10.71,FAILURE RISK
35.88,0.16,3.67,NORMAL
41.68,0.22,4.95,WARNING
81.23,0.95,9.26,FAILURE RISK
42.52,0.15,3.85,NORMAL
44.81,0.23,5.18,WARNING
82.0,0.95,9.65,FAILURE RISK
39.98,0.11,3.54,NORMAL
42.97,0.21,5.55,WARNING
51.54,0.99,9.49,FAILURE RISK
38.06,0.06,3.26,NORMAL
46.25,0.26,5.47,WARNING
83.41,0.66,5.37,FAILURE RISK
40.14,0.1,4.0,NORMAL
46.81,0.17,4.21,WARNING
82.85,0.72,9.19,FAILURE RISK
35.98,0.08,4.04,NORMAL
41.59,0.18,5.68,WARNING
88.12,0.64,6.18,FAILURE RISK
41.19,0.14,5.06,NORMAL
40.31,0.27,5.65,WARNING
47.45,0.73,10.28,FAILURE RISK
43.61,0.11,3.48,NORMAL
40.65,0.22,5.34,WARNING
68.57,0.85,11.75,FAILURE RISK
42.5,0.07,4.5,NORMAL
47.35,0.25,4.26,WARNING
69.1,0.62,8.02,FAILURE RISK
35.06,0.07,4.59,NORMAL
40.62,0.25,4.99,WARNING
65.11,0.94,5.82,FAILURE RISK
37.66,0.07,4.07,NORMAL
42.69,0.26,5.33,WARNING
72.66,0.35,5.66,FAILURE RISK
35.76,0.18,4.2,NORMAL
42.32,0.24,4.83,WARNING
56.84,0.9,11.28,FAILURE RISK
35.2,0.16,3.65,NORMAL
45.84,0.18,5.68,WARNING
71.0,0.67,9.38,FAILURE RISK
43.79,0.13,4.01,NORMAL
45.33,0.27,4.9,WARNING
76.86,0.41,10.96,FAILURE RISK
37.6,0.1,4.15,NORMAL
40.44,0.21,5.34,WARNING
68.46,0.34,6.66,FAILURE RISK
40.29,0.08,5.17,NORMAL
46.39,0.23,4.82,WARNING
78.98,0.78,7.6,FAILURE RISK
38.55,0.09,3.97,NORMAL
45.42,0.24,4.14,WARNING
79.35,0.26,6.79,FAILURE RISK
35.9,0.13,3.2,NORMAL
42.88,0.22,5.28,WARNING
48.94,0.91,10.72,FAILURE RISK
39.08,0.2,4.94,NORMAL
46.59,0.17,4.29,WARNING
82.53,0.59,6.2,FAILURE RISK
35.84,0.14,5.05,NORMAL
40.93,0.24,5.41,WARNING
62.12,0.96,9.51,FAILURE RISK
44.9,0.1,3.93,NORMAL
44.68,0.25,5.66,WARNING
49.34,0.44,7.59,FAILURE RISK
40.55,0.09,3.09,NORMAL
44.44,0.25,5.26,WARNING
53.11,0.77,7.23,FAILURE RISK
35.95,0.12,4.29,NORMAL
46.23,0.25,5.49,WARNING
77.26,0.25,9.19,FAILURE RISK
37.01,0.19,3.37,NORMAL
41.95,0.24,4.87,WARNING
75.68,0.35,8.68,FAILURE RISK
43.23,0.06,4.76,NORMAL
43.51,0.22,5.62,WARNING
47.83,0.95,5.37,FAILURE RISK
38.38,0.05,5.05,NORMAL
46.72,0.18,4.22,WARNING
52.28,0.23,9.48,FAILURE RISK
40.6,0.2,4.81,NORMAL
41.52,0.22,4.05,WARNING
45.07,0.76,9.97,FAILURE RISK
39.4,0.21,4.13,NORMAL
45.64,0.18,4.41,WARNING
61.99,0.42,4.82,FAILURE RISK
39.55,0.2,4.96,NORMAL
45.94,0.18,4.63,WARNING
52.07,0.84,6.78,FAILURE RISK
44.69,0.08,3.45,NORMAL
45.97,0.26,4.0,WARNING
76.52,0.65,8.88,FAILURE RISK
37.55,0.18,4.09,NORMAL
42.04,0.19,5.34,WARNING
70.49,0.81,5.81,FAILURE RISK
39.98,0.2,3.74,NORMAL
44.53,0.25,5.03,WARNING
48.19,0.32,8.61,FAILURE RISK
40.7,0.09,5.07,NORMAL
40.12,0.19,5.47,WARNING
88.66,0.98,7.0,FAILURE RISK
41.09,0.07,4.66,NORMAL
42.5,0.26,5.53,WARNING
57.53,0.37,7.47,FAILURE RISK
40.05,0.19,3.46,NORMAL
43.83,0.22,5.24,WARNING
54.31,0.24,7.28,FAILURE RISK
39.54,0.09,4.2,NORMAL
45.37,0.21,4.04,WARNING
54.95,0.33,5.54,FAILURE RISK
44.34,0.17,3.74,NORMAL
43.91,0.2,5.34,WARNING
60.52,0.35,10.49,FAILURE RISK
44.15,0.16,4.93,NORMAL
41.54,0.23,5.41,WARNING
58.36,0.57,5.06,FAILURE RISK
36.92,0.16,3.27,NORMAL
47.08,0.16,5.2,WARNING
62.23,0.97,6.97,FAILURE RISK
40.94,0.17,3.29,NORMAL
47.61,0.21,5.03,WARNING
78.2,0.99,9.14,FAILURE RISK
36.89,0.14,4.66,NORMAL
41.9,0.16,5.2,WARNING
57.89,0.46,10.95,FAILURE RISK
38.9,0.11,4.35,NORMAL
44.56,0.23,5.54,WARNING
48.2,0.39,9.47,FAILURE RISK
38.89,0.07,4.26,NORMAL
45.54,0.22,5.25,WARNING
46.89,0.76,5.71,FAILURE RISK
37.72,0.18,3.68,NORMAL
47.69,0.18,5.07,WARNING
46.12,0.43,10.27,FAILURE RISK
42.14,0.2,3.57,NORMAL
42.63,0.23,5.05,WARNING
70.66,0.36,8.05,FAILURE RISK
35.87,0.18,4.96,NORMAL
46.61,0.26,5.5,WARNING
68.14,0.26,11.43,FAILURE RISK
40.67,0.06,4.03,NORMAL
45.4,0.25,5.68,WARNING
84.42,0.4,8.24,FAILURE RISK
43.74,0.08,3.92,NORMAL
47.78,0.25,5.26,WARNING
50.06,0.72,6.37,FAILURE RISK
39.41,0.07,4.88,NORMAL
40.42,0.26,4.8,WARNING
75.5,0.67,6.34,FAILURE RISK
42.83,0.21,3.8,NORMAL
45.29,0.17,4.86,WARNING
74.88,0.26,5.63,FAILURE RISK
44.54,0.11,3.52,NORMAL
47.68,0.25,4.62,WARNING
84.3,0.68,5.49,FAILURE RISK
43.25,0.12,3.36,NORMAL
43.11,0.24,4.29,WARNING
80.81,0.81,11.34,FAILURE RISK
40.57,0.15,3.73,NORMAL
46.87,0.25,5.62,WARNING
69.85,0.56,5.87,FAILURE RISK
44.4,0.1,4.3,NORMAL
47.33,0.22,4.64,WARNING
86.31,0.34,8.58,FAILURE RISK
37.15,0.21,4.08,NORMAL
40.07,0.25,5.37,WARNING
69.6,0.87,7.68,FAILURE RISK
37.61,0.13,5.01,NORMAL
40.53,0.19,5.59,WARNING
57.11,0.85,8.27,FAILURE RISK
37.55,0.08,4.08,NORMAL
43.72,0.18,5.58,WARNING
69.47,0.54,10.25,FAILURE RISK
41.97,0.09,3.43,NORMAL
40.22,0.25,4.02,WARNING
81.79,1.0,9.3,FAILURE RISK
41.33,0.11,3.11,NORMAL
45.43,0.18,5.64,WARNING
69.06,0.57,11.33,FAILURE RISK
40.84,0.15,4.34,NORMAL
42.63,0.23,4.4,WARNING
84.46,0.7,10.28,FAILURE RISK
40.55,0.21,3.14,NORMAL
44.18,0.23,5.64,WARNING
79.38,0.97,9.48,FAILURE RISK
40.79,0.15,3.84,NORMAL
46.55,0.18,4.48,WARNING
55.35,0.74,5.48,FAILURE RISK
38.35,0.14,3.62,NORMAL
47.14,0.26,5.16,WARNING
83.61,0.92,10.16,FAILURE RISK
43.51,0.1,4.57,NORMAL
47.28,0.16,5.1,WARNING
83.38,0.92,8.54,FAILURE RISK
41.92,0.09,4.62,NORMAL
47.01,0.22,4.85,WARNING
82.59,0.98,10.03,FAILURE RISK
39.25,0.17,4.48,NORMAL
47.28,0.24,5.17,WARNING
72.62,0.68,7.31,FAILURE RISK
35.46,0.08,4.76,NORMAL
45.6,0.23,5.64,WARNING
68.41,0.74,11.58,FAILURE RISK
43.03,0.09,4.34,NORMAL
46.27,0.27,4.77,WARNING
67.24,0.9,10.85,FAILURE RISK
38.27,0.15,3.56,NORMAL
47.25,0.23,4.64,WARNING
50.65,0.48,8.38,FAILURE RISK
37.53,0.11,4.46,NORMAL
44.05,0.19,5.38,WARNING
69.07,0.24,7.12,FAILURE RISK
37.31,0.08,4.39,NORMAL
40.96,0.27,5.57,WARNING
73.35,0.48,8.77,FAILURE RISK
41.6,0.12,4.56,NORMAL
46.27,0.2,4.1,WARNING
83.67,0.47,6.32,FAILURE RISK
43.66,0.15,3.65,NORMAL
45.12,0.27,5.06,WARNING
52.77,0.46,5.48,FAILURE RISK
36.17,0.12,4.84,NORMAL
42.59,0.22,4.73,WARNING
71.08,0.72,6.58,FAILURE RISK
43.29,0.14,4.45,NORMAL
42.67,0.24,4.61,WARNING
75.92,0.81,11.25,FAILURE RISK
44.57,0.13,4.16,NORMAL
41.51,0.17,5.21,WARNING
63.83,0.86,7.32,FAILURE RISK
37.61,0.07,3.23,NORMAL
43.16,0.21,5.44,WARNING
82.88,0.26,7.03,FAILURE RISK
35.89,0.15,4.81,NORMAL
41.89,0.22,5.61,WARNING
89.39,0.97,8.31,FAILURE RISK
35.55,0.05,3.69,NORMAL
45.66,0.23,5.38,WARNING
65.08,0.57,10.85,FAILURE RISK
37.1,0.15,3.63,NORMAL
40.54,0.21,5.32,WARNING
50.13,0.48,9.18,FAILURE RISK
35.43,0.13,4.81,NORMAL
43.11,0.22,5.39,WARNING
71.53,0.93,6.15,FAILURE RISK
36.45,0.07,4.81,NORMAL
44.76,0.24,5.2,WARNING
81.28,0.44,11.76,FAILURE RISK
40.89,0.12,4.06,NORMAL
44.73,0.27,4.41,WARNING
53.76,0.55,5.33,FAILURE RISK
39.51,0.06,3.47,NORMAL
44.72,0.17,5.58,WARNING
46.83,0.6,8.9,FAILURE RISK
43.63,0.07,3.86,NORMAL
46.43,0.26,5.38,WARNING
69.87,0.45,10.3,FAILURE RISK
38.78,0.05,5.14,NORMAL
47.47,0.26,4.64,WARNING
50.77,0.36,5.78,FAILURE RISK
42.4,0.09,3.94,NORMAL
42.97,0.16,5.57,WARNING
80.48,0.83,7.16,FAILURE RISK
37.52,0.13,4.98,NORMAL
45.93,0.26,5.37,WARNING
81.1,0.88,7.57,FAILURE RISK
43.03,0.1,3.84,NORMAL
46.67,0.22,4.71,WARNING
73.22,0.51,8.01,FAILURE RISK
39.67,0.08,4.9,NORMAL
46.8,0.16,5.61,WARNING
58.78,0.89,6.25,FAILURE RISK
35.85,0.19,4.97,NORMAL
40.43,0.27,5.65,WARNING
85.14,0.76,9.16,FAILURE RISK
36.19,0.14,3.57,NORMAL
41.89,0.26,5.62,WARNING
47.46,0.33,6.57,FAILURE RISK
36.46,0.19,4.54,NORMAL
46.91,0.17,5.31,WARNING
68.01,0.89,9.69,FAILURE RISK
39.66,0.19,4.31,NORMAL
46.63,0.24,4.73,WARNING
63.69,0.58,6.4,FAILURE RISK
37.28,0.15,3.58,NORMAL
47.62,0.17,4.41,WARNING
71.76,0.67,11.87,FAILURE RISK
44.19,0.08,5.04,NORMAL
45.69,0.23,5.61,WARNING
76.63,0.25,8.62,FAILURE RISK
37.72,0.13,3.58,NORMAL
47.41,0.27,4.44,WARNING
62.14,0.35,5.76,FAILURE RISK
44.95,0.11,3.81,NORMAL
46.76,0.23,4.54,WARNING
59.39,0.93,11.01,FAILURE RISK
36.0,0.08,3.73,NORMAL
41.17,0.23,4.51,WARNING
77.88,0.72,9.14,FAILURE RISK
39.78,0.18,4.91,NORMAL
42.84,0.27,5.13,WARNING
70.13,0.55,10.99,FAILURE RISK
38.86,0.1,4.44,NORMAL
46.81,0.23,4.03,WARNING
51.22,0.63,8.71,FAILURE RISK
40.86,0.16,4.99,NORMAL
45.04,0.24,5.6,WARNING
63.05,0.3,4.93,FAILURE RISK
38.42,0.05,4.73,NORMAL
41.87,0.26,4.61,WARNING
57.64,0.22,11.05,FAILURE RISK
39.1,0.06,4.04,NORMAL
46.81,0.24,4.47,WARNING
52.59,0.8,6.18,FAILURE RISK
40.28,0.1,5.06,NORMAL
44.84,0.22,4.42,WARNING
87.67,0.65,7.62,FAILURE RISK
41.84,0.14,4.7,NORMAL
43.47,0.24,4.76,WARNING
52.09,0.81,11.75,FAILURE RISK
39.17,0.1,3.02,NORMAL
47.78,0.25,4.57,WARNING
76.88,0.33,4.7,FAILURE RISK
42.44,0.14,3.08,NORMAL
47.64,0.22,4.82,WARNING
60.05,0.35,8.25,FAILURE RISK
39.75,0.09,3.6,NORMAL
40.4,0.26,4.32,WARNING
58.59,0.26,10.97,FAILURE RISK
43.76,0.21,3.95,NORMAL
45.72,0.23,5.07,WARNING
64.55,0.64,7.53,FAILURE RISK
43.72,0.13,3.42,NORMAL
46.35,0.19,4.14,WARNING
80.11,0.26,7.53,FAILURE RISK
44.6,0.16,3.58,NORMAL
46.74,0.16,4.81,WARNING
89.53,0.67,9.42,FAILURE RISK
43.53,0.2,3.77,NORMAL
41.78,0.24,5.0,WARNING
55.06,0.39,6.07,FAILURE RISK
37.63,0.08,3.87,NORMAL
47.83,0.26,5.54,WARNING
69.44,0.64,6.23,FAILURE RISK
40.76,0.12,3.48,NORMAL
47.09,0.18,5.14,WARNING
87.57,0.21,5.88,FAILURE RISK
41.62,0.07,3.22,NORMAL
47.0,0.24,5.63,WARNING
67.47,0.62,8.81,FAILURE RISK
41.51,0.15,3.38,NORMAL
42.08,0.23,5.38,WARNING
68.28,0.23,6.45,FAILURE RISK
36.28,0.09,5.03,NORMAL
40.64,0.22,4.83,WARNING
82.33,0.9,8.96,FAILURE RISK
36.87,0.19,3.23,NORMAL
47.98,0.27,4.67,WARNING
86.51,0.95,4.63,FAILURE RISK
38.35,0.09,3.02,NORMAL
47.11,0.27,5.36,WARNING
45.34,0.81,10.0,FAILURE RISK
43.54,0.05,3.46,NORMAL
47.06,0.23,4.71,WARNING
66.62,0.25,7.1,FAILURE RISK
35.65,0.14,4.12,NORMAL
40.98,0.25,4.63,WARNING
59.76,0.21,8.03,FAILURE RISK
37.98,0.09,5.15,NORMAL
47.56,0.21,5.53,WARNING
45.41,0.47,10.77,FAILURE RISK
36.19,0.13,4.09,NORMAL
46.85,0.26,5.03,WARNING
81.69,0.89,11.69,FAILURE RISK
42.6,0.07,4.88,NORMAL
40.62,0.25,5.6,WARNING
57.68,0.91,11.52,FAILURE RISK
35.28,0.17,3.77,NORMAL
43.44,0.24,4.24,WARNING
66.62,0.64,8.34,FAILURE RISK
41.76,0.14,5.04,NORMAL
44.58,0.23,4.54,WARNING
86.29,0.84,10.55,FAILURE RISK
40.84,0.21,4.5,NORMAL
43.27,0.27,4.74,WARNING
72.67,0.42,7.6,FAILURE RISK
43.23,0.2,4.6,NORMAL
44.97,0.25,4.01,WARNING
62.83,0.99,12.0,FAILURE RISK
38.42,0.11,3.31,NORMAL
44.07,0.27,4.25,WARNING
65.43,0.61,10.01,FAILURE RISK
43.58,0.19,3.49,NORMAL
43.7,0.27,5.13,WARNING
47.6,0.7,5.35,FAILURE RISK
41.81,0.05,4.6,NORMAL
42.61,0.2,5.62,WARNING
85.85,0.76,11.76,FAILURE RISK
42.48,0.15,4.7,NORMAL
45.16,0.15,5.26,WARNING
86.25,0.97,6.46,FAILURE RISK
42.66,0.2,3.76,NORMAL
42.32,0.24,5.49,WARNING
60.24,0.77,9.35,FAILURE RISK
39.06,0.13,3.32,NORMAL
46.33,0.27,4.49,WARNING
80.36,0.98,10.03,FAILURE RISK
41.34,0.08,4.43,NORMAL
46.81,0.21,5.05,WARNING
59.5,0.31,5.53,FAILURE RISK
37.35,0.21,3.91,NORMAL
47.52,0.15,4.38,WARNING
65.6,0.89,5.8,FAILURE RISK
38.47,0.07,3.7,NORMAL
43.9,0.16,5.26,WARNING
50.41,0.42,4.9,FAILURE RISK
37.64,0.09,3.27,NORMAL
47.61,0.27,5.04,WARNING
53.81,0.4,4.75,FAILURE RISK
44.14,0.15,3.2,NORMAL
44.98,0.24,4.63,WARNING
56.72,0.54,8.2,FAILURE RISK
39.54,0.18,4.37,NORMAL
46.49,0.25,5.2,WARNING
62.64,0.65,8.91,FAILURE RISK
43.93,0.21,4.45,NORMAL
46.7,0.16,5.17,WARNING
58.94,0.72,8.34,FAILURE RISK
35.83,0.18,4.3,NORMAL
47.98,0.21,5.19,WARNING
60.08,0.93,11.69,FAILURE RISK
35.06,0.17,3.79,NORMAL
44.85,0.27,4.09,WARNING
46.93,0.54,8.92,FAILURE RISK
39.68,0.12,4.23,NORMAL
45.98,0.25,5.24,WARNING
62.25,0.45,9.97,FAILURE RISK
43.99,0.12,4.48,NORMAL
42.76,0.23,5.64,WARNING
49.6,0.96,9.84,FAILURE RISK
39.58,0.08,4.22,NORMAL
47.14,0.16,5.29,WARNING
45.71,0.44,10.03,FAILURE RISK
36.21,0.07,4.55,NORMAL
42.44,0.17,5.69,WARNING
83.03,0.61,6.84,FAILURE RISK
42.46,0.08,4.19,NORMAL
42.3,0.26,5.36,WARNING
57.33,0.68,10.76,FAILURE RISK
39.79,0.13,5.08,NORMAL
46.85,0.18,5.29,WARNING
70.22,0.38,8.55,FAILURE RISK
41.5,0.16,5.04,NORMAL
42.02,0.23,4.53,WARNING
80.07,0.52,9.75,FAILURE RISK
43.56,0.06,3.48,NORMAL
40.82,0.2,5.6,WARNING
87.31,0.85,9.98,FAILURE RISK
37.33,0.08,4.96,NORMAL
42.27,0.22,5.06,WARNING
82.63,0.96,10.86,FAILURE RISK
42.29,0.19,3.22,NORMAL
46.99,0.23,5.51,WARNING
83.53,0.5,10.48,FAILURE RISK
39.49,0.19,3.81,NORMAL
47.93,0.18,5.09,WARNING
60.61,0.21,6.24,FAILURE RISK
40.53,0.12,3.94,NORMAL
40.31,0.21,5.59,WARNING
49.49,0.41,10.98,FAILURE RISK
42.8,0.1,3.72,NORMAL
45.74,0.19,5.39,WARNING
62.88,0.45,7.56,FAILURE RISK
43.18,0.1,3.9,NORMAL
47.32,0.27,5.38,WARNING
48.51,0.91,10.31,FAILURE RISK
37.15,0.11,3.5,NORMAL
45.3,0.16,4.1,WARNING
50.27,0.61,10.44,FAILURE RISK
36.18,0.06,4.33,NORMAL
47.95,0.19,4.99,WARNING
66.93,0.34,6.56,FAILURE RISK
44.34,0.05,3.37,NORMAL
44.65,0.27,4.86,WARNING
61.82,0.81,10.92,FAILURE RISK
44.36,0.1,4.94,NORMAL
46.76,0.23,5.22,WARNING
74.64,0.71,11.27,FAILURE RISK
35.7,0.08,3.41,NORMAL
45.08,0.19,4.52,WARNING
79.17,0.23,6.84,FAILURE RISK
36.41,0.09,4.94,NORMAL
46.78,0.17,4.37,WARNING
72.42,0.32,7.19,FAILURE RISK
37.75,0.18,4.87,NORMAL
46.63,0.26,4.44,WARNING
68.91,0.56,7.66,FAILURE RISK
37.55,0.18,4.1,NORMAL
47.98,0.16,5.09,WARNING
80.17,0.76,4.81,FAILURE RISK
41.34,0.13,4.23,NORMAL
44.25,0.24,4.37,WARNING
61.24,0.35,6.97,FAILURE RISK
39.08,0.19,3.84,NORMAL
46.62,0.22,4.25,WARNING
57.92,0.26,10.59,FAILURE RISK
40.15,0.08,3.75,NORMAL
45.59,0.26,4.13,WARNING
49.09,0.65,9.54,FAILURE RISK
37.21,0.08,4.6,NORMAL
47.95,0.27,4.49,WARNING
64.78,0.97,9.79,FAILURE RISK
37.45,0.18,4.36,NORMAL
42.9,0.18,5.61,WARNING
46.64,0.32,9.23,FAILURE RISK
41.39,0.16,4.41,NORMAL
44.47,0.25,4.44,WARNING
65.22,0.55,10.56,FAILURE RISK
40.96,0.19,4.54,NORMAL
46.52,0.27,4.21,WARNING
79.3,0.77,4.78,FAILURE RISK
44.45,0.2,4.75,NORMAL
42.11,0.24,4.66,WARNING
74.93,0.75,9.03,FAILURE RISK
36.72,0.1,5.03,NORMAL
42.75,0.22,4.39,WARNING
69.77,0.64,9.53,FAILURE RISK
41.96,0.18,4.61,NORMAL
46.67,0.15,5.15,WARNING
75.25,0.85,9.59,FAILURE RISK
40.15,0.15,4.07,NORMAL
45.36,0.2,4.81,WARNING
86.11,0.95,6.75,FAILURE RISK
35.01,0.06,3.99,NORMAL
45.95,0.21,5.32,WARNING
65.93,0.73,10.73,FAILURE RISK
44.04,0.15,5.02,NORMAL
43.1,0.23,4.27,WARNING
58.41,0.96,4.79,FAILURE RISK
42.55,0.18,3.92,NORMAL
44.54,0.22,4.83,WARNING
56.72,0.64,11.76,FAILURE RISK
42.07,0.16,3.15,NORMAL
46.28,0.24,5.35,WARNING
79.82,0.94,5.68,FAILURE RISK
42.03,0.21,3.38,NORMAL
47.2,0.15,4.25,WARNING
80.11,0.55,5.55,FAILURE RISK
39.29,0.1,3.36,NORMAL
44.55,0.18,5.6,WARNING
85.86,0.25,6.79,FAILURE RISK
36.09,0.15,4.32,NORMAL
46.41,0.26,4.39,WARNING
69.58,0.75,10.04,FAILURE RISK
41.07,0.17,3.93,NORMAL
40.62,0.21,5.44,WARNING
63.06,0.35,9.81,FAILURE RISK
41.12,0.14,4.05,NORMAL
43.94,0.22,5.47,WARNING
57.02,0.66,9.48,FAILURE RISK
37.27,0.2,3.34,NORMAL
40.3,0.24,4.55,WARNING
45.3,0.68,8.9,FAILURE RISK
39.21,0.19,3.24,NORMAL
45.87,0.2,5.04,WARNING
75.61,0.36,10.71,FAILURE RISK
39.03,0.07,4.52,NORMAL
45.22,0.25,5.07,WARNING
60.8,0.64,6.42,FAILURE RISK
36.18,0.21,4.03,NORMAL
41.05,0.18,5.38,WARNING
58.48,0.35,8.59,FAILURE RISK
39.59,0.14,4.25,NORMAL
46.95,0.15,4.48,WARNING
58.96,0.96,4.97,FAILURE RISK
43.67,0.17,4.26,NORMAL
44.19,0.2,5.27,WARNING
47.38,0.39,7.18,FAILURE RISK
36.29,0.14,4.97,NORMAL
41.5,0.26,5.28,WARNING
64.42,0.88,9.27,FAILURE RISK
35.02,0.06,3.5,NORMAL
44.9,0.24,4.62,WARNING
55.58,0.81,9.86,FAILURE RISK
35.05,0.15,4.87,NORMAL
41.26,0.25,4.74,WARNING
80.62,0.92,11.13,FAILURE RISK
40.72,0.21,4.3,NORMAL
44.28,0.22,5.62,WARNING
86.02,0.91,8.41,FAILURE RISK
38.37,0.05,3.25,NORMAL
40.45,0.22,4.12,WARNING
79.7,0.45,10.47,FAILURE RISK
40.07,0.07,3.22,NORMAL
46.43,0.21,4.62,WARNING
84.95,0.79,10.94,FAILURE RISK
44.72,0.2,4.3,NORMAL
47.97,0.17,5.18,WARNING
75.28,0.98,7.93,FAILURE RISK
44.02,0.06,4.02,NORMAL
47.61,0.21,4.86,WARNING
62.23,0.44,7.33,FAILURE RISK
41.57,0.19,3.5,NORMAL
47.04,0.2,4.44,WARNING
61.96,0.37,5.7,FAILURE RISK
44.18,0.19,3.9,NORMAL
47.05,0.27,4.09,WARNING
76.82,0.46,6.84,FAILURE RISK
40.86,0.18,4.8,NORMAL
41.15,0.15,5.53,WARNING
87.85,0.41,6.4,FAILURE RISK
37.98,0.15,3.08,NORMAL
43.93,0.26,4.02,WARNING
57.19,0.77,6.72,FAILURE RISK
38.96,0.09,4.45,NORMAL
42.3,0.25,4.31,WARNING
66.23,0.84,7.35,FAILURE RISK
41.04,0.09,4.41,NORMAL
46.0,0.25,4.6,WARNING
67.1,0.24,6.88,FAILURE RISK
40.02,0.05,4.43,NORMAL
47.56,0.24,5.6,WARNING
80.52,0.51,5.7,FAILURE RISK
43.14,0.2,4.98,NORMAL
47.75,0.2,4.13,WARNING
47.94,0.59,11.96,FAILURE RISK
43.14,0.09,3.38,NORMAL
41.41,0.26,4.17,WARNING
59.32,0.8,10.34,FAILURE RISK
41.61,0.16,4.23,NORMAL
45.24,0.23,4.51,WARNING
62.51,0.75,11.93,FAILURE RISK
40.64,0.19,3.67,NORMAL
46.2,0.27,4.01,WARNING
80.27,0.58,6.43,FAILURE RISK
36.94,0.08,3.29,NORMAL
42.99,0.18,5.35,WARNING
45.04,0.6,11.95,FAILURE RISK
38.93,0.06,3.21,NORMAL
45.27,0.18,4.81,WARNING
50.75,0.86,7.86,FAILURE RISK
37.55,0.14,4.84,NORMAL
47.46,0.26,5.05,WARNING
57.86,0.56,6.69,FAILURE RISK
44.81,0.08,4.85,NORMAL
41.64,0.18,5.45,WARNING
88.81,0.32,10.46,FAILURE RISK
44.55,0.07,4.34,NORMAL
46.03,0.24,5.11,WARNING
50.76,0.27,9.53,FAILURE RISK
37.7,0.13,4.54,NORMAL
40.34,0.16,5.54,WARNING
47.51,0.8,5.85,FAILURE RISK
40.49,0.06,4.02,NORMAL
46.18,0.18,4.63,WARNING
45.47,0.26,7.79,FAILURE RISK
44.92,0.15,4.25,NORMAL
46.68,0.18,5.33,WARNING
50.94,0.57,5.16,FAILURE RISK
40.42,0.16,3.95,NORMAL
45.83,0.2,5.22,WARNING
54.51,0.2,8.37,FAILURE RISK
37.38,0.14,4.04,NORMAL
40.44,0.16,5.48,WARNING
85.5,0.36,8.12,FAILURE RISK
38.22,0.05,3.02,NORMAL
44.61,0.27,5.03,WARNING
65.51,0.7,8.58,FAILURE RISK
38.1,0.19,4.4,NORMAL
47.83,0.16,4.11,WARNING
72.53,0.26,11.41,FAILURE RISK
43.4,0.08,3.27,NORMAL
45.67,0.25,5.46,WARNING
76.59,0.93,10.67,FAILURE RISK
39.34,0.17,3.09,NORMAL
46.36,0.16,4.01,WARNING
87.4,0.23,9.54,FAILURE RISK
44.41,0.16,3.19,NORMAL
45.25,0.17,4.35,WARNING
82.98,0.98,11.04,FAILURE RISK
44.91,0.14,4.65,NORMAL
45.12,0.2,4.35,WARNING
51.87,0.32,7.5,FAILURE RISK
36.52,0.05,3.06,NORMAL
46.53,0.2,4.88,WARNING
57.48,0.96,6.41,FAILURE RISK
43.24,0.1,3.88,NORMAL
44.15,0.24,5.04,WARNING
79.97,0.79,7.44,FAILURE RISK
42.93,0.17,5.01,NORMAL
42.62,0.2,5.58,WARNING
57.58,0.56,10.05,FAILURE RISK
44.23,0.2,4.5,NORMAL
46.33,0.24,5.0,WARNING
89.43,0.31,11.96,FAILURE RISK
42.04,0.07,3.81,NORMAL
41.28,0.21,5.35,WARNING
66.42,0.56,11.51,FAILURE RISK
38.98,0.12,3.55,NORMAL
41.24,0.17,5.66,WARNING
54.1,0.47,8.59,FAILURE RISK
41.05,0.18,4.65,NORMAL
41.7,0.18,5.4,WARNING
56.23,0.75,9.2,FAILURE RISK
44.44,0.11,3.64,NORMAL
45.25,0.18,5.54,WARNING
50.68,0.79,4.77,FAILURE RISK
40.6,0.13,3.41,NORMAL
43.84,0.23,5.14,WARNING
77.66,0.29,7.13,FAILURE RISK
40.62,0.14,5.18,NORMAL
44.4,0.26,5.6,WARNING
78.98,0.54,6.16,FAILURE RISK
37.32,0.11,3.53,NORMAL
43.03,0.25,5.33,WARNING
77.13,0.77,5.22,FAILURE RISK
42.94,0.12,4.58,NORMAL
43.64,0.25,4.33,WARNING
70.62,0.91,7.92,FAILURE RISK
36.19,0.16,3.84,NORMAL
47.05,0.19,5.59,WARNING
70.24,0.48,7.33,FAILURE RISK
41.95,0.06,3.61,NORMAL
40.04,0.23,4.72,WARNING
50.76,0.28,7.84,FAILURE RISK
44.67,0.21,4.04,NORMAL
43.79,0.25,4.14,WARNING
67.27,0.52,8.15,FAILURE RISK
36.39,0.05,4.8,NORMAL
45.82,0.21,4.89,WARNING
80.76,0.65,5.78,FAILURE RISK
35.33,0.08,5.04,NORMAL
45.68,0.21,4.96,WARNING
70.22,0.53,6.15,FAILURE RISK
43.95,0.07,5.12,NORMAL
40.71,0.23,4.26,WARNING
81.93,0.79,5.68,FAILURE RISK
42.33,0.17,4.34,NORMAL
42.8,0.27,5.11,WARNING
60.43,0.23,8.18,FAILURE RISK
43.12,0.2,5.08,NORMAL
46.46,0.18,4.06,WARNING
73.69,0.64,11.07,FAILURE RISK
37.33,0.18,3.71,NORMAL
47.56,0.21,4.51,WARNING
83.37,0.34,5.58,FAILURE RISK
40.99,0.2,4.25,NORMAL
45.94,0.15,5.13,WARNING
64.06,0.26,6.42,FAILURE RISK
40.26,0.07,4.5,NORMAL
40.98,0.27,5.44,WARNING
79.25,0.24,11.5,FAILURE RISK
41.34,0.05,4.55,NORMAL
43.27,0.27,5.59,WARNING
63.73,0.93,11.46,FAILURE RISK
43.19,0.06,3.71,NORMAL
41.75,0.26,5.41,WARNING
45.32,0.62,6.91,FAILURE RISK
41.92,0.17,4.8,NORMAL
47.86,0.24,5.51,WARNING
64.04,0.36,7.95,FAILURE RISK
38.35,0.13,3.41,NORMAL
43.92,0.26,5.45,WARNING
62.79,0.73,8.3,FAILURE RISK
35.32,0.19,3.32,NORMAL
43.36,0.26,4.47,WARNING
59.34,0.74,10.34,FAILURE RISK
44.99,0.2,3.73,NORMAL
43.4,0.22,5.4,WARNING
68.09,0.92,9.07,FAILURE RISK
36.27,0.17,3.61,NORMAL
46.43,0.27,5.48,WARNING
47.69,0.9,11.52,FAILURE RISK
40.73,0.1,4.86,NORMAL
44.71,0.24,4.15,WARNING
61.67,0.24,9.22,FAILURE RISK
39.41,0.15,3.84,NORMAL
47.04,0.19,4.73,WARNING
63.86,0.91,8.57,FAILURE RISK
36.56,0.14,4.21,NORMAL
40.56,0.23,5.11,WARNING
84.49,0.91,5.37,FAILURE RISK
39.63,0.08,3.82,NORMAL
47.64,0.17,5.19,WARNING
75.54,1.0,7.56,FAILURE RISK
44.36,0.2,3.02,NORMAL
40.27,0.27,5.06,WARNING
81.56,0.89,10.09,FAILURE RISK
40.05,0.1,4.91,NORMAL
44.63,0.16,5.41,WARNING
76.45,0.86,7.29,FAILURE RISK
41.67,0.06,3.49,NORMAL
46.77,0.18,4.98,WARNING
89.75,0.9,5.91,FAILURE RISK
42.27,0.19,4.5,NORMAL
43.32,0.27,4.86,WARNING
56.91,0.8,6.51,FAILURE RISK
35.39,0.12,4.8,NORMAL
43.6,0.24,5.44,WARNING
47.39,0.65,10.09,FAILURE RISK
39.5,0.14,3.55,NORMAL
40.18,0.17,5.44,WARNING
47.02,0.62,6.98,FAILURE RISK
37.42,0.1,5.19,NORMAL
46.31,0.21,5.54,WARNING
80.42,0.34,8.55,FAILURE RISK
36.05,0.16,4.14,NORMAL
46.97,0.26,5.0,WARNING
82.25,0.89,10.35,FAILURE RISK
43.36,0.16,4.04,NORMAL
45.18,0.26,4.3,WARNING
51.51,0.99,9.88,FAILURE RISK
39.83,0.11,3.26,NORMAL
45.93,0.24,5.54,WARNING
74.58,0.65,4.63,FAILURE RISK
39.34,0.1,3.79,NORMAL
43.8,0.17,5.21,WARNING
53.02,0.95,6.48,FAILURE RISK
39.77,0.1,3.38,NORMAL
45.42,0.23,5.37,WARNING
75.52,0.86,8.64,FAILURE RISK
41.16,0.13,4.26,NORMAL
40.88,0.24,4.75,WARNING
70.57,0.39,8.17,FAILURE RISK
42.91,0.17,3.63,NORMAL
42.66,0.24,4.57,WARNING
68.63,0.9,4.52,FAILURE RISK
39.03,0.1,5.12,NORMAL
46.21,0.17,4.88,WARNING
51.03,0.38,4.83,FAILURE RISK
37.47,0.21,5.1,NORMAL
45.48,0.22,5.12,WARNING
62.7,0.56,8.47,FAILURE RISK
43.46,0.09,4.7,NORMAL
46.28,0.16,5.41,WARNING
62.74,0.31,7.68,FAILURE RISK
41.8,0.15,3.01,NORMAL
41.37,0.2,5.63,WARNING
70.5,0.39,5.32,FAILURE RISK
37.9,0.18,4.9,NORMAL
43.75,0.26,5.04,WARNING
77.12,0.56,9.63,FAILURE RISK
37.84,0.06,4.55,NORMAL
45.22,0.19,5.09,WARNING
62.0,0.37,4.57,FAILURE RISK
43.5,0.16,5.15,NORMAL
44.79,0.23,4.04,WARNING
46.83,0.46,9.6,FAILURE RISK
40.46,0.15,3.84,NORMAL
43.94,0.23,4.24,WARNING
72.17,0.66,7.91,FAILURE RISK
39.91,0.16,5.1,NORMAL
46.57,0.16,5.34,WARNING
64.83,0.37,7.2,FAILURE RISK
40.82,0.12,4.23,NORMAL
40.62,0.27,5.53,WARNING
46.28,0.85,10.52,FAILURE RISK
44.22,0.1,3.23,NORMAL
45.47,0.18,4.82,WARNING
84.28,0.31,8.45,FAILURE RISK
43.06,0.12,4.99,NORMAL
44.48,0.23,4.77,WARNING
59.51,0.65,4.81,FAILURE RISK
38.08,0.18,4.27,NORMAL
44.09,0.27,4.15,WARNING
58.53,0.77,4.93,FAILURE RISK
38.16,0.19,4.24,NORMAL
43.41,0.24,4.93,WARNING
53.13,0.59,10.75,FAILURE RISK
44.96,0.16,4.05,NORMAL
40.65,0.23,4.63,WARNING
80.67,0.69,7.54,FAILURE RISK
35.6,0.16,3.02,NORMAL
46.53,0.23,5.35,WARNING
75.42,0.99,4.95,FAILURE RISK
37.98,0.12,3.92,NORMAL
43.96,0.16,5.58,WARNING
58.88,0.43,9.12,FAILURE RISK
40.5,0.05,4.05,NORMAL
46.11,0.21,4.59,WARNING
55.72,0.64,8.71,FAILURE RISK
42.79,0.12,5.19,NORMAL
47.86,0.27,5.23,WARNING
67.17,0.89,6.02,FAILURE RISK
42.36,0.14,4.8,NORMAL
45.22,0.18,4.11,WARNING
86.61,0.25,10.38,FAILURE RISK
38.4,0.14,3.52,NORMAL
46.6,0.24,4.67,WARNING
45.02,0.76,10.19,FAILURE RISK
44.24,0.12,4.51,NORMAL
40.26,0.18,5.6,WARNING
75.42,0.48,5.93,FAILURE RISK
44.78,0.21,4.77,NORMAL
41.2,0.19,5.45,WARNING
72.72,0.24,8.53,FAILURE RISK
39.18,0.13,4.05,NORMAL
46.55,0.21,5.19,WARNING
50.57,0.26,4.87,FAILURE RISK
42.61,0.13,4.74,NORMAL
44.22,0.24,5.32,WARNING
70.32,0.37,4.61,FAILURE RISK
43.91,0.1,4.45,NORMAL
45.03,0.25,4.8,WARNING
67.25,0.69,10.39,FAILURE RISK
35.24,0.14,4.35,NORMAL
46.1,0.27,5.19,WARNING
77.41,0.35,5.17,FAILURE RISK
41.8,0.12,4.71,NORMAL
45.36,0.17,4.74,WARNING
60.53,0.28,6.38,FAILURE RISK
38.81,0.2,3.89,NORMAL
47.1,0.22,5.41,WARNING
72.1,0.83,8.89,FAILURE RISK
37.98,0.05,4.05,NORMAL
47.24,0.23,4.73,WARNING
55.12,0.95,10.31,FAILURE RISK
43.32,0.1,3.82,NORMAL
44.29,0.25,4.32,WARNING
76.87,0.36,10.65,FAILURE RISK
41.4,0.21,3.67,NORMAL
44.48,0.24,4.98,WARNING
58.57,0.69,8.63,FAILURE RISK
35.1,0.19,5.19,NORMAL
44.46,0.26,4.86,WARNING
59.53,0.56,7.43,FAILURE RISK
38.59,0.07,4.6,NORMAL
45.57,0.26,5.46,WARNING
58.77,0.45,9.01,FAILURE RISK
37.14,0.17,4.34,NORMAL
46.49,0.2,4.74,WARNING
52.48,0.51,4.78,FAILURE RISK
41.28,0.18,4.02,NORMAL
42.89,0.26,4.48,WARNING
71.29,0.26,11.81,FAILURE RISK
36.53,0.19,4.47,NORMAL
41.44,0.19,5.49,WARNING
52.46,0.37,6.08,FAILURE RISK
42.98,0.18,3.08,NORMAL
46.89,0.19,5.25,WARNING
49.66,0.42,5.22,FAILURE RISK
35.63,0.19,4.08,NORMAL
44.25,0.25,5.12,WARNING
56.11,0.27,9.02,FAILURE RISK
42.66,0.1,3.77,NORMAL
45.14,0.23,5.39,WARNING
57.75,0.79,10.73,FAILURE RISK
38.68,0.15,5.17,NORMAL
44.62,0.27,4.94,WARNING
80.42,0.22,7.0,FAILURE RISK
41.72,0.08,3.53,NORMAL
47.11,0.22,5.23,WARNING
73.12,0.38,6.55,FAILURE RISK
43.97,0.21,3.88,NORMAL
45.26,0.18,5.27,WARNING
86.72,0.36,5.73,FAILURE RISK
40.08,0.07,3.43,NORMAL
47.41,0.26,4.86,WARNING
50.74,0.57,9.47,FAILURE RISK
36.93,0.1,4.57,NORMAL
44.72,0.23,5.59,WARNING
50.77,0.48,10.55,FAILURE RISK
41.4,0.14,3.8,NORMAL
44.82,0.26,4.94,WARNING
73.68,0.83,11.24,FAILURE RISK
40.89,0.07,5.12,NORMAL
47.08,0.24,5.11,WARNING
49.1,0.92,5.74,FAILURE RISK
39.85,0.11,4.21,NORMAL
46.26,0.26,4.75,WARNING
64.21,0.29,5.05,FAILURE RISK
44.75,0.07,3.59,NORMAL
47.83,0.23,4.11,WARNING
51.75,0.46,7.11,FAILURE RISK
42.77,0.09,3.33,NORMAL
44.81,0.24,4.81,WARNING
78.96,0.44,10.04,FAILURE RISK
42.43,0.13,4.58,NORMAL
47.21,0.27,5.59,WARNING
58.78,0.34,11.1,FAILURE RISK
41.98,0.19,3.77,NORMAL
40.23,0.23,5.42,WARNING
46.63,0.43,9.17,FAILURE RISK
39.43,0.1,4.59,NORMAL
40.99,0.15,5.6,WARNING
88.28,0.33,5.82,FAILURE RISK
38.93,0.13,3.45,NORMAL
45.21,0.22,4.56,WARNING
62.52,0.75,7.31,FAILURE RISK
35.32,0.08,4.08,NORMAL
42.41,0.23,5.21,WARNING
54.4,0.24,5.16,FAILURE RISK
35.75,0.08,4.82,NORMAL
46.1,0.24,4.16,WARNING
78.22,0.69,8.01,FAILURE RISK
44.11,0.16,3.62,NORMAL
43.34,0.24,5.11,WARNING
64.15,0.28,5.0,FAILURE RISK
37.8,0.18,4.5,NORMAL
45.55,0.22,5.32,WARNING
86.78,0.38,9.73,FAILURE RISK
44.53,0.06,4.63,NORMAL
44.32,0.27,4.82,WARNING
75.78,0.75,10.39,FAILURE RISK
35.17,0.2,4.86,NORMAL
40.37,0.25,5.56,WARNING
75.17,0.98,9.93,FAILURE RISK
39.3,0.09,3.69,NORMAL
46.43,0.22,4.86,WARNING
75.76,0.73,4.81,FAILURE RISK
35.38,0.11,3.69,NORMAL
44.72,0.25,5.09,WARNING
63.99,0.87,11.73,FAILURE RISK
42.38,0.19,3.84,NORMAL
41.89,0.26,4.47,WARNING
59.37,0.63,6.87,FAILURE RISK
39.42,0.18,4.23,NORMAL
45.96,0.19,4.52,WARNING
71.61,0.3,9.52,FAILURE RISK
40.14,0.19,4.53,NORMAL
47.28,0.18,4.66,WARNING
82.87,0.83,7.99,FAILURE RISK
44.07,0.11,3.85,NORMAL
40.25,0.23,4.44,WARNING
53.38,0.36,4.79,FAILURE RISK
38.8,0.11,4.06,NORMAL
42.81,0.21,5.41,WARNING
83.97,0.88,7.46,FAILURE RISK
41.86,0.16,4.29,NORMAL
41.0,0.24,4.57,WARNING
61.99,0.44,8.04,FAILURE RISK
38.23,0.06,5.14,NORMAL
43.19,0.23,4.44,WARNING
89.62,0.92,7.78,FAILURE RISK
41.88,0.2,5.08,NORMAL
40.3,0.26,4.13,WARNING
77.99,0.26,9.0,FAILURE RISK
44.82,0.09,3.05,NORMAL
45.55,0.27,5.58,WARNING
83.19,0.9,9.3,FAILURE RISK
43.38,0.09,4.02,NORMAL
47.88,0.24,4.16,WARNING
88.4,0.58,7.72,FAILURE RISK
43.15,0.1,5.09,NORMAL
44.32,0.24,5.64,WARNING
58.17,0.74,11.45,FAILURE RISK
42.63,0.18,4.94,NORMAL
46.78,0.17,4.83,WARNING
71.37,0.71,6.33,FAILURE RISK
38.43,0.13,4.84,NORMAL
46.36,0.25,5.09,WARNING
74.63,0.48,6.3,FAILURE RISK
38.92,0.19,5.05,NORMAL
43.63,0.23,4.66,WARNING
53.09,0.3,11.69,FAILURE RISK
44.42,0.1,5.04,NORMAL
47.79,0.18,4.88,WARNING
66.59,0.35,4.61,FAILURE RISK
35.43,0.09,4.26,NORMAL
46.86,0.27,5.65,WARNING
72.24,0.61,8.82,FAILURE RISK
37.96,0.14,3.85,NORMAL
43.14,0.26,5.02,WARNING
46.57,0.26,6.09,FAILURE RISK
44.05,0.21,4.56,NORMAL
45.46,0.21,5.63,WARNING
49.23,0.46,8.97,FAILURE RISK
41.51,0.18,3.13,NORMAL
45.45,0.19,4.66,WARNING
75.9,0.59,11.29,FAILURE RISK
37.99,0.19,4.92,NORMAL
43.14,0.24,4.26,WARNING
68.6,0.56,8.72,FAILURE RISK
35.34,0.2,4.36,NORMAL
45.18,0.18,4.48,WARNING
76.52,0.57,5.96,FAILURE RISK
35.57,0.21,3.72,NORMAL
47.95,0.25,5.63,WARNING
68.18,0.33,9.4,FAILURE RISK
37.24,0.18,4.56,NORMAL
46.99,0.18,4.32,WARNING
55.04,0.48,9.9,FAILURE RISK
37.94,0.12,4.5,NORMAL
45.89,0.27,5.27,WARNING
89.2,0.37,9.99,FAILURE RISK
35.81,0.09,4.53,NORMAL
47.06,0.18,4.53,WARNING
82.45,0.55,11.92,FAILURE RISK
43.4,0.17,3.38,NORMAL
41.76,0.18,5.5,WARNING
76.44,0.58,5.54,FAILURE RISK
42.81,0.16,3.37,NORMAL
45.08,0.23,5.25,WARNING
62.11,0.91,9.78,FAILURE RISK
39.47,0.11,4.98,NORMAL
42.16,0.24,4.72,WARNING
77.52,0.31,8.26,FAILURE RISK
40.25,0.08,4.24,NORMAL
47.36,0.18,4.14,WARNING
65.36,0.88,10.14,FAILURE RISK
36.61,0.21,4.46,NORMAL
43.6,0.25,4.66,WARNING
50.21,0.45,8.0,FAILURE RISK
40.51,0.18,4.03,NORMAL
45.13,0.24,4.24,WARNING
69.96,0.96,6.35,FAILURE RISK
38.06,0.15,4.86,NORMAL
45.06,0.26,5.17,WARNING
78.51,0.94,6.58,FAILURE RISK
40.73,0.06,3.08,NORMAL
47.71,0.26,5.21,WARNING
87.71,0.65,10.23,FAILURE RISK
39.29,0.18,4.77,NORMAL
43.46,0.22,5.48,WARNING
49.58,0.75,8.96,FAILURE RISK
36.9,0.18,3.61,NORMAL
43.39,0.21,5.6,WARNING
67.54,0.23,4.76,FAILURE RISK
41.84,0.14,3.39,NORMAL
42.83,0.25,5.16,WARNING
48.35,0.41,7.58,FAILURE RISK
42.72,0.2,4.49,NORMAL
42.15,0.24,5.24,WARNING
55.72,0.37,4.82,FAILURE RISK
37.89,0.11,4.28,NORMAL
44.68,0.19,5.62,WARNING
74.59,0.47,9.0,FAILURE RISK
35.5,0.06,3.49,NORMAL
41.44,0.25,4.01,WARNING
60.15,0.34,9.3,FAILURE RISK
38.49,0.12,3.17,NORMAL
47.09,0.25,4.15,WARNING
68.39,0.71,5.27,FAILURE RISK
41.72,0.06,4.41,NORMAL
47.99,0.18,4.45,WARNING
72.75,0.27,6.81,FAILURE RISK
37.05,0.09,5.03,NORMAL
40.42,0.22,4.2,WARNING
49.76,0.88,9.69,FAILURE RISK
40.42,0.11,4.12,NORMAL
43.91,0.25,4.51,WARNING
63.8,0.3,9.73,FAILURE RISK
36.46,0.11,3.14,NORMAL
45.43,0.19,4.31,WARNING
50.07,0.33,11.48,FAILURE RISK
41.18,0.19,4.15,NORMAL
44.9,0.18,5.32,WARNING
81.26,0.97,4.6,FAILURE RISK
39.01,0.08,3.87,NORMAL
43.58,0.25,4.65,WARNING
55.4,0.84,8.53,FAILURE RISK
40.64,0.16,4.97,NORMAL
44.7,0.23,4.29,WARNING
45.21,0.98,8.29,FAILURE RISK
39.58,0.08,3.96,NORMAL
46.4,0.18,5.66,WARNING
79.83,0.54,8.96,FAILURE RISK
40.06,0.2,4.58,NORMAL
40.34,0.27,4.53,WARNING
80.27,0.51,11.03,FAILURE RISK
39.58,0.09,3.57,NORMAL
47.69,0.25,5.61,WARNING
73.8,0.25,9.27,FAILURE RISK
42.66,0.2,3.05,NORMAL
45.39,0.23,4.26,WARNING
67.36,0.74,5.75,FAILURE RISK
41.22,0.09,3.59,NORMAL
46.87,0.18,4.95,WARNING
72.56,0.85,10.17,FAILURE RISK
43.24,0.12,3.16,NORMAL
45.27,0.23,5.31,WARNING
62.39,0.23,11.41,FAILURE RISK
40.67,0.09,4.11,NORMAL
40.79,0.26,4.28,WARNING
66.94,0.38,8.0,FAILURE RISK
36.76,0.06,3.38,NORMAL
46.59,0.21,4.2,WARNING
78.16,0.4,7.07,FAILURE RISK
41.07,0.21,5.01,NORMAL
46.16,0.19,4.61,WARNING
78.43,0.78,7.81,FAILURE RISK
42.28,0.14,4.23,NORMAL
45.03,0.19,5.57,WARNING
48.25,0.75,11.48,FAILURE RISK
40.8,0.15,4.21,NORMAL
45.63,0.24,4.23,WARNING
77.5,0.51,10.71,FAILURE RISK
36.29,0.07,4.55,NORMAL
45.3,0.16,5.53,WARNING
85.01,0.6,11.77,FAILURE RISK
39.64,0.14,3.15,NORMAL
47.19,0.24,4.38,WARNING
57.3,0.49,5.56,FAILURE RISK
42.83,0.17,4.45,NORMAL
46.75,0.18,4.8,WARNING
59.46,0.31,5.15,FAILURE RISK
38.15,0.12,4.84,NORMAL
47.96,0.27,4.08,WARNING
88.61,0.24,7.6,FAILURE RISK
35.9,0.16,4.44,NORMAL
47.01,0.26,4.58,WARNING
85.53,0.89,10.68,FAILURE RISK
42.03,0.13,3.28,NORMAL
47.18,0.22,4.67,WARNING
57.92,0.88,6.52,FAILURE RISK
41.62,0.06,3.66,NORMAL
42.37,0.23,5.15,WARNING
89.9,0.99,5.2,FAILURE RISK
40.3,0.21,4.79,NORMAL
47.02,0.25,4.18,WARNING
81.58,0.48,10.6,FAILURE RISK
39.19,0.09,4.23,NORMAL
40.82,0.27,5.0,WARNING
74.5,0.9,10.49,FAILURE RISK
40.38,0.19,3.22,NORMAL
46.77,0.25,5.58,WARNING
79.84,0.32,6.82,FAILURE RISK
38.8,0.17,4.99,NORMAL
40.22,0.25,4.77,WARNING
86.11,0.79,5.81,FAILURE RISK
41.56,0.06,4.16,NORMAL
42.76,0.23,4.28,WARNING
62.8,0.77,4.78,FAILURE RISK
42.88,0.07,4.09,NORMAL
47.12,0.26,4.83,WARNING
73.93,0.86,7.48,FAILURE RISK
37.58,0.12,4.32,NORMAL
45.94,0.19,5.4,WARNING
87.84,0.61,11.07,FAILURE RISK
40.49,0.18,4.3,NORMAL
42.6,0.24,5.34,WARNING
77.61,0.49,5.93,FAILURE RISK
35.63,0.16,3.48,NORMAL
46.6,0.22,4.21,WARNING
46.77,0.48,4.59,FAILURE RISK
39.79,0.06,3.4,NORMAL
42.45,0.26,5.51,WARNING
52.22,0.56,9.92,FAILURE RISK
40.96,0.07,3.75,NORMAL
46.15,0.24,4.63,WARNING
76.26,0.89,9.03,FAILURE RISK
36.88,0.18,5.13,NORMAL
40.03,0.27,4.78,WARNING
78.78,0.41,11.25,FAILURE RISK
38.58,0.09,4.17,NORMAL
43.98,0.26,4.52,WARNING
49.44,0.67,7.82,FAILURE RISK
40.87,0.07,4.6,NORMAL
42.65,0.26,5.58,WARNING
79.63,0.38,8.72,FAILURE RISK
41.36,0.07,4.74,NORMAL
45.02,0.26,4.74,WARNING
81.72,0.41,4.89,FAILURE RISK
41.21,0.11,4.56,NORMAL
43.29,0.16,5.42,WARNING
47.69,0.98,8.19,FAILURE RISK
39.75,0.06,4.45,NORMAL
44.6,0.18,5.65,WARNING
79.0,0.54,9.67,FAILURE RISK
37.26,0.21,3.58,NORMAL
45.74,0.23,5.4,WARNING
75.79,0.22,7.57,FAILURE RISK
41.21,0.21,5.07,NORMAL
46.34,0.23,4.68,WARNING
73.54,0.48,8.37,FAILURE RISK
39.02,0.2,4.64,NORMAL
40.49,0.24,5.65,WARNING
72.87,0.22,4.61,FAILURE RISK
35.87,0.21,3.46,NORMAL
47.4,0.26,4.13,WARNING
60.54,0.34,10.15,FAILURE RISK
41.91,0.16,3.95,NORMAL
41.64,0.23,5.42,WARNING
70.61,0.22,5.03,FAILURE RISK
38.27,0.12,4.57,NORMAL
43.25,0.26,4.55,WARNING
58.4,0.45,5.11,FAILURE RISK
38.46,0.2,4.76,NORMAL
42.77,0.26,4.22,WARNING
64.68,0.75,9.77,FAILURE RISK
39.63,0.12,5.19,NORMAL
45.14,0.23,5.63,WARNING
82.76,0.63,5.57,FAILURE RISK
35.24,0.09,3.52,NORMAL
46.85,0.27,4.64,WARNING
77.54,0.98,6.39,FAILURE RISK
36.51,0.13,4.82,NORMAL
47.77,0.27,4.74,WARNING
77.19,0.4,5.48,FAILURE RISK
36.6,0.13,4.21,NORMAL
42.09,0.25,4.37,WARNING
72.58,0.54,6.66,FAILURE RISK
36.79,0.05,3.52,NORMAL
47.97,0.26,5.59,WARNING
47.47,0.67,11.36,FAILURE RISK
44.2,0.11,4.14,NORMAL
45.39,0.15,4.37,WARNING
63.69,0.62,7.83,FAILURE RISK
36.66,0.18,4.61,NORMAL
45.35,0.27,5.08,WARNING
80.9,0.25,7.0,FAILURE RISK
43.62,0.13,3.18,NORMAL
47.96,0.27,4.11,WARNING
75.72,0.45,11.8,FAILURE RISK
38.06,0.14,5.01,NORMAL
47.76,0.2,4.58,WARNING
67.33,0.53,7.26,FAILURE RISK
44.19,0.13,5.01,NORMAL
41.67,0.22,5.46,WARNING
66.43,0.39,8.31,FAILURE RISK
43.1,0.08,3.75,NORMAL
47.11,0.18,4.88,WARNING
68.19,0.91,7.81,FAILURE RISK
43.77,0.07,3.83,NORMAL
45.37,0.27,5.36,WARNING
79.96,0.39,9.3,FAILURE RISK
41.94,0.14,4.67,NORMAL
40.1,0.26,4.09,WARNING
65.12,0.35,7.69,FAILURE RISK
40.92,0.17,4.55,NORMAL
46.31,0.21,5.18,WARNING
89.59,0.73,11.47,FAILURE RISK
36.54,0.05,3.26,NORMAL
43.95,0.21,5.67,WARNING
50.64,0.7,5.39,FAILURE RISK
36.83,0.12,4.11,NORMAL
47.7,0.23,4.09,WARNING
77.22,0.41,10.16,FAILURE RISK
43.47,0.11,3.38,NORMAL
45.77,0.26,4.64,WARNING
62.51,0.8,5.88,FAILURE RISK
44.05,0.08,4.84,NORMAL
40.8,0.27,5.69,WARNING
52.08,0.4,9.64,FAILURE RISK
42.33,0.2,4.13,NORMAL
45.38,0.21,5.4,WARNING
61.13,0.73,7.8,FAILURE RISK
43.69,0.17,5.12,NORMAL
41.69,0.23,5.64,WARNING
84.38,0.61,9.98,FAILURE RISK
38.44,0.1,4.5,NORMAL
43.58,0.24,4.76,WARNING
83.64,0.36,8.82,FAILURE RISK
38.22,0.17,3.1,NORMAL
47.11,0.16,4.77,WARNING
89.97,0.93,4.57,FAILURE RISK
36.59,0.08,3.86,NORMAL
45.28,0.2,4.46,WARNING
83.43,0.24,6.78,FAILURE RISK
40.27,0.12,3.32,NORMAL
44.73,0.22,4.91,WARNING
65.56,0.24,8.54,FAILURE RISK
44.68,0.14,4.62,NORMAL
41.67,0.24,5.65,WARNING
56.27,0.69,9.96,FAILURE RISK
43.15,0.08,4.64,NORMAL
45.03,0.25,5.41,WARNING
81.87,0.3,9.4,FAILURE RISK
40.78,0.15,4.91,NORMAL
42.01,0.22,5.25,WARNING
64.77,0.54,9.41,FAILURE RISK
43.1,0.17,4.73,NORMAL
46.45,0.27,5.04,WARNING
85.05,0.92,6.76,FAILURE RISK
39.21,0.08,3.22,NORMAL
42.68,0.26,5.37,WARNING
72.01,0.56,5.59,FAILURE RISK
44.08,0.11,4.2,NORMAL
45.2,0.18,5.19,WARNING
59.77,0.22,7.14,FAILURE RISK
44.8,0.17,3.22,NORMAL
42.39,0.22,4.64,WARNING
49.37,0.72,4.78,FAILURE RISK
36.87,0.1,4.25,NORMAL
41.52,0.24,5.16,WARNING
83.3,0.66,8.19,FAILURE RISK
35.36,0.11,4.14,NORMAL
44.17,0.27,4.05,WARNING
49.78,0.28,8.28,FAILURE RISK
43.79,0.21,3.19,NORMAL
43.3,0.2,5.27,WARNING
61.64,0.8,11.69,FAILURE RISK
39.83,0.13,3.4,NORMAL
45.29,0.25,4.99,WARNING
69.89,0.99,9.64,FAILURE RISK
44.24,0.21,4.99,NORMAL
40.67,0.26,5.18,WARNING
58.62,0.51,10.21,FAILURE RISK
37.78,0.09,3.48,NORMAL
47.44,0.21,4.96,WARNING
67.88,0.38,8.2,FAILURE RISK
39.63,0.21,3.89,NORMAL
45.6,0.21,4.53,WARNING
58.72,0.34,6.45,FAILURE RISK
37.01,0.05,4.63,NORMAL
45.81,0.27,5.34,WARNING
87.54,0.23,10.86,FAILURE RISK
42.94,0.07,3.38,NORMAL
42.33,0.2,5.5,WARNING
77.39,0.92,8.81,FAILURE RISK
43.35,0.06,3.12,NORMAL
41.25,0.15,5.44,WARNING
56.33,0.77,5.05,FAILURE RISK
43.14,0.1,3.23,NORMAL
47.56,0.15,5.01,WARNING
84.39,0.56,10.89,FAILURE RISK
39.43,0.08,4.53,NORMAL
46.34,0.25,4.72,WARNING
52.55,0.92,11.46,FAILURE RISK
43.07,0.14,3.84,NORMAL
46.92,0.22,4.45,WARNING
56.84,0.28,4.99,FAILURE RISK
39.74,0.21,3.77,NORMAL
42.03,0.22,5.68,WARNING
49.99,0.73,11.82,FAILURE RISK
37.39,0.14,3.06,NORMAL
47.52,0.27,4.87,WARNING
45.1,0.22,7.34,FAILURE RISK
42.45,0.09,3.2,NORMAL
41.39,0.26,4.43,WARNING
67.68,0.91,11.05,FAILURE RISK
38.56,0.21,3.84,NORMAL
41.58,0.26,5.57,WARNING
57.96,0.36,7.77,FAILURE RISK
40.02,0.17,3.2,NORMAL
42.19,0.23,5.36,WARNING
74.83,0.82,9.64,FAILURE RISK
44.71,0.06,3.92,NORMAL
40.55,0.27,5.34,WARNING
83.82,0.64,9.48,FAILURE RISK
41.12,0.11,4.71,NORMAL
43.07,0.22,4.91,WARNING
81.31,0.77,10.94,FAILURE RISK
38.64,0.15,4.16,NORMAL
40.22,0.23,4.92,WARNING
53.44,0.61,8.42,FAILURE RISK
38.74,0.12,4.6,NORMAL
41.97,0.17,5.57,WARNING
65.4,0.61,6.17,FAILURE RISK
44.25,0.15,4.96,NORMAL
46.1,0.17,4.72,WARNING
88.9,0.2,11.86,FAILURE RISK
44.58,0.06,3.37,NORMAL
43.48,0.15,5.29,WARNING
61.64,0.82,5.75,FAILURE RISK
42.37,0.07,4.0,NORMAL
42.74,0.22,5.68,WARNING
68.89,0.52,8.06,FAILURE RISK
35.52,0.08,3.69,NORMAL
44.02,0.27,4.56,WARNING
46.85,0.26,10.3,FAILURE RISK
36.74,0.13,4.23,NORMAL
44.76,0.2,5.67,WARNING
81.01,0.75,10.69,FAILURE RISK
37.75,0.09,4.5,NORMAL
40.41,0.27,4.08,WARNING
68.08,0.34,4.76,FAILURE RISK
35.35,0.21,3.19,NORMAL
47.05,0.22,4.84,WARNING
49.79,0.3,9.71,FAILURE RISK
42.38,0.19,3.23,NORMAL
47.95,0.22,5.08,WARNING
74.01,0.54,4.75,FAILURE RISK
39.27,0.17,4.65,NORMAL
45.28,0.24,4.39,WARNING
46.78,0.37,10.93,FAILURE RISK
35.6,0.12,3.27,NORMAL
41.79,0.24,5.32,WARNING
69.55,0.22,11.15,FAILURE RISK
40.29,0.08,3.14,NORMAL
46.71,0.24,4.86,WARNING
45.17,0.77,11.32,FAILURE RISK
39.33,0.2,3.05,NORMAL
46.62,0.27,4.45,WARNING
54.15,0.84,10.45,FAILURE RISK
41.79,0.15,5.05,NORMAL
46.44,0.25,4.93,WARNING
61.52,0.9,11.91,FAILURE RISK
41.32,0.19,3.36,NORMAL
47.13,0.27,4.56,WARNING
68.7,0.24,10.35,FAILURE RISK
35.38,0.14,3.18,NORMAL
47.14,0.27,4.92,WARNING
86.38,0.49,8.48,FAILURE RISK
37.99,0.19,4.1,NORMAL
43.65,0.23,4.4,WARNING
53.64,0.55,11.2,FAILURE RISK
37.89,0.13,4.83,NORMAL
45.21,0.23,4.7,WARNING
54.53,0.66,8.77,FAILURE RISK
35.83,0.17,4.66,NORMAL
40.07,0.23,4.57,WARNING
76.68,0.43,5.55,FAILURE RISK
42.34,0.14,4.35,NORMAL
47.31,0.17,4.01,WARNING
58.66,0.27,9.16,FAILURE RISK
39.82,0.19,4.81,NORMAL
47.25,0.16,4.29,WARNING
50.45,0.78,11.4,FAILURE RISK
44.44,0.14,5.15,NORMAL
41.08,0.22,5.18,WARNING
64.59,0.3,8.18,FAILURE RISK
35.11,0.15,3.72,NORMAL
41.87,0.23,5.48,WARNING
49.28,0.53,4.93,FAILURE RISK
44.34,0.19,3.43,NORMAL
46.99,0.19,4.23,WARNING
63.0,0.26,5.94,FAILURE RISK
42.59,0.07,4.48,NORMAL
43.29,0.23,4.0,WARNING
52.8,0.89,8.56,FAILURE RISK
44.27,0.09,4.71,NORMAL
46.38,0.18,4.08,WARNING
69.56,0.26,6.8,FAILURE RISK
38.8,0.18,4.13,NORMAL
40.03,0.25,5.47,WARNING
60.08,0.28,11.71,FAILURE RISK
41.18,0.12,3.48,NORMAL
46.6,0.22,5.49,WARNING
46.55,0.51,6.9,FAILURE RISK
40.41,0.16,4.48,NORMAL
44.42,0.24,4.04,WARNING
85.67,0.36,6.27,FAILURE RISK
39.49,0.09,4.86,NORMAL
47.54,0.25,5.26,WARNING
63.67,0.53,5.0,FAILURE RISK
35.57,0.05,4.15,NORMAL
45.91,0.21,4.14,WARNING
59.26,0.98,8.83,FAILURE RISK
44.46,0.21,3.58,NORMAL
45.52,0.22,4.27,WARNING
63.63,0.71,8.6,FAILURE RISK
44.46,0.18,3.62,NORMAL
42.04,0.2,5.66,WARNING
60.68,0.56,11.06,FAILURE RISK
38.32,0.13,3.43,NORMAL
45.74,0.17,5.19,WARNING
82.48,0.92,9.88,FAILURE RISK
40.81,0.21,3.56,NORMAL
42.69,0.22,4.44,WARNING
71.14,0.32,4.9,FAILURE RISK
43.1,0.09,4.93,NORMAL
45.17,0.21,4.65,WARNING
86.8,0.65,6.36,FAILURE RISK
41.99,0.2,4.89,NORMAL
46.84,0.23,4.78,WARNING
87.0,0.96,5.73,FAILURE RISK
40.66,0.13,3.58,NORMAL
43.17,0.27,4.67,WARNING
70.33,0.4,8.64,FAILURE RISK
41.43,0.16,4.91,NORMAL
45.24,0.18,4.37,WARNING
69.49,0.3,5.51,FAILURE RISK
43.83,0.09,3.31,NORMAL
47.48,0.26,5.65,WARNING
60.44,0.95,10.27,FAILURE RISK
37.31,0.14,5.18,NORMAL
43.58,0.27,4.26,WARNING
54.51,0.96,7.64,FAILURE RISK
37.85,0.1,4.33,NORMAL
41.99,0.27,4.7,WARNING
78.6,0.96,4.77,FAILURE RISK
39.78,0.14,3.88,NORMAL
47.4,0.2,5.19,WARNING
74.42,0.22,9.16,FAILURE RISK
37.3,0.17,4.22,NORMAL
40.87,0.24,4.81,WARNING
76.74,0.86,7.72,FAILURE RISK
39.05,0.1,4.86,NORMAL
43.75,0.17,5.31,WARNING
47.79,0.26,8.85,FAILURE RISK
38.82,0.12,3.57,NORMAL
45.21,0.27,4.47,WARNING
51.64,0.33,8.23,FAILURE RISK
44.97,0.18,4.41,NORMAL
41.14,0.27,4.58,WARNING
88.64,0.66,11.35,FAILURE RISK
37.41,0.1,3.11,NORMAL
41.64,0.17,5.38,WARNING
81.53,0.31,9.82,FAILURE RISK
35.1,0.2,4.36,NORMAL
46.57,0.16,4.15,WARNING
89.84,0.62,11.45,FAILURE RISK
42.03,0.18,3.34,NORMAL
42.54,0.27,4.7,WARNING
50.85,0.71,6.9,FAILURE RISK
35.87,0.11,3.16,NORMAL
47.61,0.17,5.66,WARNING
56.42,0.97,9.58,FAILURE RISK
40.26,0.2,3.73,NORMAL
41.25,0.19,5.28,WARNING
54.14,0.57,4.53,FAILURE RISK
38.7,0.05,3.02,NORMAL
40.44,0.22,5.39,WARNING
82.43,0.57,6.13,FAILURE RISK
44.05,0.21,4.0,NORMAL
46.15,0.26,5.21,WARNING
47.2,0.98,8.66,FAILURE RISK
42.66,0.12,4.59,NORMAL
44.67,0.26,4.81,WARNING
56.44,0.31,10.88,FAILURE RISK
43.41,0.18,3.24,NORMAL
47.95,0.18,5.01,WARNING
46.91,0.53,7.55,FAILURE RISK
38.12,0.1,5.17,NORMAL
40.49,0.25,4.51,WARNING
71.09,0.52,9.25,FAILURE RISK
38.38,0.12,3.8,NORMAL
46.81,0.24,4.95,WARNING
89.59,0.34,6.8,FAILURE RISK
41.46,0.06,4.67,NORMAL
44.02,0.24,4.43,WARNING
68.7,0.26,8.64,FAILURE RISK
42.51,0.07,3.75,NORMAL
42.99,0.24,4.07,WARNING
56.38,0.29,7.28,FAILURE RISK
42.05,0.08,4.2,NORMAL
47.8,0.26,4.1,WARNING
80.58,0.85,7.29,FAILURE RISK
38.37,0.06,4.32,NORMAL
46.45,0.17,4.29,WARNING
51.16,0.21,10.64,FAILURE RISK
43.2,0.06,4.2,NORMAL
42.91,0.21,5.47,WARNING
46.28,0.74,11.8,FAILURE RISK
39.39,0.08,3.62,NORMAL
41.77,0.25,4.53,WARNING
49.54,0.46,8.79,FAILURE RISK
43.32,0.1,3.01,NORMAL
42.79,0.2,5.44,WARNING
54.18,0.35,9.64,FAILURE RISK
40.24,0.21,3.24,NORMAL
41.45,0.22,5.67,WARNING
56.05,0.83,11.62,FAILURE RISK
42.16,0.06,3.38,NORMAL
43.49,0.19,5.62,WARNING
63.62,0.81,4.65,FAILURE RISK
43.59,0.12,4.99,NORMAL
43.03,0.17,5.5,WARNING
86.95,0.69,11.05,FAILURE RISK
43.65,0.12,4.46,NORMAL
46.64,0.16,4.39,WARNING
47.78,0.66,8.11,FAILURE RISK
36.74,0.21,4.68,NORMAL
44.28,0.21,5.28,WARNING
48.56,0.34,10.23,FAILURE RISK
40.17,0.19,4.49,NORMAL
45.18,0.27,4.27,WARNING
67.31,0.22,5.6,FAILURE RISK
39.08,0.2,4.51,NORMAL
47.38,0.18,5.08,WARNING
78.05,0.59,9.85,FAILURE RISK
37.71,0.06,3.33,NORMAL
44.33,0.23,4.75,WARNING
54.53,0.4,5.53,FAILURE RISK
44.63,0.09,3.54,NORMAL
43.36,0.22,4.11,WARNING
48.44,0.76,11.88,FAILURE RISK
42.75,0.06,3.42,NORMAL
47.46,0.25,5.68,WARNING
74.37,0.97,7.78,FAILURE RISK
38.73,0.09,4.55,NORMAL
44.25,0.27,5.6,WARNING
70.37,0.66,4.57,FAILURE RISK
40.96,0.15,4.6,NORMAL
43.0,0.27,4.56,WARNING
49.69,0.87,9.62,FAILURE RISK
43.61,0.06,4.32,NORMAL
47.87,0.15,4.31,WARNING
87.6,0.85,11.9,FAILURE RISK
36.36,0.13,3.85,NORMAL
47.94,0.26,4.96,WARNING
85.88,0.81,4.99,FAILURE RISK
44.66,0.07,4.31,NORMAL
46.75,0.16,5.65,WARNING
61.43,0.37,8.28,FAILURE RISK
42.04,0.13,5.12,NORMAL
45.03,0.15,4.87,WARNING
54.6,0.55,8.18,FAILURE RISK
39.83,0.09,3.57,NORMAL
47.12,0.21,4.53,WARNING
56.66,0.34,10.38,FAILURE RISK
43.47,0.06,4.79,NORMAL
46.55,0.17,4.22,WARNING
76.5,0.51,8.96,FAILURE RISK
44.33,0.15,4.36,NORMAL
43.18,0.25,5.46,WARNING
62.06,0.95,11.26,FAILURE RISK
40.55,0.07,3.59,NORMAL
46.29,0.24,5.54,WARNING
52.62,0.89,11.5,FAILURE RISK
40.97,0.16,4.52,NORMAL
44.43,0.19,5.46,WARNING
64.08,0.67,10.32,FAILURE RISK
35.19,0.15,4.45,NORMAL
43.87,0.25,4.24,WARNING
54.87,0.78,5.46,FAILURE RISK
37.74,0.16,5.09,NORMAL
43.31,0.24,4.75,WARNING
51.08,0.82,10.3,FAILURE RISK
42.82,0.14,4.31,NORMAL
40.91,0.15,5.58,WARNING
51.92,0.75,4.55,FAILURE RISK
44.96,0.11,4.54,NORMAL
46.83,0.22,5.27,WARNING
45.91,0.92,7.25,FAILURE RISK
44.44,0.2,5.15,NORMAL
46.5,0.21,4.17,WARNING
88.12,0.94,9.21,FAILURE RISK
43.63,0.16,4.14,NORMAL
46.29,0.19,4.87,WARNING
48.32,0.45,6.34,FAILURE RISK
40.26,0.06,4.6,NORMAL
46.44,0.18,4.32,WARNING
59.48,0.21,10.83,FAILURE RISK
38.48,0.09,3.24,NORMAL
47.06,0.26,4.51,WARNING
56.71,0.51,11.71,FAILURE RISK
43.31,0.2,3.45,NORMAL
45.73,0.16,4.18,WARNING
51.79,0.89,4.53,FAILURE RISK
38.83,0.2,3.54,NORMAL
40.62,0.26,5.07,WARNING
63.93,0.87,11.23,FAILURE RISK
38.16,0.1,3.75,NORMAL
44.54,0.23,5.02,WARNING
76.73,0.34,6.46,FAILURE RISK
36.88,0.09,4.45,NORMAL
46.19,0.27,5.43,WARNING
52.35,0.26,8.93,FAILURE RISK
39.56,0.09,3.71,NORMAL
42.56,0.27,5.63,WARNING
83.94,0.76,5.48,FAILURE RISK
38.95,0.15,4.3,NORMAL
41.6,0.25,4.44,WARNING
78.65,0.6,7.4,FAILURE RISK
38.87,0.07,3.18,NORMAL
42.98,0.26,4.32,WARNING
83.51,0.63,7.18,FAILURE RISK
39.99,0.11,4.28,NORMAL
40.71,0.18,5.38,WARNING
68.63,0.28,7.05,FAILURE RISK
40.11,0.14,3.68,NORMAL
40.4,0.23,4.48,WARNING
45.53,0.28,10.8,FAILURE RISK
37.96,0.07,3.69,NORMAL
41.52,0.22,5.02,WARNING
57.47,0.32,5.99,FAILURE RISK
35.77,0.19,5.12,NORMAL
43.37,0.27,4.37,WARNING
58.96,0.8,9.69,FAILURE RISK
39.65,0.08,5.0,NORMAL
42.58,0.23,4.09,WARNING
51.48,0.33,9.18,FAILURE RISK
37.92,0.06,4.52,NORMAL
40.44,0.25,4.78,WARNING
65.0,0.41,7.42,FAILURE RISK
44.75,0.14,4.11,NORMAL
42.21,0.27,4.34,WARNING
75.63,0.26,9.75,FAILURE RISK
39.57,0.2,3.85,NORMAL
44.01,0.24,4.39,WARNING
75.73,0.61,8.73,FAILURE RISK
37.68,0.07,4.1,NORMAL
45.21,0.23,4.74,WARNING
73.92,0.42,4.7,FAILURE RISK
40.9,0.15,3.71,NORMAL
46.0,0.19,4.97,WARNING
56.45,0.86,6.14,FAILURE RISK
39.3,0.17,4.15,NORMAL
43.03,0.16,5.65,WARNING
75.27,0.97,4.91,FAILURE RISK
35.61,0.16,3.04,NORMAL
44.25,0.23,5.36,WARNING
83.93,0.96,8.91,FAILURE RISK
35.05,0.17,4.53,NORMAL
47.97,0.26,4.02,WARNING
69.73,0.85,7.92,FAILURE RISK
39.66,0.06,4.78,NORMAL
47.8,0.2,4.68,WARNING
82.72,0.49,5.57,FAILURE RISK
35.33,0.11,4.65,NORMAL
40.7,0.25,5.65,WARNING
68.56,0.81,6.06,FAILURE RISK
36.79,0.13,4.97,NORMAL
41.65,0.27,5.23,WARNING
72.08,0.59,5.41,FAILURE RISK
36.21,0.15,3.05,NORMAL
45.13,0.17,4.73,WARNING
82.93,0.99,11.65,FAILURE RISK
35.47,0.09,3.01,NORMAL
45.57,0.27,4.56,WARNING
84.09,0.27,10.32,FAILURE RISK
42.34,0.16,4.39,NORMAL
41.88,0.26,5.07,WARNING
84.63,0.62,5.35,FAILURE RISK
39.2,0.21,5.12,NORMAL
46.18,0.26,5.56,WARNING
60.13,0.27,11.47,FAILURE RISK
44.99,0.19,5.18,NORMAL
46.43,0.19,5.3,WARNING
76.97,0.62,10.52,FAILURE RISK
41.84,0.16,3.2,NORMAL
44.31,0.23,4.37,WARNING
61.96,0.57,11.61,FAILURE RISK
42.81,0.08,3.47,NORMAL
42.48,0.16,5.54,WARNING
72.17,0.5,6.33,FAILURE RISK
41.71,0.13,3.11,NORMAL
45.88,0.24,4.0,WARNING
46.89,0.84,5.09,FAILURE RISK
36.95,0.17,3.42,NORMAL
45.38,0.23,4.0,WARNING
50.44,0.33,8.13,FAILURE RISK
40.5,0.17,4.93,NORMAL
47.85,0.2,5.32,WARNING
87.63,0.75,9.44,FAILURE RISK
42.02,0.09,4.48,NORMAL
42.27,0.23,4.45,WARNING
65.54,0.58,11.82,FAILURE RISK
42.95,0.16,4.46,NORMAL
44.86,0.22,4.19,WARNING
52.68,0.54,9.2,FAILURE RISK
43.89,0.07,4.96,NORMAL
41.77,0.17,5.38,WARNING
58.4,0.61,5.41,FAILURE RISK
38.97,0.12,4.6,NORMAL
47.92,0.19,5.68,WARNING
63.28,0.6,6.37,FAILURE RISK
41.9,0.18,3.58,NORMAL
47.17,0.15,4.17,WARNING
80.7,0.82,7.61,FAILURE RISK
38.15,0.05,3.31,NORMAL
44.71,0.23,4.38,WARNING
45.82,0.98,8.22,FAILURE RISK
41.93,0.18,4.37,NORMAL
46.83,0.21,5.34,WARNING
85.12,0.43,8.51,FAILURE RISK
44.01,0.12,3.4,NORMAL
47.55,0.18,4.9,WARNING
77.7,0.8,6.14,FAILURE RISK
38.46,0.11,4.11,NORMAL
44.62,0.24,4.03,WARNING
54.75,0.91,11.57,FAILURE RISK
43.92,0.18,4.08,NORMAL
43.09,0.27,5.14,WARNING
74.77,0.54,5.46,FAILURE RISK
35.45,0.1,3.39,NORMAL
47.88,0.16,4.63,WARNING
62.17,0.82,4.75,FAILURE RISK
44.08,0.1,4.69,NORMAL
45.25,0.22,5.1,WARNING
71.45,0.22,4.82,FAILURE RISK
40.53,0.06,5.08,NORMAL
47.97,0.24,4.77,WARNING
68.52,0.88,6.64,FAILURE RISK
44.68,0.06,3.93,NORMAL
41.28,0.27,4.51,WARNING
85.21,0.41,6.63,FAILURE RISK
38.55,0.06,3.74,NORMAL
43.6,0.23,5.38,WARNING
78.79,0.59,7.33,FAILURE RISK
39.12,0.09,4.76,NORMAL
40.1,0.21,5.4,WARNING
62.73,0.82,11.29,FAILURE RISK
42.49,0.06,4.53,NORMAL
46.12,0.27,4.16,WARNING
49.72,0.34,8.52,FAILURE RISK
36.45,0.09,5.07,NORMAL
47.74,0.16,4.99,WARNING
49.07,0.79,9.04,FAILURE RISK
37.13,0.1,3.33,NORMAL
43.93,0.17,5.54,WARNING
50.16,0.68,11.48,FAILURE RISK
36.22,0.06,3.05,NORMAL
46.49,0.26,5.58,WARNING
53.45,0.8,5.06,FAILURE RISK
35.06,0.1,4.07,NORMAL
46.05,0.24,4.8,WARNING
86.2,0.49,9.47,FAILURE RISK
38.32,0.18,4.98,NORMAL
47.32,0.24,4.03,WARNING
63.64,0.22,6.09,FAILURE RISK
41.61,0.16,3.72,NORMAL
46.21,0.2,4.29,WARNING
55.06,0.86,7.44,FAILURE RISK
41.09,0.18,3.39,NORMAL
43.02,0.19,5.41,WARNING
89.86,0.69,10.17,FAILURE RISK
41.13,0.08,4.41,NORMAL
41.51,0.21,5.6,WARNING
74.14,0.36,10.99,FAILURE RISK
37.98,0.15,4.67,NORMAL
42.14,0.22,4.24,WARNING
73.71,0.82,8.26,FAILURE RISK
39.57,0.21,3.9,NORMAL
45.15,0.18,4.08,WARNING
60.82,0.64,7.31,FAILURE RISK
44.58,0.17,3.83,NORMAL
40.26,0.26,4.61,WARNING
83.44,0.82,6.54,FAILURE RISK
44.67,0.21,3.58,NORMAL
42.53,0.15,5.68,WARNING
72.67,0.29,6.52,FAILURE RISK
38.63,0.09,3.7,NORMAL
40.36,0.26,4.71,WARNING
63.81,0.66,10.54,FAILURE RISK
36.05,0.17,5.08,NORMAL
43.78,0.25,4.29,WARNING
73.09,0.92,10.13,FAILURE RISK
38.71,0.16,3.66,NORMAL
47.18,0.16,4.73,WARNING
61.48,0.26,11.39,FAILURE RISK
43.68,0.17,4.68,NORMAL
45.76,0.27,5.56,WARNING
53.39,0.71,6.26,FAILURE RISK
42.33,0.21,4.33,NORMAL
43.56,0.25,5.65,WARNING
51.43,0.52,9.99,FAILURE RISK
41.73,0.21,4.57,NORMAL
46.71,0.22,5.35,WARNING
57.98,0.46,6.79,FAILURE RISK
42.68,0.18,4.35,NORMAL
43.63,0.26,4.96,WARNING
75.99,0.56,7.49,FAILURE RISK
40.25,0.05,4.27,NORMAL
45.29,0.23,5.36,WARNING
78.57,0.22,10.32,FAILURE RISK
42.13,0.07,4.37,NORMAL
47.46,0.21,4.77,WARNING
60.73,0.82,8.34,FAILURE RISK
43.03,0.17,3.01,NORMAL
47.22,0.25,5.64,WARNING
68.56,0.49,9.91,FAILURE RISK
40.13,0.18,3.51,NORMAL
40.84,0.26,4.35,WARNING
87.92,0.66,11.18,FAILURE RISK
35.57,0.05,4.05,NORMAL
45.28,0.24,5.21,WARNING
73.99,0.38,11.29,FAILURE RISK
39.89,0.08,4.64,NORMAL
44.87,0.23,5.11,WARNING
65.51,0.53,5.21,FAILURE RISK
36.98,0.2,3.42,NORMAL
47.97,0.25,5.05,WARNING
66.32,0.66,9.06,FAILURE RISK
42.93,0.08,4.07,NORMAL
43.76,0.26,4.1,WARNING
69.7,0.84,10.32,FAILURE RISK
40.37,0.21,4.22,NORMAL
42.96,0.22,5.45,WARNING
88.47,0.99,9.98,FAILURE RISK
36.91,0.18,4.07,NORMAL
45.56,0.19,4.21,WARNING
66.5,0.6,6.09,FAILURE RISK
36.18,0.1,4.91,NORMAL
41.57,0.19,5.65,WARNING
68.64,0.61,4.79,FAILURE RISK
44.81,0.07,4.09,NORMAL
42.26,0.22,5.09,WARNING
58.72,0.4,10.92,FAILURE RISK
35.9,0.13,3.82,NORMAL
47.23,0.27,4.41,WARNING
50.35,0.75,11.68,FAILURE RISK
38.61,0.08,3.57,NORMAL
46.75,0.27,5.02,WARNING
84.59,0.43,8.02,FAILURE RISK
38.51,0.1,4.23,NORMAL
45.35,0.17,4.52,WARNING
74.66,0.41,5.92,FAILURE RISK
44.34,0.13,4.36,NORMAL
45.87,0.16,4.17,WARNING
80.63,0.6,9.11,FAILURE RISK
37.94,0.15,3.49,NORMAL
47.35,0.15,4.22,WARNING
65.51,0.31,7.46,FAILURE RISK
42.4,0.05,4.2,NORMAL
42.45,0.15,5.43,WARNING
66.64,0.62,11.3,FAILURE RISK
44.96,0.12,3.11,NORMAL
46.04,0.27,4.2,WARNING
61.39,0.25,10.04,FAILURE RISK
42.27,0.17,4.98,NORMAL
45.95,0.18,4.64,WARNING
66.12,0.79,10.56,FAILURE RISK
38.55,0.14,3.06,NORMAL
43.91,0.27,5.35,WARNING
45.24,0.48,11.54,FAILURE RISK
41.49,0.17,3.32,NORMAL
44.57,0.2,5.43,WARNING
73.86,0.72,8.95,FAILURE RISK
39.99,0.12,4.58,NORMAL
41.2,0.19,5.56,WARNING
71.9,0.44,5.01,FAILURE RISK
43.69,0.21,4.95,NORMAL
40.61,0.2,5.43,WARNING
67.98,0.7,5.41,FAILURE RISK
41.17,0.14,4.08,NORMAL
47.84,0.25,4.44,WARNING
47.29,0.89,8.45,FAILURE RISK
35.49,0.15,4.37,NORMAL
47.28,0.2,5.08,WARNING
77.9,0.43,6.88,FAILURE RISK
39.09,0.19,4.19,NORMAL
45.06,0.17,5.21,WARNING
45.94,0.48,5.35,FAILURE RISK
40.63,0.16,3.38,NORMAL
45.7,0.22,4.94,WARNING
77.43,0.74,7.08,FAILURE RISK
37.34,0.13,3.11,NORMAL
40.58,0.19,5.66,WARNING
88.55,0.7,7.8,FAILURE RISK
35.13,0.1,3.32,NORMAL
44.82,0.23,5.05,WARNING
51.09,0.64,4.67,FAILURE RISK
43.59,0.12,3.43,NORMAL
41.31,0.19,5.42,WARNING
64.37,0.91,6.21,FAILURE RISK
36.28,0.11,4.51,NORMAL
40.38,0.25,4.13,WARNING
52.85,0.25,7.22,FAILURE RISK
39.06,0.14,4.22,NORMAL
46.41,0.22,5.09,WARNING
47.19,0.84,10.03,FAILURE RISK
37.6,0.18,5.19,NORMAL
41.15,0.26,5.25,WARNING
64.75,0.54,4.5,FAILURE RISK
36.67,0.09,3.72,NORMAL
45.28,0.23,4.86,WARNING
47.93,0.21,11.32,FAILURE RISK
37.15,0.15,3.88,NORMAL
44.98,0.24,5.17,WARNING
50.18,0.77,5.71,FAILURE RISK
35.07,0.17,3.16,NORMAL
47.43,0.22,4.06,WARNING
50.53,0.2,4.61,FAILURE RISK
44.49,0.13,4.59,NORMAL
40.13,0.2,5.35,WARNING
87.42,0.67,7.5,FAILURE RISK
37.72,0.17,3.15,NORMAL
43.42,0.2,5.51,WARNING
67.41,0.84,9.84,FAILURE RISK
43.81,0.19,5.07,NORMAL
46.73,0.18,4.97,WARNING
82.26,0.48,9.13,FAILURE RISK
43.26,0.2,5.19,NORMAL
44.98,0.19,5.56,WARNING
69.1,0.57,7.7,FAILURE RISK
41.65,0.2,5.14,NORMAL
45.62,0.24,5.47,WARNING
50.35,0.83,6.54,FAILURE RISK
42.85,0.11,4.36,NORMAL
43.98,0.27,5.36,WARNING
58.79,0.62,11.23,FAILURE RISK
36.41,0.12,4.64,NORMAL
45.28,0.2,4.02,WARNING
56.79,0.91,7.89,FAILURE RISK
36.68,0.2,5.14,NORMAL
41.06,0.27,5.45,WARNING
76.39,0.76,9.64,FAILURE RISK
41.19,0.07,3.62,NORMAL
43.0,0.22,4.63,WARNING
69.22,0.25,10.13,FAILURE RISK
35.91,0.13,3.63,NORMAL
42.25,0.24,5.46,WARNING
88.6,0.94,11.77,FAILURE RISK
38.98,0.07,5.16,NORMAL
45.49,0.21,5.47,WARNING
51.31,0.27,8.66,FAILURE RISK
36.21,0.13,3.39,NORMAL
47.3,0.23,5.36,WARNING
72.81,0.49,10.0,FAILURE RISK
42.74,0.13,3.15,NORMAL
45.3,0.25,5.23,WARNING
61.84,0.37,11.19,FAILURE RISK
42.17,0.14,4.98,NORMAL
45.63,0.26,4.53,WARNING
64.28,0.32,5.08,FAILURE RISK
38.11,0.12,4.47,NORMAL
45.7,0.21,5.24,WARNING
87.16,0.72,6.49,FAILURE RISK
39.1,0.15,3.23,NORMAL
46.88,0.21,5.64,WARNING
51.77,0.53,9.39,FAILURE RISK
41.33,0.15,4.13,NORMAL
41.62,0.21,5.6,WARNING
80.32,0.54,11.07,FAILURE RISK
39.77,0.21,4.95,NORMAL
43.64,0.22,4.62,WARNING
82.08,0.38,8.0,FAILURE RISK
39.1,0.2,4.26,NORMAL
47.72,0.22,4.41,WARNING
89.77,0.69,8.84,FAILURE RISK
41.38,0.1,4.92,NORMAL
45.68,0.23,4.31,WARNING
74.05,0.92,5.61,FAILURE RISK
38.86,0.2,4.96,NORMAL
44.53,0.25,5.36,WARNING
47.52,0.33,10.19,FAILURE RISK
42.51,0.2,4.88,NORMAL
43.76,0.23,4.81,WARNING
69.62,0.23,6.32,FAILURE RISK
44.89,0.19,5.19,NORMAL
47.09,0.26,5.17,WARNING
83.75,0.68,8.81,FAILURE RISK
37.69,0.17,4.41,NORMAL
47.56,0.16,4.07,WARNING
67.13,0.51,6.46,FAILURE RISK
44.16,0.16,4.56,NORMAL
47.7,0.27,4.84,WARNING
59.48,0.7,6.73,FAILURE RISK
37.67,0.1,4.04,NORMAL
43.17,0.17,5.49,WARNING
83.51,0.95,5.87,FAILURE RISK
38.09,0.09,4.77,NORMAL
46.08,0.17,4.03,WARNING
59.75,0.33,11.81,FAILURE RISK
35.5,0.06,4.94,NORMAL
45.9,0.2,5.22,WARNING
84.3,0.58,7.64,FAILURE RISK
43.66,0.07,4.73,NORMAL
46.58,0.25,4.16,WARNING
89.84,0.56,6.29,FAILURE RISK
40.51,0.12,4.55,NORMAL
45.72,0.17,5.28,WARNING
76.07,0.82,8.92,FAILURE RISK
39.22,0.09,3.21,NORMAL
45.93,0.19,5.25,WARNING
53.63,0.55,7.62,FAILURE RISK
40.08,0.09,3.35,NORMAL
46.18,0.24,4.84,WARNING
69.02,0.44,5.34,FAILURE RISK
37.4,0.12,4.15,NORMAL
44.01,0.25,5.49,WARNING
88.18,0.97,10.89,FAILURE RISK
36.74,0.16,4.32,NORMAL
40.1,0.18,5.64,WARNING
80.41,0.93,5.02,FAILURE RISK
41.01,0.18,3.07,NORMAL
40.59,0.26,5.14,WARNING
45.71,0.5,11.48,FAILURE RISK
35.6,0.14,4.35,NORMAL
43.8,0.22,4.66,WARNING
55.07,0.72,5.68,FAILURE RISK
43.6,0.06,4.12,NORMAL
40.87,0.25,4.66,WARNING
59.48,0.33,11.04,FAILURE RISK
38.4,0.13,3.44,NORMAL
44.93,0.25,4.41,WARNING
80.14,0.65,4.67,FAILURE RISK
42.58,0.21,4.16,NORMAL
45.07,0.21,5.5,WARNING
54.6,0.98,4.72,FAILURE RISK
42.61,0.1,4.78,NORMAL
44.0,0.23,4.43,WARNING
47.69,0.49,4.85,FAILURE RISK
41.8,0.15,4.26,NORMAL
46.9,0.24,4.72,WARNING
66.23,0.38,10.57,FAILURE RISK
35.41,0.07,5.19,NORMAL
46.76,0.27,4.08,WARNING
81.13,0.83,5.05,FAILURE RISK
42.36,0.14,4.62,NORMAL
45.54,0.27,4.8,WARNING
46.35,0.76,11.42,FAILURE RISK
40.79,0.09,3.28,NORMAL
46.79,0.17,4.23,WARNING
82.65,0.59,7.51,FAILURE RISK
37.45,0.21,4.06,NORMAL
40.03,0.21,5.63,WARNING
60.56,0.21,6.71,FAILURE RISK
38.04,0.17,4.02,NORMAL
43.94,0.25,5.36,WARNING
74.58,1.0,4.56,FAILURE RISK
41.7,0.07,4.79,NORMAL
45.07,0.26,5.17,WARNING
64.16,0.3,10.42,FAILURE RISK
40.2,0.16,3.68,NORMAL
47.18,0.27,4.88,WARNING
67.68,0.43,9.09,FAILURE RISK
44.07,0.11,4.5,NORMAL
47.58,0.2,5.04,WARNING
49.86,0.81,9.16,FAILURE RISK
39.48,0.08,4.92,NORMAL
47.82,0.25,4.25,WARNING
70.57,0.45,10.38,FAILURE RISK
35.67,0.19,4.37,NORMAL
42.25,0.24,4.3,WARNING
51.54,0.92,10.94,FAILURE RISK
35.2,0.19,3.42,NORMAL
42.05,0.23,4.2,WARNING
84.7,0.75,8.57,FAILURE RISK
42.34,0.15,5.01,NORMAL
45.14,0.26,5.44,WARNING
89.24,0.28,4.63,FAILURE RISK
36.04,0.1,4.61,NORMAL
43.91,0.21,5.66,WARNING
84.53,0.42,6.23,FAILURE RISK
44.18,0.06,3.42,NORMAL
46.25,0.26,4.63,WARNING
48.92,0.92,10.13,FAILURE RISK
42.99,0.18,4.66,NORMAL
45.15,0.21,4.7,WARNING
71.73,0.3,11.11,FAILURE RISK
42.84,0.06,4.86,NORMAL
40.23,0.22,4.29,WARNING
63.07,0.44,8.37,FAILURE RISK
40.87,0.18,4.53,NORMAL
46.18,0.17,4.79,WARNING
67.83,0.56,7.89,FAILURE RISK
39.27,0.18,4.0,NORMAL
40.19,0.27,4.97,WARNING
80.07,0.33,7.31,FAILURE RISK
39.95,0.2,5.02,NORMAL
41.14,0.23,4.6,WARNING
82.57,0.88,7.48,FAILURE RISK
39.16,0.1,4.93,NORMAL
46.08,0.2,5.07,WARNING
74.52,0.53,8.07,FAILURE RISK
39.49,0.16,3.69,NORMAL
46.61,0.19,4.95,WARNING
50.29,0.64,9.87,FAILURE RISK
36.98,0.16,3.32,NORMAL
46.97,0.27,5.14,WARNING
62.95,0.51,8.16,FAILURE RISK
44.51,0.2,5.01,NORMAL
46.04,0.24,5.24,WARNING
67.77,0.82,7.73,FAILURE RISK
39.65,0.09,4.05,NORMAL
42.34,0.15,5.27,WARNING
75.61,0.45,10.98,FAILURE RISK
36.82,0.09,4.92,NORMAL
46.96,0.19,5.62,WARNING
70.08,0.69,10.79,FAILURE RISK
37.0,0.17,3.05,NORMAL
45.55,0.24,4.81,WARNING
84.94,0.92,6.33,FAILURE RISK
39.02,0.15,4.93,NORMAL
47.13,0.23,4.7,WARNING
69.07,0.67,6.87,FAILURE RISK
42.92,0.12,4.73,NORMAL
40.52,0.23,5.31,WARNING
81.88,0.55,10.06,FAILURE RISK
37.11,0.12,4.95,NORMAL
46.17,0.22,5.2,WARNING
50.06,0.83,5.3,FAILURE RISK
39.5,0.2,3.08,NORMAL
42.86,0.25,4.19,WARNING
53.69,0.34,5.12,FAILURE RISK
35.12,0.18,3.74,NORMAL
42.19,0.21,5.29,WARNING
68.15,0.75,7.25,FAILURE RISK
43.72,0.12,3.52,NORMAL
44.21,0.15,5.25,WARNING
77.95,0.34,5.35,FAILURE RISK
43.23,0.17,4.07,NORMAL
46.83,0.26,5.65,WARNING
50.35,0.2,10.59,FAILURE RISK
38.54,0.1,5.05,NORMAL
43.22,0.19,5.31,WARNING
67.46,0.65,6.4,FAILURE RISK
38.58,0.13,4.72,NORMAL
46.17,0.17,4.43,WARNING
51.64,0.99,5.5,FAILURE RISK
39.68,0.15,5.18,NORMAL
46.76,0.2,5.34,WARNING
73.89,0.31,11.04,FAILURE RISK
39.38,0.18,3.8,NORMAL
46.48,0.2,4.45,WARNING
89.7,0.74,6.54,FAILURE RISK
41.58,0.17,3.26,NORMAL
44.34,0.27,4.99,WARNING
89.64,0.67,11.38,FAILURE RISK
38.26,0.17,4.64,NORMAL
44.52,0.22,5.54,WARNING
53.28,0.83,7.59,FAILURE RISK
40.3,0.18,4.44,NORMAL
42.76,0.2,5.23,WARNING
88.66,0.55,7.44,FAILURE RISK
35.95,0.17,4.65,NORMAL
44.08,0.19,5.5,WARNING
69.33,0.3,6.22,FAILURE RISK
40.75,0.16,4.04,NORMAL
47.22,0.22,4.13,WARNING
85.07,0.66,11.17,FAILURE RISK
42.27,0.19,3.25,NORMAL
46.84,0.17,4.21,WARNING
77.87,0.85,5.31,FAILURE RISK
35.69,0.13,5.04,NORMAL
42.31,0.27,4.78,WARNING
74.49,0.85,11.7,FAILURE RISK
36.84,0.2,3.29,NORMAL
47.28,0.18,5.23,WARNING
74.82,0.36,10.3,FAILURE RISK
40.11,0.11,4.02,NORMAL
45.31,0.22,4.48,WARNING
86.08,0.34,7.3,FAILURE RISK
44.51,0.15,3.66,NORMAL
41.78,0.21,5.46,WARNING
56.57,0.93,4.64,FAILURE RISK
39.51,0.19,4.58,NORMAL
46.49,0.17,5.5,WARNING
73.56,0.28,7.8,FAILURE RISK
42.3,0.05,4.27,NORMAL
45.86,0.2,4.26,WARNING
84.57,0.26,9.95,FAILURE RISK
37.82,0.18,4.8,NORMAL
45.16,0.18,4.3,WARNING
63.08,0.29,5.98,FAILURE RISK
43.28,0.1,3.72,NORMAL
45.96,0.24,4.24,WARNING
62.03,0.53,7.7,FAILURE RISK
44.54,0.15,4.7,NORMAL
40.13,0.22,5.25,WARNING
76.0,0.67,9.69,FAILURE RISK
39.62,0.18,3.58,NORMAL
